[dotenv@17.2.3] injecting env (0) from .env.local -- tip: 🔄 add secrets lifecycle management: https://dotenvx.com/ops
✅ Loaded environment variables from .env.local
🚀 Starting Vehicle Data Population Script
==========================================

Configuration:
  Year Range: 2015 - 2026
  Makes: ALL (default popular makes)
  Populate Makes: false
  Populate Models: true
  Populate Engines: false

📋 Step 2: Fetching and populating vehicle models...
   Processing 4087 makes

   🔍 Fetching models for #1 ALPINE CUSTOMS...
      Found 1 models
      ✅ Added models for #1 ALPINE CUSTOMS

   🔍 Fetching models for 1/OFF KUSTOMS, LLC...
Error fetching models for 1/OFF KUSTOMS, LLC from NHTSA vPIC: SyntaxError: Unexpected token '<', "<!DOCTYPE "... is not valid JSON
    at JSON.parse (<anonymous>)
    at parseJSONFromBytes (node:internal/deps/undici/undici:5419:19)
    at successSteps (node:internal/deps/undici/undici:5390:27)
    at fullyReadBody (node:internal/deps/undici/undici:1501:9)
    at process.processTicksAndRejections (node:internal/process/task_queues:95:5)
    at async specConsumeBody (node:internal/deps/undici/undici:5399:7)
    at Object.getModelsForMake (C:\Users\tfort\Desktop\Projects\the-pickard\src\lib\nhtsa-vpic-api.ts:78:18)
    at populateModels (C:\Users\tfort\Desktop\Projects\the-pickard\scripts\populate-vehicle-data.ts:175:22)
    at main (C:\Users\tfort\Desktop\Projects\the-pickard\scripts\populate-vehicle-data.ts:353:7)
      Found 0 models
      ✅ Added models for 1/OFF KUSTOMS, LLC

   🔍 Fetching models for 102 IRONWORKS, INC....
Error fetching models for 102 IRONWORKS, INC. from NHTSA vPIC: SyntaxError: Unexpected token '<', "<!DOCTYPE "... is not valid JSON
    at JSON.parse (<anonymous>)
    at parseJSONFromBytes (node:internal/deps/undici/undici:5419:19)
    at successSteps (node:internal/deps/undici/undici:5390:27)
    at fullyReadBody (node:internal/deps/undici/undici:1501:9)
    at process.processTicksAndRejections (node:internal/process/task_queues:95:5)
    at async specConsumeBody (node:internal/deps/undici/undici:5399:7)
    at Object.getModelsForMake (C:\Users\tfort\Desktop\Projects\the-pickard\src\lib\nhtsa-vpic-api.ts:78:18)
    at populateModels (C:\Users\tfort\Desktop\Projects\the-pickard\scripts\populate-vehicle-data.ts:175:22)
    at main (C:\Users\tfort\Desktop\Projects\the-pickard\scripts\populate-vehicle-data.ts:353:7)
      Found 0 models
      ✅ Added models for 102 IRONWORKS, INC.

   🔍 Fetching models for 12832429 CANADA INC....
Error fetching models for 12832429 CANADA INC. from NHTSA vPIC: SyntaxError: Unexpected token '<', "<!DOCTYPE "... is not valid JSON
    at JSON.parse (<anonymous>)
    at parseJSONFromBytes (node:internal/deps/undici/undici:5419:19)
    at successSteps (node:internal/deps/undici/undici:5390:27)
    at fullyReadBody (node:internal/deps/undici/undici:1501:9)
    at process.processTicksAndRejections (node:internal/process/task_queues:95:5)
    at async specConsumeBody (node:internal/deps/undici/undici:5399:7)
    at Object.getModelsForMake (C:\Users\tfort\Desktop\Projects\the-pickard\src\lib\nhtsa-vpic-api.ts:78:18)
    at populateModels (C:\Users\tfort\Desktop\Projects\the-pickard\scripts\populate-vehicle-data.ts:175:22)
    at main (C:\Users\tfort\Desktop\Projects\the-pickard\scripts\populate-vehicle-data.ts:353:7)
      Found 0 models
      ✅ Added models for 12832429 CANADA INC.

   🔍 Fetching models for 137 INDUSTRIES INC....
Error fetching models for 137 INDUSTRIES INC. from NHTSA vPIC: SyntaxError: Unexpected token '<', "<!DOCTYPE "... is not valid JSON
    at JSON.parse (<anonymous>)
    at parseJSONFromBytes (node:internal/deps/undici/undici:5419:19)
    at successSteps (node:internal/deps/undici/undici:5390:27)
    at fullyReadBody (node:internal/deps/undici/undici:1501:9)
    at process.processTicksAndRejections (node:internal/process/task_queues:95:5)
    at async specConsumeBody (node:internal/deps/undici/undici:5399:7)
    at Object.getModelsForMake (C:\Users\tfort\Desktop\Projects\the-pickard\src\lib\nhtsa-vpic-api.ts:78:18)
    at populateModels (C:\Users\tfort\Desktop\Projects\the-pickard\scripts\populate-vehicle-data.ts:175:22)
    at main (C:\Users\tfort\Desktop\Projects\the-pickard\scripts\populate-vehicle-data.ts:353:7)
      Found 0 models
      ✅ Added models for 137 INDUSTRIES INC.

   🔍 Fetching models for 17 CREEK ENTERPRISES...
      Found 1 models
      ✅ Added models for 17 CREEK ENTERPRISES

   🔍 Fetching models for 1955 CUSTOM BELAIR...
      Found 1 models
      ✅ Added models for 1955 CUSTOM BELAIR

   🔍 Fetching models for 1M CUSTOM CAR TRANSPORTS, INC....
Error fetching models for 1M CUSTOM CAR TRANSPORTS, INC. from NHTSA vPIC: SyntaxError: Unexpected token '<', "<!DOCTYPE "... is not valid JSON
    at JSON.parse (<anonymous>)
    at parseJSONFromBytes (node:internal/deps/undici/undici:5419:19)
    at successSteps (node:internal/deps/undici/undici:5390:27)
    at fullyReadBody (node:internal/deps/undici/undici:1501:9)
    at process.processTicksAndRejections (node:internal/process/task_queues:95:5)
    at async specConsumeBody (node:internal/deps/undici/undici:5399:7)
    at Object.getModelsForMake (C:\Users\tfort\Desktop\Projects\the-pickard\src\lib\nhtsa-vpic-api.ts:78:18)
    at populateModels (C:\Users\tfort\Desktop\Projects\the-pickard\scripts\populate-vehicle-data.ts:175:22)
    at main (C:\Users\tfort\Desktop\Projects\the-pickard\scripts\populate-vehicle-data.ts:353:7)
      Found 0 models
      ✅ Added models for 1M CUSTOM CAR TRANSPORTS, INC.

   🔍 Fetching models for 1ST CHOICE MANUFACTURING INC...
      Found 1 models
      ✅ Added models for 1ST CHOICE MANUFACTURING INC

   🔍 Fetching models for 2 GOLDEN EAGLES...
      Found 1 models
      ✅ Added models for 2 GOLDEN EAGLES

   🔍 Fetching models for 2-G TRAILER CO LLC...
      Found 1 models
      ✅ Added models for 2-G TRAILER CO LLC

   🔍 Fetching models for 24/7 ONSITE CAMERAS INC...
Error fetching models for 24/7 ONSITE CAMERAS INC from NHTSA vPIC: SyntaxError: Unexpected token '<', "<!DOCTYPE "... is not valid JSON
    at JSON.parse (<anonymous>)
    at parseJSONFromBytes (node:internal/deps/undici/undici:5419:19)
    at successSteps (node:internal/deps/undici/undici:5390:27)
    at fullyReadBody (node:internal/deps/undici/undici:1501:9)
    at process.processTicksAndRejections (node:internal/process/task_queues:95:5)
    at async specConsumeBody (node:internal/deps/undici/undici:5399:7)
    at Object.getModelsForMake (C:\Users\tfort\Desktop\Projects\the-pickard\src\lib\nhtsa-vpic-api.ts:78:18)
    at populateModels (C:\Users\tfort\Desktop\Projects\the-pickard\scripts\populate-vehicle-data.ts:175:22)
    at main (C:\Users\tfort\Desktop\Projects\the-pickard\scripts\populate-vehicle-data.ts:353:7)
      Found 0 models
      ✅ Added models for 24/7 ONSITE CAMERAS INC

   🔍 Fetching models for 280 TRAILERS...
      Found 1 models
      ✅ Added models for 280 TRAILERS

   🔍 Fetching models for 3 CUSTOM SOLUTIONS...
      Found 1 models
      ✅ Added models for 3 CUSTOM SOLUTIONS

   🔍 Fetching models for 3 STAR MFG LTD...
      Found 1 models
      ✅ Added models for 3 STAR MFG LTD

   🔍 Fetching models for 3&1 ENTERPRISES, LLC DBA IMPACT TRAILERS...
      Found 1 models
      ✅ Added models for 3&1 ENTERPRISES, LLC DBA IMPACT TRAILERS

   🔍 Fetching models for 321TRAILERS...
      Found 1 models
      ✅ Added models for 321TRAILERS

   🔍 Fetching models for 33 EAST MAINTENANCE INC...
      Found 1 models
      ✅ Added models for 33 EAST MAINTENANCE INC

   🔍 Fetching models for 357 GOLF CARTS...
      Found 1 models
      ✅ Added models for 357 GOLF CARTS

   🔍 Fetching models for 36 FEET LLC...
      Found 1 models
      ✅ Added models for 36 FEET LLC

   🔍 Fetching models for 360 CUSTOM TRAILERS...
      Found 1 models
      ✅ Added models for 360 CUSTOM TRAILERS

   🔍 Fetching models for 3C CATTLE FEEDERS INC....
Error fetching models for 3C CATTLE FEEDERS INC. from NHTSA vPIC: SyntaxError: Unexpected token '<', "<!DOCTYPE "... is not valid JSON
    at JSON.parse (<anonymous>)
    at parseJSONFromBytes (node:internal/deps/undici/undici:5419:19)
    at successSteps (node:internal/deps/undici/undici:5390:27)
    at fullyReadBody (node:internal/deps/undici/undici:1501:9)
    at process.processTicksAndRejections (node:internal/process/task_queues:95:5)
    at async specConsumeBody (node:internal/deps/undici/undici:5399:7)
    at Object.getModelsForMake (C:\Users\tfort\Desktop\Projects\the-pickard\src\lib\nhtsa-vpic-api.ts:78:18)
    at populateModels (C:\Users\tfort\Desktop\Projects\the-pickard\scripts\populate-vehicle-data.ts:175:22)
    at main (C:\Users\tfort\Desktop\Projects\the-pickard\scripts\populate-vehicle-data.ts:353:7)
      Found 0 models
      ✅ Added models for 3C CATTLE FEEDERS INC.

   🔍 Fetching models for 3D CUSTOM ALUMINUM...
      Found 1 models
      ✅ Added models for 3D CUSTOM ALUMINUM

   🔍 Fetching models for 3M DYNAMIC MESSAGE SYSTEMS...
      Found 1 models
      ✅ Added models for 3M DYNAMIC MESSAGE SYSTEMS

   🔍 Fetching models for 3PLUSCOCO...
      Found 23 models
      ✅ Added models for 3PLUSCOCO

   🔍 Fetching models for 3T MFG....
Error fetching models for 3T MFG. from NHTSA vPIC: SyntaxError: Unexpected token '<', "<!DOCTYPE "... is not valid JSON
    at JSON.parse (<anonymous>)
    at parseJSONFromBytes (node:internal/deps/undici/undici:5419:19)
    at successSteps (node:internal/deps/undici/undici:5390:27)
    at fullyReadBody (node:internal/deps/undici/undici:1501:9)
    at process.processTicksAndRejections (node:internal/process/task_queues:95:5)
    at async specConsumeBody (node:internal/deps/undici/undici:5399:7)
    at Object.getModelsForMake (C:\Users\tfort\Desktop\Projects\the-pickard\src\lib\nhtsa-vpic-api.ts:78:18)
    at populateModels (C:\Users\tfort\Desktop\Projects\the-pickard\scripts\populate-vehicle-data.ts:175:22)
    at main (C:\Users\tfort\Desktop\Projects\the-pickard\scripts\populate-vehicle-data.ts:353:7)
      Found 0 models
      ✅ Added models for 3T MFG.

   🔍 Fetching models for 4 BOSS...
      Found 1 models
      ✅ Added models for 4 BOSS

   🔍 Fetching models for 4 STAR FABRICATION...
      Found 1 models
      ✅ Added models for 4 STAR FABRICATION

   🔍 Fetching models for 4 W ...
Error fetching models for 4 W  from NHTSA vPIC: SyntaxError: Unexpected token '<', "<!DOCTYPE "... is not valid JSON
    at JSON.parse (<anonymous>)
    at parseJSONFromBytes (node:internal/deps/undici/undici:5419:19)
    at successSteps (node:internal/deps/undici/undici:5390:27)
    at fullyReadBody (node:internal/deps/undici/undici:1501:9)
    at process.processTicksAndRejections (node:internal/process/task_queues:95:5)
    at async specConsumeBody (node:internal/deps/undici/undici:5399:7)
    at Object.getModelsForMake (C:\Users\tfort\Desktop\Projects\the-pickard\src\lib\nhtsa-vpic-api.ts:78:18)
    at populateModels (C:\Users\tfort\Desktop\Projects\the-pickard\scripts\populate-vehicle-data.ts:175:22)
    at main (C:\Users\tfort\Desktop\Projects\the-pickard\scripts\populate-vehicle-data.ts:353:7)
      Found 0 models
      ✅ Added models for 4 W 

   🔍 Fetching models for 4 WIDE...
      Found 1 models
      ✅ Added models for 4 WIDE

   🔍 Fetching models for 4 X 4 TRAILERS LTD...
      Found 1 models
      ✅ Added models for 4 X 4 TRAILERS LTD

   🔍 Fetching models for 4-STAR TRAILERS INC....
Error fetching models for 4-STAR TRAILERS INC. from NHTSA vPIC: SyntaxError: Unexpected token '<', "<!DOCTYPE "... is not valid JSON
    at JSON.parse (<anonymous>)
    at parseJSONFromBytes (node:internal/deps/undici/undici:5419:19)
    at successSteps (node:internal/deps/undici/undici:5390:27)
    at fullyReadBody (node:internal/deps/undici/undici:1501:9)
    at process.processTicksAndRejections (node:internal/process/task_queues:95:5)
    at async specConsumeBody (node:internal/deps/undici/undici:5399:7)
    at Object.getModelsForMake (C:\Users\tfort\Desktop\Projects\the-pickard\src\lib\nhtsa-vpic-api.ts:78:18)
    at populateModels (C:\Users\tfort\Desktop\Projects\the-pickard\scripts\populate-vehicle-data.ts:175:22)
    at main (C:\Users\tfort\Desktop\Projects\the-pickard\scripts\populate-vehicle-data.ts:353:7)
      Found 0 models
      ✅ Added models for 4-STAR TRAILERS INC.

   🔍 Fetching models for 41 SERIES...
      Found 1 models
      ✅ Added models for 41 SERIES

   🔍 Fetching models for 4L TRAILERS...
      Found 1 models
      ✅ Added models for 4L TRAILERS

   🔍 Fetching models for 4M FARM & TRAILER SALES...
      Found 1 models
      ✅ Added models for 4M FARM & TRAILER SALES

   🔍 Fetching models for 5 STARR TRAILER COMPANY, INC...
      Found 1 models
      ✅ Added models for 5 STARR TRAILER COMPANY, INC

   🔍 Fetching models for 505 FABRICATION...
      Found 1 models
      ✅ Added models for 505 FABRICATION

   🔍 Fetching models for 5280 TRAILERWORKS...
      Found 1 models
      ✅ Added models for 5280 TRAILERWORKS

   🔍 Fetching models for 55 GRILLS...
      Found 1 models
      ✅ Added models for 55 GRILLS

   🔍 Fetching models for 58TH STREET CUSTOMS...
      Found 1 models
      ✅ Added models for 58TH STREET CUSTOMS

   🔍 Fetching models for 5G MODULAR...
      Found 1 models
      ✅ Added models for 5G MODULAR

   🔍 Fetching models for 5JS WELDING...
      Found 1 models
      ✅ Added models for 5JS WELDING

   🔍 Fetching models for 5M TRAILERS...
      Found 1 models
      ✅ Added models for 5M TRAILERS

   🔍 Fetching models for 5R RANCH TRAILERS...
      Found 1 models
      ✅ Added models for 5R RANCH TRAILERS

   🔍 Fetching models for 6 & 34 TRAILERS & MFG, INC....
Error fetching models for 6 & 34 TRAILERS & MFG, INC. from NHTSA vPIC: SyntaxError: Unexpected token '<', "<!DOCTYPE "... is not valid JSON
    at JSON.parse (<anonymous>)
    at parseJSONFromBytes (node:internal/deps/undici/undici:5419:19)
    at successSteps (node:internal/deps/undici/undici:5390:27)
    at fullyReadBody (node:internal/deps/undici/undici:1501:9)
    at process.processTicksAndRejections (node:internal/process/task_queues:95:5)
    at async specConsumeBody (node:internal/deps/undici/undici:5399:7)
    at Object.getModelsForMake (C:\Users\tfort\Desktop\Projects\the-pickard\src\lib\nhtsa-vpic-api.ts:78:18)
    at populateModels (C:\Users\tfort\Desktop\Projects\the-pickard\scripts\populate-vehicle-data.ts:175:22)
    at main (C:\Users\tfort\Desktop\Projects\the-pickard\scripts\populate-vehicle-data.ts:353:7)
      Found 0 models
      ✅ Added models for 6 & 34 TRAILERS & MFG, INC.

   🔍 Fetching models for 6186433 MB LTD / IRONMEN INDUSTRIES...
Error fetching models for 6186433 MB LTD / IRONMEN INDUSTRIES from NHTSA vPIC: SyntaxError: Unexpected token '<', "<!DOCTYPE "... is not valid JSON
    at JSON.parse (<anonymous>)
    at parseJSONFromBytes (node:internal/deps/undici/undici:5419:19)
    at successSteps (node:internal/deps/undici/undici:5390:27)
    at fullyReadBody (node:internal/deps/undici/undici:1501:9)
    at process.processTicksAndRejections (node:internal/process/task_queues:95:5)
    at async specConsumeBody (node:internal/deps/undici/undici:5399:7)
    at Object.getModelsForMake (C:\Users\tfort\Desktop\Projects\the-pickard\src\lib\nhtsa-vpic-api.ts:78:18)
    at populateModels (C:\Users\tfort\Desktop\Projects\the-pickard\scripts\populate-vehicle-data.ts:175:22)
    at main (C:\Users\tfort\Desktop\Projects\the-pickard\scripts\populate-vehicle-data.ts:353:7)
      Found 0 models
      ✅ Added models for 6186433 MB LTD / IRONMEN INDUSTRIES

   🔍 Fetching models for 62DNC TRAILER...
      Found 1 models
      ✅ Added models for 62DNC TRAILER

   🔍 Fetching models for 643 ENTERPRISE...
      Found 1 models
      ✅ Added models for 643 ENTERPRISE

   🔍 Fetching models for 7 ENERGY...
      Found 1 models
      ✅ Added models for 7 ENERGY

   🔍 Fetching models for 7 SEAS TRAILERS...
      Found 1 models
      ✅ Added models for 7 SEAS TRAILERS

   🔍 Fetching models for 7 SONS CONSTRUCTION...
      Found 1 models
      ✅ Added models for 7 SONS CONSTRUCTION

   🔍 Fetching models for 702 TRAILER'S & WELDING LLC...
      Found 1 models
      ✅ Added models for 702 TRAILER'S & WELDING LLC

   🔍 Fetching models for 79BIKE...
      Found 2 models
      ✅ Added models for 79BIKE

   🔍 Fetching models for 7X OFFROAD...
      Found 1 models
      ✅ Added models for 7X OFFROAD

   🔍 Fetching models for 801 TRAILER MANUFACTURING...
      Found 1 models
      ✅ Added models for 801 TRAILER MANUFACTURING

   🔍 Fetching models for 818...
      Found 1 models
      ✅ Added models for 818

   🔍 Fetching models for 9149-0847 QUEBEC INC....
Error fetching models for 9149-0847 QUEBEC INC. from NHTSA vPIC: SyntaxError: Unexpected token '<', "<!DOCTYPE "... is not valid JSON
    at JSON.parse (<anonymous>)
    at parseJSONFromBytes (node:internal/deps/undici/undici:5419:19)
    at successSteps (node:internal/deps/undici/undici:5390:27)
    at fullyReadBody (node:internal/deps/undici/undici:1501:9)
    at process.processTicksAndRejections (node:internal/process/task_queues:95:5)
    at async specConsumeBody (node:internal/deps/undici/undici:5399:7)
    at Object.getModelsForMake (C:\Users\tfort\Desktop\Projects\the-pickard\src\lib\nhtsa-vpic-api.ts:78:18)
    at populateModels (C:\Users\tfort\Desktop\Projects\the-pickard\scripts\populate-vehicle-data.ts:175:22)
    at main (C:\Users\tfort\Desktop\Projects\the-pickard\scripts\populate-vehicle-data.ts:353:7)
      Found 0 models
      ✅ Added models for 9149-0847 QUEBEC INC.

   🔍 Fetching models for A & A MANUFACTURING...
      Found 1 models
      ✅ Added models for A & A MANUFACTURING

   🔍 Fetching models for A & B INDUSTRIES...
      Found 1 models
      ✅ Added models for A & B INDUSTRIES

   🔍 Fetching models for A & D COMPANY...
      Found 1 models
      ✅ Added models for A & D COMPANY

   🔍 Fetching models for A & E FABRICATORS...
      Found 1 models
      ✅ Added models for A & E FABRICATORS

   🔍 Fetching models for A & E TRAILERS...
      Found 1 models
      ✅ Added models for A & E TRAILERS

   🔍 Fetching models for A & F TRAILER MFG INC...
      Found 1 models
      ✅ Added models for A & F TRAILER MFG INC

   🔍 Fetching models for A & H...
      Found 1 models
      ✅ Added models for A & H

   🔍 Fetching models for A & K TRAILERS...
      Found 1 models
      ✅ Added models for A & K TRAILERS

   🔍 Fetching models for A & L SMOKERS...
      Found 1 models
      ✅ Added models for A & L SMOKERS

   🔍 Fetching models for A & L TRAILERS...
      Found 1 models
      ✅ Added models for A & L TRAILERS

   🔍 Fetching models for A & M FABRICATIONS...
      Found 1 models
      ✅ Added models for A & M FABRICATIONS

   🔍 Fetching models for A & R CUSTOM TRAILERS...
      Found 1 models
      ✅ Added models for A & R CUSTOM TRAILERS

   🔍 Fetching models for A & V TRAILERS...
      Found 1 models
      ✅ Added models for A & V TRAILERS

   🔍 Fetching models for A & W TRAILOR MANUFACTURE...
      Found 1 models
      ✅ Added models for A & W TRAILOR MANUFACTURE

   🔍 Fetching models for A BAR K TRAILERS...
      Found 1 models
      ✅ Added models for A BAR K TRAILERS

   🔍 Fetching models for A SMITH GT BENTLEY...
      Found 1 models
      ✅ Added models for A SMITH GT BENTLEY

   🔍 Fetching models for A TEAM TRAILERS, LTD....
Error fetching models for A TEAM TRAILERS, LTD. from NHTSA vPIC: SyntaxError: Unexpected token '<', "<!DOCTYPE "... is not valid JSON
    at JSON.parse (<anonymous>)
    at parseJSONFromBytes (node:internal/deps/undici/undici:5419:19)
    at successSteps (node:internal/deps/undici/undici:5390:27)
    at fullyReadBody (node:internal/deps/undici/undici:1501:9)
    at process.processTicksAndRejections (node:internal/process/task_queues:95:5)
    at async specConsumeBody (node:internal/deps/undici/undici:5399:7)
    at Object.getModelsForMake (C:\Users\tfort\Desktop\Projects\the-pickard\src\lib\nhtsa-vpic-api.ts:78:18)
    at populateModels (C:\Users\tfort\Desktop\Projects\the-pickard\scripts\populate-vehicle-data.ts:175:22)
    at main (C:\Users\tfort\Desktop\Projects\the-pickard\scripts\populate-vehicle-data.ts:353:7)
      Found 0 models
      ✅ Added models for A TEAM TRAILERS, LTD.

   🔍 Fetching models for A TO Z AUTO...
      Found 1 models
      ✅ Added models for A TO Z AUTO

   🔍 Fetching models for A TO Z METAL WORKS CO....
Error fetching models for A TO Z METAL WORKS CO. from NHTSA vPIC: SyntaxError: Unexpected token '<', "<!DOCTYPE "... is not valid JSON
    at JSON.parse (<anonymous>)
    at parseJSONFromBytes (node:internal/deps/undici/undici:5419:19)
    at successSteps (node:internal/deps/undici/undici:5390:27)
    at fullyReadBody (node:internal/deps/undici/undici:1501:9)
    at process.processTicksAndRejections (node:internal/process/task_queues:95:5)
    at async specConsumeBody (node:internal/deps/undici/undici:5399:7)
    at Object.getModelsForMake (C:\Users\tfort\Desktop\Projects\the-pickard\src\lib\nhtsa-vpic-api.ts:78:18)
    at populateModels (C:\Users\tfort\Desktop\Projects\the-pickard\scripts\populate-vehicle-data.ts:175:22)
    at main (C:\Users\tfort\Desktop\Projects\the-pickard\scripts\populate-vehicle-data.ts:353:7)
      Found 0 models
      ✅ Added models for A TO Z METAL WORKS CO.

   🔍 Fetching models for A TRINITY TRAILER...
      Found 1 models
      ✅ Added models for A TRINITY TRAILER

   🔍 Fetching models for A&A STEEL ENTERPRISES LTD....
Error fetching models for A&A STEEL ENTERPRISES LTD. from NHTSA vPIC: SyntaxError: Unexpected token '<', "<!DOCTYPE "... is not valid JSON
    at JSON.parse (<anonymous>)
    at parseJSONFromBytes (node:internal/deps/undici/undici:5419:19)
    at successSteps (node:internal/deps/undici/undici:5390:27)
    at fullyReadBody (node:internal/deps/undici/undici:1501:9)
    at process.processTicksAndRejections (node:internal/process/task_queues:95:5)
    at async specConsumeBody (node:internal/deps/undici/undici:5399:7)
    at Object.getModelsForMake (C:\Users\tfort\Desktop\Projects\the-pickard\src\lib\nhtsa-vpic-api.ts:78:18)
    at populateModels (C:\Users\tfort\Desktop\Projects\the-pickard\scripts\populate-vehicle-data.ts:175:22)
    at main (C:\Users\tfort\Desktop\Projects\the-pickard\scripts\populate-vehicle-data.ts:353:7)
      Found 0 models
      ✅ Added models for A&A STEEL ENTERPRISES LTD.

   🔍 Fetching models for A&D ...
Error fetching models for A&D  from NHTSA vPIC: SyntaxError: Unexpected token '<', "<!DOCTYPE "... is not valid JSON
    at JSON.parse (<anonymous>)
    at parseJSONFromBytes (node:internal/deps/undici/undici:5419:19)
    at successSteps (node:internal/deps/undici/undici:5390:27)
    at fullyReadBody (node:internal/deps/undici/undici:1501:9)
    at process.processTicksAndRejections (node:internal/process/task_queues:95:5)
    at async specConsumeBody (node:internal/deps/undici/undici:5399:7)
    at Object.getModelsForMake (C:\Users\tfort\Desktop\Projects\the-pickard\src\lib\nhtsa-vpic-api.ts:78:18)
    at populateModels (C:\Users\tfort\Desktop\Projects\the-pickard\scripts\populate-vehicle-data.ts:175:22)
    at main (C:\Users\tfort\Desktop\Projects\the-pickard\scripts\populate-vehicle-data.ts:353:7)
      Found 0 models
      ✅ Added models for A&D 

   🔍 Fetching models for A&M TRAILER LLC...
      Found 1 models
      ✅ Added models for A&M TRAILER LLC

   🔍 Fetching models for A&P WELDING...
      Found 1 models
      ✅ Added models for A&P WELDING

   🔍 Fetching models for A&R ECONOMY CARGO TRAILERS...
      Found 1 models
      ✅ Added models for A&R ECONOMY CARGO TRAILERS

   🔍 Fetching models for A-1 CUSTOM TRAILER AKA TOW MASTER...
      Found 1 models
      ✅ Added models for A-1 CUSTOM TRAILER AKA TOW MASTER

   🔍 Fetching models for A-1 HITCH & TRAILER SALES, INC....
Error fetching models for A-1 HITCH & TRAILER SALES, INC. from NHTSA vPIC: SyntaxError: Unexpected token '<', "<!DOCTYPE "... is not valid JSON
    at JSON.parse (<anonymous>)
    at parseJSONFromBytes (node:internal/deps/undici/undici:5419:19)
    at successSteps (node:internal/deps/undici/undici:5390:27)
    at fullyReadBody (node:internal/deps/undici/undici:1501:9)
    at process.processTicksAndRejections (node:internal/process/task_queues:95:5)
    at async specConsumeBody (node:internal/deps/undici/undici:5399:7)
    at Object.getModelsForMake (C:\Users\tfort\Desktop\Projects\the-pickard\src\lib\nhtsa-vpic-api.ts:78:18)
    at populateModels (C:\Users\tfort\Desktop\Projects\the-pickard\scripts\populate-vehicle-data.ts:175:22)
    at main (C:\Users\tfort\Desktop\Projects\the-pickard\scripts\populate-vehicle-data.ts:353:7)
      Found 0 models
      ✅ Added models for A-1 HITCH & TRAILER SALES, INC.

   🔍 Fetching models for A-1 TRUCK REPAIR...
      Found 1 models
      ✅ Added models for A-1 TRUCK REPAIR

   🔍 Fetching models for A-BAR-D MFG....
Error fetching models for A-BAR-D MFG. from NHTSA vPIC: SyntaxError: Unexpected token '<', "<!DOCTYPE "... is not valid JSON
    at JSON.parse (<anonymous>)
    at parseJSONFromBytes (node:internal/deps/undici/undici:5419:19)
    at successSteps (node:internal/deps/undici/undici:5390:27)
    at fullyReadBody (node:internal/deps/undici/undici:1501:9)
    at process.processTicksAndRejections (node:internal/process/task_queues:95:5)
    at async specConsumeBody (node:internal/deps/undici/undici:5399:7)
    at Object.getModelsForMake (C:\Users\tfort\Desktop\Projects\the-pickard\src\lib\nhtsa-vpic-api.ts:78:18)
    at populateModels (C:\Users\tfort\Desktop\Projects\the-pickard\scripts\populate-vehicle-data.ts:175:22)
    at main (C:\Users\tfort\Desktop\Projects\the-pickard\scripts\populate-vehicle-data.ts:353:7)
      Found 0 models
      ✅ Added models for A-BAR-D MFG.

   🔍 Fetching models for A-N-S MANUFACTURING, INC....
Error fetching models for A-N-S MANUFACTURING, INC. from NHTSA vPIC: SyntaxError: Unexpected token '<', "<!DOCTYPE "... is not valid JSON
    at JSON.parse (<anonymous>)
    at parseJSONFromBytes (node:internal/deps/undici/undici:5419:19)
    at successSteps (node:internal/deps/undici/undici:5390:27)
    at fullyReadBody (node:internal/deps/undici/undici:1501:9)
    at process.processTicksAndRejections (node:internal/process/task_queues:95:5)
    at async specConsumeBody (node:internal/deps/undici/undici:5399:7)
    at Object.getModelsForMake (C:\Users\tfort\Desktop\Projects\the-pickard\src\lib\nhtsa-vpic-api.ts:78:18)
    at populateModels (C:\Users\tfort\Desktop\Projects\the-pickard\scripts\populate-vehicle-data.ts:175:22)
    at main (C:\Users\tfort\Desktop\Projects\the-pickard\scripts\populate-vehicle-data.ts:353:7)
      Found 0 models
      ✅ Added models for A-N-S MANUFACTURING, INC.

   🔍 Fetching models for A. B. CHANCE COMPANY...
Error fetching models for A. B. CHANCE COMPANY from NHTSA vPIC: SyntaxError: Unexpected token '<', "<!DOCTYPE "... is not valid JSON
    at JSON.parse (<anonymous>)
    at parseJSONFromBytes (node:internal/deps/undici/undici:5419:19)
    at successSteps (node:internal/deps/undici/undici:5390:27)
    at fullyReadBody (node:internal/deps/undici/undici:1501:9)
    at process.processTicksAndRejections (node:internal/process/task_queues:95:5)
    at async specConsumeBody (node:internal/deps/undici/undici:5399:7)
    at Object.getModelsForMake (C:\Users\tfort\Desktop\Projects\the-pickard\src\lib\nhtsa-vpic-api.ts:78:18)
    at populateModels (C:\Users\tfort\Desktop\Projects\the-pickard\scripts\populate-vehicle-data.ts:175:22)
    at main (C:\Users\tfort\Desktop\Projects\the-pickard\scripts\populate-vehicle-data.ts:353:7)
      Found 0 models
      ✅ Added models for A. B. CHANCE COMPANY

   🔍 Fetching models for A. BERGMAN...
Error fetching models for A. BERGMAN from NHTSA vPIC: SyntaxError: Unexpected token '<', "<!DOCTYPE "... is not valid JSON
    at JSON.parse (<anonymous>)
    at parseJSONFromBytes (node:internal/deps/undici/undici:5419:19)
    at successSteps (node:internal/deps/undici/undici:5390:27)
    at fullyReadBody (node:internal/deps/undici/undici:1501:9)
    at process.processTicksAndRejections (node:internal/process/task_queues:95:5)
    at async specConsumeBody (node:internal/deps/undici/undici:5399:7)
    at Object.getModelsForMake (C:\Users\tfort\Desktop\Projects\the-pickard\src\lib\nhtsa-vpic-api.ts:78:18)
    at populateModels (C:\Users\tfort\Desktop\Projects\the-pickard\scripts\populate-vehicle-data.ts:175:22)
    at main (C:\Users\tfort\Desktop\Projects\the-pickard\scripts\populate-vehicle-data.ts:353:7)
      Found 0 models
      ✅ Added models for A. BERGMAN

   🔍 Fetching models for A.A. TRAILER...
Error fetching models for A.A. TRAILER from NHTSA vPIC: SyntaxError: Unexpected token '<', "<!DOCTYPE "... is not valid JSON
    at JSON.parse (<anonymous>)
    at parseJSONFromBytes (node:internal/deps/undici/undici:5419:19)
    at successSteps (node:internal/deps/undici/undici:5390:27)
    at fullyReadBody (node:internal/deps/undici/undici:1501:9)
    at process.processTicksAndRejections (node:internal/process/task_queues:95:5)
    at async specConsumeBody (node:internal/deps/undici/undici:5399:7)
    at Object.getModelsForMake (C:\Users\tfort\Desktop\Projects\the-pickard\src\lib\nhtsa-vpic-api.ts:78:18)
    at populateModels (C:\Users\tfort\Desktop\Projects\the-pickard\scripts\populate-vehicle-data.ts:175:22)
    at main (C:\Users\tfort\Desktop\Projects\the-pickard\scripts\populate-vehicle-data.ts:353:7)
      Found 0 models
      ✅ Added models for A.A. TRAILER

   🔍 Fetching models for A.G.A EL AMIGUITO...
Error fetching models for A.G.A EL AMIGUITO from NHTSA vPIC: SyntaxError: Unexpected token '<', "<!DOCTYPE "... is not valid JSON
    at JSON.parse (<anonymous>)
    at parseJSONFromBytes (node:internal/deps/undici/undici:5419:19)
    at successSteps (node:internal/deps/undici/undici:5390:27)
    at fullyReadBody (node:internal/deps/undici/undici:1501:9)
    at process.processTicksAndRejections (node:internal/process/task_queues:95:5)
    at async specConsumeBody (node:internal/deps/undici/undici:5399:7)
    at Object.getModelsForMake (C:\Users\tfort\Desktop\Projects\the-pickard\src\lib\nhtsa-vpic-api.ts:78:18)
    at populateModels (C:\Users\tfort\Desktop\Projects\the-pickard\scripts\populate-vehicle-data.ts:175:22)
    at main (C:\Users\tfort\Desktop\Projects\the-pickard\scripts\populate-vehicle-data.ts:353:7)
      Found 0 models
      ✅ Added models for A.G.A EL AMIGUITO

   🔍 Fetching models for A.N. BOWLING...
Error fetching models for A.N. BOWLING from NHTSA vPIC: SyntaxError: Unexpected token '<', "<!DOCTYPE "... is not valid JSON
    at JSON.parse (<anonymous>)
    at parseJSONFromBytes (node:internal/deps/undici/undici:5419:19)
    at successSteps (node:internal/deps/undici/undici:5390:27)
    at fullyReadBody (node:internal/deps/undici/undici:1501:9)
    at process.processTicksAndRejections (node:internal/process/task_queues:95:5)
    at async specConsumeBody (node:internal/deps/undici/undici:5399:7)
    at Object.getModelsForMake (C:\Users\tfort\Desktop\Projects\the-pickard\src\lib\nhtsa-vpic-api.ts:78:18)
    at populateModels (C:\Users\tfort\Desktop\Projects\the-pickard\scripts\populate-vehicle-data.ts:175:22)
    at main (C:\Users\tfort\Desktop\Projects\the-pickard\scripts\populate-vehicle-data.ts:353:7)
      Found 0 models
      ✅ Added models for A.N. BOWLING

   🔍 Fetching models for A.P.C. MOTOR COMPANY...
Error fetching models for A.P.C. MOTOR COMPANY from NHTSA vPIC: SyntaxError: Unexpected token '<', "<!DOCTYPE "... is not valid JSON
    at JSON.parse (<anonymous>)
    at parseJSONFromBytes (node:internal/deps/undici/undici:5419:19)
    at successSteps (node:internal/deps/undici/undici:5390:27)
    at fullyReadBody (node:internal/deps/undici/undici:1501:9)
    at process.processTicksAndRejections (node:internal/process/task_queues:95:5)
    at async specConsumeBody (node:internal/deps/undici/undici:5399:7)
    at Object.getModelsForMake (C:\Users\tfort\Desktop\Projects\the-pickard\src\lib\nhtsa-vpic-api.ts:78:18)
    at populateModels (C:\Users\tfort\Desktop\Projects\the-pickard\scripts\populate-vehicle-data.ts:175:22)
    at main (C:\Users\tfort\Desktop\Projects\the-pickard\scripts\populate-vehicle-data.ts:353:7)
      Found 0 models
      ✅ Added models for A.P.C. MOTOR COMPANY

   🔍 Fetching models for A.P.E, INC...
Error fetching models for A.P.E, INC from NHTSA vPIC: SyntaxError: Unexpected token '<', "<!DOCTYPE "... is not valid JSON
    at JSON.parse (<anonymous>)
    at parseJSONFromBytes (node:internal/deps/undici/undici:5419:19)
    at successSteps (node:internal/deps/undici/undici:5390:27)
    at fullyReadBody (node:internal/deps/undici/undici:1501:9)
    at process.processTicksAndRejections (node:internal/process/task_queues:95:5)
    at async specConsumeBody (node:internal/deps/undici/undici:5399:7)
    at Object.getModelsForMake (C:\Users\tfort\Desktop\Projects\the-pickard\src\lib\nhtsa-vpic-api.ts:78:18)
    at populateModels (C:\Users\tfort\Desktop\Projects\the-pickard\scripts\populate-vehicle-data.ts:175:22)
    at main (C:\Users\tfort\Desktop\Projects\the-pickard\scripts\populate-vehicle-data.ts:353:7)
      Found 0 models
      ✅ Added models for A.P.E, INC

   🔍 Fetching models for A.Q. MANUFACTURING...
Error fetching models for A.Q. MANUFACTURING from NHTSA vPIC: SyntaxError: Unexpected token '<', "<!DOCTYPE "... is not valid JSON
    at JSON.parse (<anonymous>)
    at parseJSONFromBytes (node:internal/deps/undici/undici:5419:19)
    at successSteps (node:internal/deps/undici/undici:5390:27)
    at fullyReadBody (node:internal/deps/undici/undici:1501:9)
    at process.processTicksAndRejections (node:internal/process/task_queues:95:5)
    at async specConsumeBody (node:internal/deps/undici/undici:5399:7)
    at Object.getModelsForMake (C:\Users\tfort\Desktop\Projects\the-pickard\src\lib\nhtsa-vpic-api.ts:78:18)
    at populateModels (C:\Users\tfort\Desktop\Projects\the-pickard\scripts\populate-vehicle-data.ts:175:22)
    at main (C:\Users\tfort\Desktop\Projects\the-pickard\scripts\populate-vehicle-data.ts:353:7)
      Found 0 models
      ✅ Added models for A.Q. MANUFACTURING

   🔍 Fetching models for A.R. SERVICES...
Error fetching models for A.R. SERVICES from NHTSA vPIC: SyntaxError: Unexpected token '<', "<!DOCTYPE "... is not valid JSON
    at JSON.parse (<anonymous>)
    at parseJSONFromBytes (node:internal/deps/undici/undici:5419:19)
    at successSteps (node:internal/deps/undici/undici:5390:27)
    at fullyReadBody (node:internal/deps/undici/undici:1501:9)
    at process.processTicksAndRejections (node:internal/process/task_queues:95:5)
    at async specConsumeBody (node:internal/deps/undici/undici:5399:7)
    at Object.getModelsForMake (C:\Users\tfort\Desktop\Projects\the-pickard\src\lib\nhtsa-vpic-api.ts:78:18)
    at populateModels (C:\Users\tfort\Desktop\Projects\the-pickard\scripts\populate-vehicle-data.ts:175:22)
    at main (C:\Users\tfort\Desktop\Projects\the-pickard\scripts\populate-vehicle-data.ts:353:7)
      Found 0 models
      ✅ Added models for A.R. SERVICES

   🔍 Fetching models for A.R.M....
Error fetching models for A.R.M. from NHTSA vPIC: SyntaxError: Unexpected token '<', "<!DOCTYPE "... is not valid JSON
    at JSON.parse (<anonymous>)
    at parseJSONFromBytes (node:internal/deps/undici/undici:5419:19)
    at successSteps (node:internal/deps/undici/undici:5390:27)
    at fullyReadBody (node:internal/deps/undici/undici:1501:9)
    at process.processTicksAndRejections (node:internal/process/task_queues:95:5)
    at async specConsumeBody (node:internal/deps/undici/undici:5399:7)
    at Object.getModelsForMake (C:\Users\tfort\Desktop\Projects\the-pickard\src\lib\nhtsa-vpic-api.ts:78:18)
    at populateModels (C:\Users\tfort\Desktop\Projects\the-pickard\scripts\populate-vehicle-data.ts:175:22)
    at main (C:\Users\tfort\Desktop\Projects\the-pickard\scripts\populate-vehicle-data.ts:353:7)
      Found 0 models
      ✅ Added models for A.R.M.

   🔍 Fetching models for A.S.C....
Error fetching models for A.S.C. from NHTSA vPIC: SyntaxError: Unexpected token '<', "<!DOCTYPE "... is not valid JSON
    at JSON.parse (<anonymous>)
    at parseJSONFromBytes (node:internal/deps/undici/undici:5419:19)
    at successSteps (node:internal/deps/undici/undici:5390:27)
    at fullyReadBody (node:internal/deps/undici/undici:1501:9)
    at process.processTicksAndRejections (node:internal/process/task_queues:95:5)
    at async specConsumeBody (node:internal/deps/undici/undici:5399:7)
    at Object.getModelsForMake (C:\Users\tfort\Desktop\Projects\the-pickard\src\lib\nhtsa-vpic-api.ts:78:18)
    at populateModels (C:\Users\tfort\Desktop\Projects\the-pickard\scripts\populate-vehicle-data.ts:175:22)
    at main (C:\Users\tfort\Desktop\Projects\the-pickard\scripts\populate-vehicle-data.ts:353:7)
      Found 0 models
      ✅ Added models for A.S.C.

   🔍 Fetching models for A.T.M....
Error fetching models for A.T.M. from NHTSA vPIC: SyntaxError: Unexpected token '<', "<!DOCTYPE "... is not valid JSON
    at JSON.parse (<anonymous>)
    at parseJSONFromBytes (node:internal/deps/undici/undici:5419:19)
    at successSteps (node:internal/deps/undici/undici:5390:27)
    at fullyReadBody (node:internal/deps/undici/undici:1501:9)
    at process.processTicksAndRejections (node:internal/process/task_queues:95:5)
    at async specConsumeBody (node:internal/deps/undici/undici:5399:7)
    at Object.getModelsForMake (C:\Users\tfort\Desktop\Projects\the-pickard\src\lib\nhtsa-vpic-api.ts:78:18)
    at populateModels (C:\Users\tfort\Desktop\Projects\the-pickard\scripts\populate-vehicle-data.ts:175:22)
    at main (C:\Users\tfort\Desktop\Projects\the-pickard\scripts\populate-vehicle-data.ts:353:7)
      Found 0 models
      ✅ Added models for A.T.M.

   🔍 Fetching models for A.V. TRAILERS L.L.C....
Error fetching models for A.V. TRAILERS L.L.C. from NHTSA vPIC: SyntaxError: Unexpected token '<', "<!DOCTYPE "... is not valid JSON
    at JSON.parse (<anonymous>)
    at parseJSONFromBytes (node:internal/deps/undici/undici:5419:19)
    at successSteps (node:internal/deps/undici/undici:5390:27)
    at fullyReadBody (node:internal/deps/undici/undici:1501:9)
    at process.processTicksAndRejections (node:internal/process/task_queues:95:5)
    at async specConsumeBody (node:internal/deps/undici/undici:5399:7)
    at Object.getModelsForMake (C:\Users\tfort\Desktop\Projects\the-pickard\src\lib\nhtsa-vpic-api.ts:78:18)
    at populateModels (C:\Users\tfort\Desktop\Projects\the-pickard\scripts\populate-vehicle-data.ts:175:22)
    at main (C:\Users\tfort\Desktop\Projects\the-pickard\scripts\populate-vehicle-data.ts:353:7)
      Found 0 models
      ✅ Added models for A.V. TRAILERS L.L.C.

   🔍 Fetching models for A1 CYCLES...
      Found 1 models
      ✅ Added models for A1 CYCLES

   🔍 Fetching models for A1 FOOD TRUCK DEPOT LLC...
      Found 3 models
      ✅ Added models for A1 FOOD TRUCK DEPOT LLC

   🔍 Fetching models for A2M2 TRAILERS...
      Found 1 models
      ✅ Added models for A2M2 TRAILERS

   🔍 Fetching models for A2Z...
      Found 1 models
      ✅ Added models for A2Z

   🔍 Fetching models for AA MUFFLER AND WELDING...
      Found 1 models
      ✅ Added models for AA MUFFLER AND WELDING

   🔍 Fetching models for AA SCREEN SUPPLY...
      Found 1 models
      ✅ Added models for AA SCREEN SUPPLY

   🔍 Fetching models for AA WELDING...
      Found 1 models
      ✅ Added models for AA WELDING

   🔍 Fetching models for AAA MARINE...
      Found 1 models
      ✅ Added models for AAA MARINE

   🔍 Fetching models for AAA TINY HOME...
      Found 1 models
      ✅ Added models for AAA TINY HOME

   🔍 Fetching models for AAA TRAILER SALES LLC...
      Found 1 models
      ✅ Added models for AAA TRAILER SALES LLC

   🔍 Fetching models for AACI...
      Found 1 models
      ✅ Added models for AACI

   🔍 Fetching models for AAD WELDING, INC....
Error fetching models for AAD WELDING, INC. from NHTSA vPIC: SyntaxError: Unexpected token '<', "<!DOCTYPE "... is not valid JSON
    at JSON.parse (<anonymous>)
    at parseJSONFromBytes (node:internal/deps/undici/undici:5419:19)
    at successSteps (node:internal/deps/undici/undici:5390:27)
    at fullyReadBody (node:internal/deps/undici/undici:1501:9)
    at process.processTicksAndRejections (node:internal/process/task_queues:95:5)
    at async specConsumeBody (node:internal/deps/undici/undici:5399:7)
    at Object.getModelsForMake (C:\Users\tfort\Desktop\Projects\the-pickard\src\lib\nhtsa-vpic-api.ts:78:18)
    at populateModels (C:\Users\tfort\Desktop\Projects\the-pickard\scripts\populate-vehicle-data.ts:175:22)
    at main (C:\Users\tfort\Desktop\Projects\the-pickard\scripts\populate-vehicle-data.ts:353:7)
      Found 0 models
      ✅ Added models for AAD WELDING, INC.

   🔍 Fetching models for AAPEX TRAILERS INC...
      Found 1 models
      ✅ Added models for AAPEX TRAILERS INC

   🔍 Fetching models for AAR WELDING...
      Found 1 models
      ✅ Added models for AAR WELDING

   🔍 Fetching models for AARON WORLDWIDE MACHINE CO., INC....
Error fetching models for AARON WORLDWIDE MACHINE CO., INC. from NHTSA vPIC: SyntaxError: Unexpected token '<', "<!DOCTYPE "... is not valid JSON
    at JSON.parse (<anonymous>)
    at parseJSONFromBytes (node:internal/deps/undici/undici:5419:19)
    at successSteps (node:internal/deps/undici/undici:5390:27)
    at fullyReadBody (node:internal/deps/undici/undici:1501:9)
    at process.processTicksAndRejections (node:internal/process/task_queues:95:5)
    at async specConsumeBody (node:internal/deps/undici/undici:5399:7)
    at Object.getModelsForMake (C:\Users\tfort\Desktop\Projects\the-pickard\src\lib\nhtsa-vpic-api.ts:78:18)
    at populateModels (C:\Users\tfort\Desktop\Projects\the-pickard\scripts\populate-vehicle-data.ts:175:22)
    at main (C:\Users\tfort\Desktop\Projects\the-pickard\scripts\populate-vehicle-data.ts:353:7)
      Found 0 models
      ✅ Added models for AARON WORLDWIDE MACHINE CO., INC.

   🔍 Fetching models for AAS...
      Found 8 models
      ✅ Added models for AAS

   🔍 Fetching models for ABASTECEDORA DE TRACTOPARTES Y REFACCIONES...
      Found 1 models
      ✅ Added models for ABASTECEDORA DE TRACTOPARTES Y REFACCIONES

   🔍 Fetching models for ABBA TRAILERS LLC...
      Found 1 models
      ✅ Added models for ABBA TRAILERS LLC

   🔍 Fetching models for ABC ENTERPRISES...
      Found 1 models
      ✅ Added models for ABC ENTERPRISES

   🔍 Fetching models for ABC MANUFACTURING...
      Found 1 models
      ✅ Added models for ABC MANUFACTURING

   🔍 Fetching models for ABCMFG, INC...
      Found 1 models
      ✅ Added models for ABCMFG, INC

   🔍 Fetching models for ABD EQUIPMENT & PARTS LLC...
      Found 1 models
      ✅ Added models for ABD EQUIPMENT & PARTS LLC

   🔍 Fetching models for ABERDEEN POWER GROUP...
      Found 1 models
      ✅ Added models for ABERDEEN POWER GROUP

   🔍 Fetching models for ABI...
      Found 32 models
      ✅ Added models for ABI

   🔍 Fetching models for ABI ATTACHMENTS, INC...
      Found 1 models
      ✅ Added models for ABI ATTACHMENTS, INC

   🔍 Fetching models for ABI CARAVANS LTD...
      Found 1 models
      ✅ Added models for ABI CARAVANS LTD

   🔍 Fetching models for ABILITY METALS...
      Found 1 models
      ✅ Added models for ABILITY METALS

   🔍 Fetching models for ABLE INDUSTRIES...
      Found 1 models
      ✅ Added models for ABLE INDUSTRIES

   🔍 Fetching models for ABP TRAILERS...
      Found 1 models
      ✅ Added models for ABP TRAILERS

   🔍 Fetching models for ABS...
      Found 9 models
      ✅ Added models for ABS

   🔍 Fetching models for ABSOLUTE CONCEPTS...
      Found 1 models
      ✅ Added models for ABSOLUTE CONCEPTS

   🔍 Fetching models for ABSOLUTE PERFORMANCE...
      Found 1 models
      ✅ Added models for ABSOLUTE PERFORMANCE

   🔍 Fetching models for ABSOLUTE TRAILER SALES...
      Found 1 models
      ✅ Added models for ABSOLUTE TRAILER SALES

   🔍 Fetching models for ABSOLUTELY WILD RANCH...
      Found 1 models
      ✅ Added models for ABSOLUTELY WILD RANCH

   🔍 Fetching models for ABT...
      Found 6 models
      ✅ Added models for ABT

   🔍 Fetching models for ABTEC OF WISCONSIN, INC....
Error fetching models for ABTEC OF WISCONSIN, INC. from NHTSA vPIC: SyntaxError: Unexpected token '<', "<!DOCTYPE "... is not valid JSON
    at JSON.parse (<anonymous>)
    at parseJSONFromBytes (node:internal/deps/undici/undici:5419:19)
    at successSteps (node:internal/deps/undici/undici:5390:27)
    at fullyReadBody (node:internal/deps/undici/undici:1501:9)
    at process.processTicksAndRejections (node:internal/process/task_queues:95:5)
    at async specConsumeBody (node:internal/deps/undici/undici:5399:7)
    at Object.getModelsForMake (C:\Users\tfort\Desktop\Projects\the-pickard\src\lib\nhtsa-vpic-api.ts:78:18)
    at populateModels (C:\Users\tfort\Desktop\Projects\the-pickard\scripts\populate-vehicle-data.ts:175:22)
    at main (C:\Users\tfort\Desktop\Projects\the-pickard\scripts\populate-vehicle-data.ts:353:7)
      Found 0 models
      ✅ Added models for ABTEC OF WISCONSIN, INC.

   🔍 Fetching models for ABU...
      Found 21 models
      ✅ Added models for ABU

   🔍 Fetching models for AC CUSTOMS...
      Found 13 models
      ✅ Added models for AC CUSTOMS

   🔍 Fetching models for AC PROPULSION...
      Found 2 models
      ✅ Added models for AC PROPULSION

   🔍 Fetching models for ACADEMI TRAINING CENTER...
      Found 1 models
      ✅ Added models for ACADEMI TRAINING CENTER

   🔍 Fetching models for ACC TRAILRITE...
      Found 0 models
      ✅ Added models for ACC TRAILRITE

   🔍 Fetching models for ACCEL TRAILERS INC....
Error fetching models for ACCEL TRAILERS INC. from NHTSA vPIC: SyntaxError: Unexpected token '<', "<!DOCTYPE "... is not valid JSON
    at JSON.parse (<anonymous>)
    at parseJSONFromBytes (node:internal/deps/undici/undici:5419:19)
    at successSteps (node:internal/deps/undici/undici:5390:27)
    at fullyReadBody (node:internal/deps/undici/undici:1501:9)
    at process.processTicksAndRejections (node:internal/process/task_queues:95:5)
    at async specConsumeBody (node:internal/deps/undici/undici:5399:7)
    at Object.getModelsForMake (C:\Users\tfort\Desktop\Projects\the-pickard\src\lib\nhtsa-vpic-api.ts:78:18)
    at populateModels (C:\Users\tfort\Desktop\Projects\the-pickard\scripts\populate-vehicle-data.ts:175:22)
    at main (C:\Users\tfort\Desktop\Projects\the-pickard\scripts\populate-vehicle-data.ts:353:7)
      Found 0 models
      ✅ Added models for ACCEL TRAILERS INC.

   🔍 Fetching models for ACCELERATE...
      Found 4 models
      ✅ Added models for ACCELERATE

   🔍 Fetching models for ACCELERATED MEDIA TECHNOLOGIES...
      Found 1 models
      ✅ Added models for ACCELERATED MEDIA TECHNOLOGIES

   🔍 Fetching models for ACCELERATED SPEED DYNAMICS, INC...
      Found 1 models
      ✅ Added models for ACCELERATED SPEED DYNAMICS, INC

   🔍 Fetching models for ACCELERATED TANKS AND TRAILERS...
      Found 1 models
      ✅ Added models for ACCELERATED TANKS AND TRAILERS

   🔍 Fetching models for ACCU-TEK TRAILER MANUFACTURING, INC....
Error fetching models for ACCU-TEK TRAILER MANUFACTURING, INC. from NHTSA vPIC: SyntaxError: Unexpected token '<', "<!DOCTYPE "... is not valid JSON
    at JSON.parse (<anonymous>)
    at parseJSONFromBytes (node:internal/deps/undici/undici:5419:19)
    at successSteps (node:internal/deps/undici/undici:5390:27)
    at fullyReadBody (node:internal/deps/undici/undici:1501:9)
    at process.processTicksAndRejections (node:internal/process/task_queues:95:5)
    at async specConsumeBody (node:internal/deps/undici/undici:5399:7)
    at Object.getModelsForMake (C:\Users\tfort\Desktop\Projects\the-pickard\src\lib\nhtsa-vpic-api.ts:78:18)
    at populateModels (C:\Users\tfort\Desktop\Projects\the-pickard\scripts\populate-vehicle-data.ts:175:22)
    at main (C:\Users\tfort\Desktop\Projects\the-pickard\scripts\populate-vehicle-data.ts:353:7)
      Found 0 models
      ✅ Added models for ACCU-TEK TRAILER MANUFACTURING, INC.

   🔍 Fetching models for ACCU-WELD TRUCK BODY & TRAILER INC...
      Found 1 models
      ✅ Added models for ACCU-WELD TRUCK BODY & TRAILER INC

   🔍 Fetching models for ACCURATE CYCLE ENGINEERING...
      Found 1 models
      ✅ Added models for ACCURATE CYCLE ENGINEERING

   🔍 Fetching models for ACCUSTOMX...
      Found 1 models
      ✅ Added models for ACCUSTOMX

   🔍 Fetching models for ACE...
      Found 49 models
      ✅ Added models for ACE

   🔍 Fetching models for ACE CUSTOM TRAILERS...
      Found 1 models
      ✅ Added models for ACE CUSTOM TRAILERS

   🔍 Fetching models for ACE METALWORKS...
      Found 1 models
      ✅ Added models for ACE METALWORKS

   🔍 Fetching models for ACE MFG...
      Found 4 models
      ✅ Added models for ACE MFG

   🔍 Fetching models for ACE MOTORCYCLE...
      Found 1 models
      ✅ Added models for ACE MOTORCYCLE

   🔍 Fetching models for ACE OF SPADES...
      Found 1 models
      ✅ Added models for ACE OF SPADES

   🔍 Fetching models for ACE TRAILERS...
      Found 6 models
      ✅ Added models for ACE TRAILERS

   🔍 Fetching models for ACE TRUCK BODY CO....
Error fetching models for ACE TRUCK BODY CO. from NHTSA vPIC: SyntaxError: Unexpected token '<', "<!DOCTYPE "... is not valid JSON
    at JSON.parse (<anonymous>)
    at parseJSONFromBytes (node:internal/deps/undici/undici:5419:19)
    at successSteps (node:internal/deps/undici/undici:5390:27)
    at fullyReadBody (node:internal/deps/undici/undici:1501:9)
    at process.processTicksAndRejections (node:internal/process/task_queues:95:5)
    at async specConsumeBody (node:internal/deps/undici/undici:5399:7)
    at Object.getModelsForMake (C:\Users\tfort\Desktop\Projects\the-pickard\src\lib\nhtsa-vpic-api.ts:78:18)
    at populateModels (C:\Users\tfort\Desktop\Projects\the-pickard\scripts\populate-vehicle-data.ts:175:22)
    at main (C:\Users\tfort\Desktop\Projects\the-pickard\scripts\populate-vehicle-data.ts:353:7)
      Found 0 models
      ✅ Added models for ACE TRUCK BODY CO.

   🔍 Fetching models for ACELA, INC...
      Found 1 models
      ✅ Added models for ACELA, INC

   🔍 Fetching models for ACES CHOPPERWORKS...
      Found 1 models
      ✅ Added models for ACES CHOPPERWORKS

   🔍 Fetching models for ACG...
      Found 13 models
      ✅ Added models for ACG

   🔍 Fetching models for ACHA TRAILERS...
      Found 1 models
      ✅ Added models for ACHA TRAILERS

   🔍 Fetching models for ACI...
      Found 83 models
      ✅ Added models for ACI

   🔍 Fetching models for ACKER-BUILT...
      Found 1 models
      ✅ Added models for ACKER-BUILT

   🔍 Fetching models for ACME...
      Found 4 models
      ✅ Added models for ACME

   🔍 Fetching models for ACME CRYOGENICS, INC....
Error fetching models for ACME CRYOGENICS, INC. from NHTSA vPIC: SyntaxError: Unexpected token '<', "<!DOCTYPE "... is not valid JSON
    at JSON.parse (<anonymous>)
    at parseJSONFromBytes (node:internal/deps/undici/undici:5419:19)
    at successSteps (node:internal/deps/undici/undici:5390:27)
    at fullyReadBody (node:internal/deps/undici/undici:1501:9)
    at process.processTicksAndRejections (node:internal/process/task_queues:95:5)
    at async specConsumeBody (node:internal/deps/undici/undici:5399:7)
    at Object.getModelsForMake (C:\Users\tfort\Desktop\Projects\the-pickard\src\lib\nhtsa-vpic-api.ts:78:18)
    at populateModels (C:\Users\tfort\Desktop\Projects\the-pickard\scripts\populate-vehicle-data.ts:175:22)
    at main (C:\Users\tfort\Desktop\Projects\the-pickard\scripts\populate-vehicle-data.ts:353:7)
      Found 0 models
      ✅ Added models for ACME CRYOGENICS, INC.

   🔍 Fetching models for ACME GROUP...
      Found 1 models
      ✅ Added models for ACME GROUP

   🔍 Fetching models for ACME INDUSTRIES...
      Found 0 models
      ✅ Added models for ACME INDUSTRIES

   🔍 Fetching models for ACME TRAILER WORKS...
      Found 1 models
      ✅ Added models for ACME TRAILER WORKS

   🔍 Fetching models for ACP TRAILERS...
      Found 1 models
      ✅ Added models for ACP TRAILERS

   🔍 Fetching models for ACRO TRAILER COMPANY...
      Found 1 models
      ✅ Added models for ACRO TRAILER COMPANY

   🔍 Fetching models for ACS...
      Found 2 models
      ✅ Added models for ACS

   🔍 Fetching models for ACTION ENTERPRISES & FABRICATION...
      Found 1 models
      ✅ Added models for ACTION ENTERPRISES & FABRICATION

   🔍 Fetching models for ACTION EQUIPMENT...
      Found 1 models
      ✅ Added models for ACTION EQUIPMENT

   🔍 Fetching models for ACTION INDUSTRIAL STUDIO...
      Found 1 models
      ✅ Added models for ACTION INDUSTRIAL STUDIO

   🔍 Fetching models for ACTION SIGNS AND BILLBOARDS...
      Found 1 models
      ✅ Added models for ACTION SIGNS AND BILLBOARDS

   🔍 Fetching models for ACTION TRAILERS...
      Found 1 models
      ✅ Added models for ACTION TRAILERS

   🔍 Fetching models for ACTION WELDING & FABRICATION, INC....
Error fetching models for ACTION WELDING & FABRICATION, INC. from NHTSA vPIC: SyntaxError: Unexpected token '<', "<!DOCTYPE "... is not valid JSON
    at JSON.parse (<anonymous>)
    at parseJSONFromBytes (node:internal/deps/undici/undici:5419:19)
    at successSteps (node:internal/deps/undici/undici:5390:27)
    at fullyReadBody (node:internal/deps/undici/undici:1501:9)
    at process.processTicksAndRejections (node:internal/process/task_queues:95:5)
    at async specConsumeBody (node:internal/deps/undici/undici:5399:7)
    at Object.getModelsForMake (C:\Users\tfort\Desktop\Projects\the-pickard\src\lib\nhtsa-vpic-api.ts:78:18)
    at populateModels (C:\Users\tfort\Desktop\Projects\the-pickard\scripts\populate-vehicle-data.ts:175:22)
    at main (C:\Users\tfort\Desktop\Projects\the-pickard\scripts\populate-vehicle-data.ts:353:7)
      Found 0 models
      ✅ Added models for ACTION WELDING & FABRICATION, INC.

   🔍 Fetching models for ACTIVEDOGS...
      Found 1 models
      ✅ Added models for ACTIVEDOGS

   🔍 Fetching models for ACTIVEV LLC...
      Found 4 models
      ✅ Added models for ACTIVEV LLC

   🔍 Fetching models for ACTIVITY TRAILER...
      Found 1 models
      ✅ Added models for ACTIVITY TRAILER

   🔍 Fetching models for ACTIVMO AUTO...
      Found 1 models
      ✅ Added models for ACTIVMO AUTO

   🔍 Fetching models for ACURA...
      Found 17 models
      ✅ Added models for ACURA

   🔍 Fetching models for ACV INC...
      Found 0 models
      ✅ Added models for ACV INC

   🔍 Fetching models for ADAGIO COLLECTIONS LLC...
      Found 1 models
      ✅ Added models for ADAGIO COLLECTIONS LLC

   🔍 Fetching models for ADAM TRAILERS...
      Found 1 models
      ✅ Added models for ADAM TRAILERS

   🔍 Fetching models for ADAMS EQUIPMENT...
      Found 1 models
      ✅ Added models for ADAMS EQUIPMENT

   🔍 Fetching models for ADAMS MFG...
      Found 1 models
      ✅ Added models for ADAMS MFG

   🔍 Fetching models for ADAPTIVE HUMANITY LLC...
      Found 1 models
      ✅ Added models for ADAPTIVE HUMANITY LLC

   🔍 Fetching models for ADDAX OVERLAND LLC...
      Found 1 models
      ✅ Added models for ADDAX OVERLAND LLC

   🔍 Fetching models for ADDCO...
      Found 1 models
      ✅ Added models for ADDCO

   🔍 Fetching models for ADIRONDACK KABINS, LLC...
      Found 1 models
      ✅ Added models for ADIRONDACK KABINS, LLC

   🔍 Fetching models for ADIRONDACK KOTTAGES...
      Found 1 models
      ✅ Added models for ADIRONDACK KOTTAGES

   🔍 Fetching models for ADIRONDACK WHITE PINE CABINS...
      Found 1 models
      ✅ Added models for ADIRONDACK WHITE PINE CABINS

   🔍 Fetching models for ADLY...
      Found 13 models
      ✅ Added models for ADLY

   🔍 Fetching models for ADM MANUFACTURING...
      Found 1 models
      ✅ Added models for ADM MANUFACTURING

   🔍 Fetching models for ADMIRAL DRIVE SYSTEMS...
      Found 1 models
      ✅ Added models for ADMIRAL DRIVE SYSTEMS

   🔍 Fetching models for ADMIRAL TRAILERS...
      Found 1 models
      ✅ Added models for ADMIRAL TRAILERS

   🔍 Fetching models for ADMIRATION HOMES...
      Found 1 models
      ✅ Added models for ADMIRATION HOMES

   🔍 Fetching models for ADMW...
      Found 1 models
      ✅ Added models for ADMW

   🔍 Fetching models for ADOC...
      Found 1 models
      ✅ Added models for ADOC

   🔍 Fetching models for ADRENALINE...
      Found 1 models
      ✅ Added models for ADRENALINE

   🔍 Fetching models for ADRIAN HOMES...
      Found 1 models
      ✅ Added models for ADRIAN HOMES

   🔍 Fetching models for ADS MANUFACTURING...
      Found 2 models
      ✅ Added models for ADS MANUFACTURING

   🔍 Fetching models for ADU 100...
      Found 1 models
      ✅ Added models for ADU 100

   🔍 Fetching models for ADU 200...
      Found 1 models
      ✅ Added models for ADU 200

   🔍 Fetching models for ADVANCE ENGINEERED PRODUCTS...
      Found 1 models
      ✅ Added models for ADVANCE ENGINEERED PRODUCTS

   🔍 Fetching models for ADVANCE LIFTS...
      Found 1 models
      ✅ Added models for ADVANCE LIFTS

   🔍 Fetching models for ADVANCE MECHANICAL SERVICE...
      Found 1 models
      ✅ Added models for ADVANCE MECHANICAL SERVICE

   🔍 Fetching models for ADVANCE METAL FABRICATION AND MACHINE...
      Found 1 models
      ✅ Added models for ADVANCE METAL FABRICATION AND MACHINE

   🔍 Fetching models for ADVANCE PUMP & EQUIPMENT...
      Found 1 models
      ✅ Added models for ADVANCE PUMP & EQUIPMENT

   🔍 Fetching models for ADVANCED BOAT...
      Found 2 models
      ✅ Added models for ADVANCED BOAT

   🔍 Fetching models for ADVANCED BOAT TRAILERS, INC....
Error fetching models for ADVANCED BOAT TRAILERS, INC. from NHTSA vPIC: SyntaxError: Unexpected token '<', "<!DOCTYPE "... is not valid JSON
    at JSON.parse (<anonymous>)
    at parseJSONFromBytes (node:internal/deps/undici/undici:5419:19)
    at successSteps (node:internal/deps/undici/undici:5390:27)
    at fullyReadBody (node:internal/deps/undici/undici:1501:9)
    at process.processTicksAndRejections (node:internal/process/task_queues:95:5)
    at async specConsumeBody (node:internal/deps/undici/undici:5399:7)
    at Object.getModelsForMake (C:\Users\tfort\Desktop\Projects\the-pickard\src\lib\nhtsa-vpic-api.ts:78:18)
    at populateModels (C:\Users\tfort\Desktop\Projects\the-pickard\scripts\populate-vehicle-data.ts:175:22)
    at main (C:\Users\tfort\Desktop\Projects\the-pickard\scripts\populate-vehicle-data.ts:353:7)
      Found 0 models
      ✅ Added models for ADVANCED BOAT TRAILERS, INC.

   🔍 Fetching models for ADVANCED CONTAINMENT SYSTEMS, INC...
      Found 1 models
      ✅ Added models for ADVANCED CONTAINMENT SYSTEMS, INC

   🔍 Fetching models for ADVANCED CUSTOMS & CONVERSIONS...
      Found 1 models
      ✅ Added models for ADVANCED CUSTOMS & CONVERSIONS

   🔍 Fetching models for ADVANCED DIRECTIONAL DRILLING SERVICES...
      Found 1 models
      ✅ Added models for ADVANCED DIRECTIONAL DRILLING SERVICES

   🔍 Fetching models for ADVANCED EV...
      Found 7 models
      ✅ Added models for ADVANCED EV

   🔍 Fetching models for ADVANCED FABRICATION...
      Found 1 models
      ✅ Added models for ADVANCED FABRICATION

   🔍 Fetching models for ADVANCED FABRICATORS INC...
      Found 1 models
      ✅ Added models for ADVANCED FABRICATORS INC

   🔍 Fetching models for ADVANCED FIELD SERVICES, LLC...
      Found 1 models
      ✅ Added models for ADVANCED FIELD SERVICES, LLC

   🔍 Fetching models for ADVANCED MANUFACTURING & POWER SYSTEMS, INC....
Error fetching models for ADVANCED MANUFACTURING & POWER SYSTEMS, INC. from NHTSA vPIC: SyntaxError: Unexpected token '<', "<!DOCTYPE "... is not valid JSON
    at JSON.parse (<anonymous>)
    at parseJSONFromBytes (node:internal/deps/undici/undici:5419:19)
    at successSteps (node:internal/deps/undici/undici:5390:27)
    at fullyReadBody (node:internal/deps/undici/undici:1501:9)
    at process.processTicksAndRejections (node:internal/process/task_queues:95:5)
    at async specConsumeBody (node:internal/deps/undici/undici:5399:7)
    at Object.getModelsForMake (C:\Users\tfort\Desktop\Projects\the-pickard\src\lib\nhtsa-vpic-api.ts:78:18)
    at populateModels (C:\Users\tfort\Desktop\Projects\the-pickard\scripts\populate-vehicle-data.ts:175:22)
    at main (C:\Users\tfort\Desktop\Projects\the-pickard\scripts\populate-vehicle-data.ts:353:7)
      Found 0 models
      ✅ Added models for ADVANCED MANUFACTURING & POWER SYSTEMS, INC.

   🔍 Fetching models for ADVANCED METAL PRODUCTS, INC...
      Found 1 models
      ✅ Added models for ADVANCED METAL PRODUCTS, INC

   🔍 Fetching models for ADVANCED METALCRAFT & CO...
      Found 1 models
      ✅ Added models for ADVANCED METALCRAFT & CO

   🔍 Fetching models for ADVANCED PORTABLE BUILDINGS & TRAILERS...
      Found 1 models
      ✅ Added models for ADVANCED PORTABLE BUILDINGS & TRAILERS

   🔍 Fetching models for ADVANCED STRIPING EQUIPMENT...
      Found 1 models
      ✅ Added models for ADVANCED STRIPING EQUIPMENT

   🔍 Fetching models for ADVANCED TRAILER CONCEPTS, INC....
Error fetching models for ADVANCED TRAILER CONCEPTS, INC. from NHTSA vPIC: SyntaxError: Unexpected token '<', "<!DOCTYPE "... is not valid JSON
    at JSON.parse (<anonymous>)
    at parseJSONFromBytes (node:internal/deps/undici/undici:5419:19)
    at successSteps (node:internal/deps/undici/undici:5390:27)
    at fullyReadBody (node:internal/deps/undici/undici:1501:9)
    at process.processTicksAndRejections (node:internal/process/task_queues:95:5)
    at async specConsumeBody (node:internal/deps/undici/undici:5399:7)
    at Object.getModelsForMake (C:\Users\tfort\Desktop\Projects\the-pickard\src\lib\nhtsa-vpic-api.ts:78:18)
    at populateModels (C:\Users\tfort\Desktop\Projects\the-pickard\scripts\populate-vehicle-data.ts:175:22)
    at main (C:\Users\tfort\Desktop\Projects\the-pickard\scripts\populate-vehicle-data.ts:353:7)
      Found 0 models
      ✅ Added models for ADVANCED TRAILER CONCEPTS, INC.

   🔍 Fetching models for ADVANCED TRAILER MANUFACTURING...
      Found 1 models
      ✅ Added models for ADVANCED TRAILER MANUFACTURING

   🔍 Fetching models for ADVANCED TRAILER SERVICE, INC....
Error fetching models for ADVANCED TRAILER SERVICE, INC. from NHTSA vPIC: SyntaxError: Unexpected token '<', "<!DOCTYPE "... is not valid JSON
    at JSON.parse (<anonymous>)
    at parseJSONFromBytes (node:internal/deps/undici/undici:5419:19)
    at successSteps (node:internal/deps/undici/undici:5390:27)
    at fullyReadBody (node:internal/deps/undici/undici:1501:9)
    at process.processTicksAndRejections (node:internal/process/task_queues:95:5)
    at async specConsumeBody (node:internal/deps/undici/undici:5399:7)
    at Object.getModelsForMake (C:\Users\tfort\Desktop\Projects\the-pickard\src\lib\nhtsa-vpic-api.ts:78:18)
    at populateModels (C:\Users\tfort\Desktop\Projects\the-pickard\scripts\populate-vehicle-data.ts:175:22)
    at main (C:\Users\tfort\Desktop\Projects\the-pickard\scripts\populate-vehicle-data.ts:353:7)
      Found 0 models
      ✅ Added models for ADVANCED TRAILER SERVICE, INC.

   🔍 Fetching models for ADVANCED TRAILER SOLUTIONS...
      Found 1 models
      ✅ Added models for ADVANCED TRAILER SOLUTIONS

   🔍 Fetching models for ADVANCED TRAILER SYSTEMS...
      Found 1 models
      ✅ Added models for ADVANCED TRAILER SYSTEMS

   🔍 Fetching models for ADVANCED TRANSPORT TECHNOLOGIES INC....
Error fetching models for ADVANCED TRANSPORT TECHNOLOGIES INC. from NHTSA vPIC: SyntaxError: Unexpected token '<', "<!DOCTYPE "... is not valid JSON
    at JSON.parse (<anonymous>)
    at parseJSONFromBytes (node:internal/deps/undici/undici:5419:19)
    at successSteps (node:internal/deps/undici/undici:5390:27)
    at fullyReadBody (node:internal/deps/undici/undici:1501:9)
    at process.processTicksAndRejections (node:internal/process/task_queues:95:5)
    at async specConsumeBody (node:internal/deps/undici/undici:5399:7)
    at Object.getModelsForMake (C:\Users\tfort\Desktop\Projects\the-pickard\src\lib\nhtsa-vpic-api.ts:78:18)
    at populateModels (C:\Users\tfort\Desktop\Projects\the-pickard\scripts\populate-vehicle-data.ts:175:22)
    at main (C:\Users\tfort\Desktop\Projects\the-pickard\scripts\populate-vehicle-data.ts:353:7)
      Found 0 models
      ✅ Added models for ADVANCED TRANSPORT TECHNOLOGIES INC.

   🔍 Fetching models for ADVANCED WELDING AND MANUFACTURING...
      Found 1 models
      ✅ Added models for ADVANCED WELDING AND MANUFACTURING

   🔍 Fetching models for ADVANTAGE CUSTOMS...
      Found 1 models
      ✅ Added models for ADVANTAGE CUSTOMS

   🔍 Fetching models for ADVANTAGE TERRAFAB, LLC...
      Found 1 models
      ✅ Added models for ADVANTAGE TERRAFAB, LLC

   🔍 Fetching models for ADVANTAGE TRAILERS...
      Found 1 models
      ✅ Added models for ADVANTAGE TRAILERS

   🔍 Fetching models for ADVENTURE...
      Found 11 models
      ✅ Added models for ADVENTURE

   🔍 Fetching models for ADVENTURE COAST, LLC...
      Found 1 models
      ✅ Added models for ADVENTURE COAST, LLC

   🔍 Fetching models for ADVENTURE SPORTS PRODUCTS, INC...
      Found 1 models
      ✅ Added models for ADVENTURE SPORTS PRODUCTS, INC

   🔍 Fetching models for ADVENTURE TRAILERS...
      Found 3 models
      ✅ Added models for ADVENTURE TRAILERS

   🔍 Fetching models for AEC ENTERPRISES...
      Found 1 models
      ✅ Added models for AEC ENTERPRISES

   🔍 Fetching models for AEP NORTH AMERICA...
      Found 1 models
      ✅ Added models for AEP NORTH AMERICA

   🔍 Fetching models for AERO...
      Found 31 models
      ✅ Added models for AERO

   🔍 Fetching models for AERO BUILD LLC...
      Found 1 models
      ✅ Added models for AERO BUILD LLC

   🔍 Fetching models for AERO FIBERGLASS COMPANY...
      Found 3 models
      ✅ Added models for AERO FIBERGLASS COMPANY

   🔍 Fetching models for AERO FLITE...
      Found 1 models
      ✅ Added models for AERO FLITE

   🔍 Fetching models for AERO MOTO...
      Found 9 models
      ✅ Added models for AERO MOTO

   🔍 Fetching models for AERO MOTORS...
      Found 5 models
      ✅ Added models for AERO MOTORS

   🔍 Fetching models for AERO MOTORSPORTS...
      Found 2 models
      ✅ Added models for AERO MOTORSPORTS

   🔍 Fetching models for AERO PRECISION METAL WORKS LLC...
      Found 3 models
      ✅ Added models for AERO PRECISION METAL WORKS LLC

   🔍 Fetching models for AERO TEARDROPS, LLC...
      Found 1 models
      ✅ Added models for AERO TEARDROPS, LLC

   🔍 Fetching models for AERO TRAILERS...
      Found 1 models
      ✅ Added models for AERO TRAILERS

   🔍 Fetching models for AEROBILT MANUFACTURING...
      Found 1 models
      ✅ Added models for AEROBILT MANUFACTURING

   🔍 Fetching models for AEROGLAS...
      Found 1 models
      ✅ Added models for AEROGLAS

   🔍 Fetching models for AEROPUP TRAILERS LLC...
      Found 1 models
      ✅ Added models for AEROPUP TRAILERS LLC

   🔍 Fetching models for AEROSWINT TRAILERS...
      Found 1 models
      ✅ Added models for AEROSWINT TRAILERS

   🔍 Fetching models for AEROTECH COATINGS LLC...
      Found 1 models
      ✅ Added models for AEROTECH COATINGS LLC

   🔍 Fetching models for AEROTEK...
      Found 1 models
      ✅ Added models for AEROTEK

   🔍 Fetching models for AEROVAULT...
      Found 3 models
      ✅ Added models for AEROVAULT

   🔍 Fetching models for AFAB PETROLEUM EQUIPMENT & STEEL FABRICATION...
      Found 1 models
      ✅ Added models for AFAB PETROLEUM EQUIPMENT & STEEL FABRICATION

   🔍 Fetching models for AFC COMPANY...
      Found 1 models
      ✅ Added models for AFC COMPANY

   🔍 Fetching models for AFCR...
      Found 1 models
      ✅ Added models for AFCR

   🔍 Fetching models for AFFORDABLE ALUMINUM...
      Found 1 models
      ✅ Added models for AFFORDABLE ALUMINUM

   🔍 Fetching models for AFFORDABLE TRAILERS...
      Found 1 models
      ✅ Added models for AFFORDABLE TRAILERS

   🔍 Fetching models for AFTER HOURS...
      Found 1 models
      ✅ Added models for AFTER HOURS

   🔍 Fetching models for AFTER-MARKET SPECIALTIES...
      Found 1 models
      ✅ Added models for AFTER-MARKET SPECIALTIES

   🔍 Fetching models for AG DRYER SERVICES INC....
Error fetching models for AG DRYER SERVICES INC. from NHTSA vPIC: SyntaxError: Unexpected token '<', "<!DOCTYPE "... is not valid JSON
    at JSON.parse (<anonymous>)
    at parseJSONFromBytes (node:internal/deps/undici/undici:5419:19)
    at successSteps (node:internal/deps/undici/undici:5390:27)
    at fullyReadBody (node:internal/deps/undici/undici:1501:9)
    at process.processTicksAndRejections (node:internal/process/task_queues:95:5)
    at async specConsumeBody (node:internal/deps/undici/undici:5399:7)
    at Object.getModelsForMake (C:\Users\tfort\Desktop\Projects\the-pickard\src\lib\nhtsa-vpic-api.ts:78:18)
    at populateModels (C:\Users\tfort\Desktop\Projects\the-pickard\scripts\populate-vehicle-data.ts:175:22)
    at main (C:\Users\tfort\Desktop\Projects\the-pickard\scripts\populate-vehicle-data.ts:353:7)
      Found 0 models
      ✅ Added models for AG DRYER SERVICES INC.

   🔍 Fetching models for AG INDUSTRIAL, INC...
      Found 1 models
      ✅ Added models for AG INDUSTRIAL, INC

   🔍 Fetching models for AG SHIELD MANUFACTURING...
      Found 1 models
      ✅ Added models for AG SHIELD MANUFACTURING

   🔍 Fetching models for AG SPRAY EQUIPMENT...
      Found 2 models
      ✅ Added models for AG SPRAY EQUIPMENT

   🔍 Fetching models for AG SPRAY EQUIPMENT,INC....
Error fetching models for AG SPRAY EQUIPMENT,INC. from NHTSA vPIC: SyntaxError: Unexpected token '<', "<!DOCTYPE "... is not valid JSON
    at JSON.parse (<anonymous>)
    at parseJSONFromBytes (node:internal/deps/undici/undici:5419:19)
    at successSteps (node:internal/deps/undici/undici:5390:27)
    at fullyReadBody (node:internal/deps/undici/undici:1501:9)
    at process.processTicksAndRejections (node:internal/process/task_queues:95:5)
    at async specConsumeBody (node:internal/deps/undici/undici:5399:7)
    at Object.getModelsForMake (C:\Users\tfort\Desktop\Projects\the-pickard\src\lib\nhtsa-vpic-api.ts:78:18)
    at populateModels (C:\Users\tfort\Desktop\Projects\the-pickard\scripts\populate-vehicle-data.ts:175:22)
    at main (C:\Users\tfort\Desktop\Projects\the-pickard\scripts\populate-vehicle-data.ts:353:7)
      Found 0 models
      ✅ Added models for AG SPRAY EQUIPMENT,INC.

   🔍 Fetching models for AG WORKS INTERNATIONAL...
      Found 1 models
      ✅ Added models for AG WORKS INTERNATIONAL

   🔍 Fetching models for AG-QUIP, INC....
Error fetching models for AG-QUIP, INC. from NHTSA vPIC: SyntaxError: Unexpected token '<', "<!DOCTYPE "... is not valid JSON
    at JSON.parse (<anonymous>)
    at parseJSONFromBytes (node:internal/deps/undici/undici:5419:19)
    at successSteps (node:internal/deps/undici/undici:5390:27)
    at fullyReadBody (node:internal/deps/undici/undici:1501:9)
    at process.processTicksAndRejections (node:internal/process/task_queues:95:5)
    at async specConsumeBody (node:internal/deps/undici/undici:5399:7)
    at Object.getModelsForMake (C:\Users\tfort\Desktop\Projects\the-pickard\src\lib\nhtsa-vpic-api.ts:78:18)
    at populateModels (C:\Users\tfort\Desktop\Projects\the-pickard\scripts\populate-vehicle-data.ts:175:22)
    at main (C:\Users\tfort\Desktop\Projects\the-pickard\scripts\populate-vehicle-data.ts:353:7)
      Found 0 models
      ✅ Added models for AG-QUIP, INC.

   🔍 Fetching models for AG. BELT TRAILER...
Error fetching models for AG. BELT TRAILER from NHTSA vPIC: SyntaxError: Unexpected token '<', "<!DOCTYPE "... is not valid JSON
    at JSON.parse (<anonymous>)
    at parseJSONFromBytes (node:internal/deps/undici/undici:5419:19)
    at successSteps (node:internal/deps/undici/undici:5390:27)
    at fullyReadBody (node:internal/deps/undici/undici:1501:9)
    at process.processTicksAndRejections (node:internal/process/task_queues:95:5)
    at async specConsumeBody (node:internal/deps/undici/undici:5399:7)
    at Object.getModelsForMake (C:\Users\tfort\Desktop\Projects\the-pickard\src\lib\nhtsa-vpic-api.ts:78:18)
    at populateModels (C:\Users\tfort\Desktop\Projects\the-pickard\scripts\populate-vehicle-data.ts:175:22)
    at main (C:\Users\tfort\Desktop\Projects\the-pickard\scripts\populate-vehicle-data.ts:353:7)
      Found 0 models
      ✅ Added models for AG. BELT TRAILER

   🔍 Fetching models for AGA GAS CENTRAL, INC...
      Found 1 models
      ✅ Added models for AGA GAS CENTRAL, INC

   🔍 Fetching models for AGAMS, CO. LTD...
Error fetching models for AGAMS, CO. LTD from NHTSA vPIC: SyntaxError: Unexpected token '<', "<!DOCTYPE "... is not valid JSON
    at JSON.parse (<anonymous>)
    at parseJSONFromBytes (node:internal/deps/undici/undici:5419:19)
    at successSteps (node:internal/deps/undici/undici:5390:27)
    at fullyReadBody (node:internal/deps/undici/undici:1501:9)
    at process.processTicksAndRejections (node:internal/process/task_queues:95:5)
    at async specConsumeBody (node:internal/deps/undici/undici:5399:7)
    at Object.getModelsForMake (C:\Users\tfort\Desktop\Projects\the-pickard\src\lib\nhtsa-vpic-api.ts:78:18)
    at populateModels (C:\Users\tfort\Desktop\Projects\the-pickard\scripts\populate-vehicle-data.ts:175:22)
    at main (C:\Users\tfort\Desktop\Projects\the-pickard\scripts\populate-vehicle-data.ts:353:7)
      Found 0 models
      ✅ Added models for AGAMS, CO. LTD

   🔍 Fetching models for AGAZU...
      Found 1 models
      ✅ Added models for AGAZU

   🔍 Fetching models for AGB...
      Found 1 models
      ✅ Added models for AGB

   🔍 Fetching models for AGC LSV'S...
      Found 1 models
      ✅ Added models for AGC LSV'S

   🔍 Fetching models for AGRI-DRAIN CORP...
      Found 1 models
      ✅ Added models for AGRI-DRAIN CORP

   🔍 Fetching models for AGRIFLEET LEASING CORPORATION...
      Found 1 models
      ✅ Added models for AGRIFLEET LEASING CORPORATION

   🔍 Fetching models for AGUILAR'S WELDING, INC....
Error fetching models for AGUILAR'S WELDING, INC. from NHTSA vPIC: SyntaxError: Unexpected token '<', "<!DOCTYPE "... is not valid JSON
    at JSON.parse (<anonymous>)
    at parseJSONFromBytes (node:internal/deps/undici/undici:5419:19)
    at successSteps (node:internal/deps/undici/undici:5390:27)
    at fullyReadBody (node:internal/deps/undici/undici:1501:9)
    at process.processTicksAndRejections (node:internal/process/task_queues:95:5)
    at async specConsumeBody (node:internal/deps/undici/undici:5399:7)
    at Object.getModelsForMake (C:\Users\tfort\Desktop\Projects\the-pickard\src\lib\nhtsa-vpic-api.ts:78:18)
    at populateModels (C:\Users\tfort\Desktop\Projects\the-pickard\scripts\populate-vehicle-data.ts:175:22)
    at main (C:\Users\tfort\Desktop\Projects\the-pickard\scripts\populate-vehicle-data.ts:353:7)
      Found 0 models
      ✅ Added models for AGUILAR'S WELDING, INC.

   🔍 Fetching models for AGVANTAGE MANUFACTURING CORP....
Error fetching models for AGVANTAGE MANUFACTURING CORP. from NHTSA vPIC: SyntaxError: Unexpected token '<', "<!DOCTYPE "... is not valid JSON
    at JSON.parse (<anonymous>)
    at parseJSONFromBytes (node:internal/deps/undici/undici:5419:19)
    at successSteps (node:internal/deps/undici/undici:5390:27)
    at fullyReadBody (node:internal/deps/undici/undici:1501:9)
    at process.processTicksAndRejections (node:internal/process/task_queues:95:5)
    at async specConsumeBody (node:internal/deps/undici/undici:5399:7)
    at Object.getModelsForMake (C:\Users\tfort\Desktop\Projects\the-pickard\src\lib\nhtsa-vpic-api.ts:78:18)
    at populateModels (C:\Users\tfort\Desktop\Projects\the-pickard\scripts\populate-vehicle-data.ts:175:22)
    at main (C:\Users\tfort\Desktop\Projects\the-pickard\scripts\populate-vehicle-data.ts:353:7)
      Found 0 models
      ✅ Added models for AGVANTAGE MANUFACTURING CORP.

   🔍 Fetching models for AHGO FOOD TRAILERS...
      Found 1 models
      ✅ Added models for AHGO FOOD TRAILERS

   🔍 Fetching models for AHOY! HOUSEBOATS AND FISHHOUSES...
      Found 1 models
      ✅ Added models for AHOY! HOUSEBOATS AND FISHHOUSES

   🔍 Fetching models for AHS TRAILERS...
      Found 1 models
      ✅ Added models for AHS TRAILERS

   🔍 Fetching models for AI TRAILERS...
      Found 2 models
      ✅ Added models for AI TRAILERS

   🔍 Fetching models for AIM TRAILERS...
      Found 1 models
      ✅ Added models for AIM TRAILERS

   🔍 Fetching models for AIMHIGH...
      Found 1 models
      ✅ Added models for AIMHIGH

   🔍 Fetching models for AINLEY KENNELS & FABRICATION, INC....
Error fetching models for AINLEY KENNELS & FABRICATION, INC. from NHTSA vPIC: SyntaxError: Unexpected token '<', "<!DOCTYPE "... is not valid JSON
    at JSON.parse (<anonymous>)
    at parseJSONFromBytes (node:internal/deps/undici/undici:5419:19)
    at successSteps (node:internal/deps/undici/undici:5390:27)
    at fullyReadBody (node:internal/deps/undici/undici:1501:9)
    at process.processTicksAndRejections (node:internal/process/task_queues:95:5)
    at async specConsumeBody (node:internal/deps/undici/undici:5399:7)
    at Object.getModelsForMake (C:\Users\tfort\Desktop\Projects\the-pickard\src\lib\nhtsa-vpic-api.ts:78:18)
    at populateModels (C:\Users\tfort\Desktop\Projects\the-pickard\scripts\populate-vehicle-data.ts:175:22)
    at main (C:\Users\tfort\Desktop\Projects\the-pickard\scripts\populate-vehicle-data.ts:353:7)
      Found 0 models
      ✅ Added models for AINLEY KENNELS & FABRICATION, INC.

   🔍 Fetching models for AIR EASY LLC DBA AVENTURA-X...
      Found 1 models
      ✅ Added models for AIR EASY LLC DBA AVENTURA-X

   🔍 Fetching models for AIR RESPONDER...
      Found 1 models
      ✅ Added models for AIR RESPONDER

   🔍 Fetching models for AIR-FLO...
      Found 1 models
      ✅ Added models for AIR-FLO

   🔍 Fetching models for AIR-TOW TRAILERS...
      Found 1 models
      ✅ Added models for AIR-TOW TRAILERS

   🔍 Fetching models for AIRBAGGED TRAILERS, INC....
Error fetching models for AIRBAGGED TRAILERS, INC. from NHTSA vPIC: SyntaxError: Unexpected token '<', "<!DOCTYPE "... is not valid JSON
    at JSON.parse (<anonymous>)
    at parseJSONFromBytes (node:internal/deps/undici/undici:5419:19)
    at successSteps (node:internal/deps/undici/undici:5390:27)
    at fullyReadBody (node:internal/deps/undici/undici:1501:9)
    at process.processTicksAndRejections (node:internal/process/task_queues:95:5)
    at async specConsumeBody (node:internal/deps/undici/undici:5399:7)
    at Object.getModelsForMake (C:\Users\tfort\Desktop\Projects\the-pickard\src\lib\nhtsa-vpic-api.ts:78:18)
    at populateModels (C:\Users\tfort\Desktop\Projects\the-pickard\scripts\populate-vehicle-data.ts:175:22)
    at main (C:\Users\tfort\Desktop\Projects\the-pickard\scripts\populate-vehicle-data.ts:353:7)
      Found 0 models
      ✅ Added models for AIRBAGGED TRAILERS, INC.

   🔍 Fetching models for AIRBURNERS...
      Found 1 models
      ✅ Added models for AIRBURNERS

   🔍 Fetching models for AIRLITE TRAILERS, LLC...
      Found 1 models
      ✅ Added models for AIRLITE TRAILERS, LLC

   🔍 Fetching models for AIRSTREAM...
      Found 46 models
      ✅ Added models for AIRSTREAM

   🔍 Fetching models for AIRSTREAM INC....
Error fetching models for AIRSTREAM INC. from NHTSA vPIC: SyntaxError: Unexpected token '<', "<!DOCTYPE "... is not valid JSON
    at JSON.parse (<anonymous>)
    at parseJSONFromBytes (node:internal/deps/undici/undici:5419:19)
    at successSteps (node:internal/deps/undici/undici:5390:27)
    at fullyReadBody (node:internal/deps/undici/undici:1501:9)
    at process.processTicksAndRejections (node:internal/process/task_queues:95:5)
    at async specConsumeBody (node:internal/deps/undici/undici:5399:7)
    at Object.getModelsForMake (C:\Users\tfort\Desktop\Projects\the-pickard\src\lib\nhtsa-vpic-api.ts:78:18)
    at populateModels (C:\Users\tfort\Desktop\Projects\the-pickard\scripts\populate-vehicle-data.ts:175:22)
    at main (C:\Users\tfort\Desktop\Projects\the-pickard\scripts\populate-vehicle-data.ts:353:7)
      Found 0 models
      ✅ Added models for AIRSTREAM INC.

   🔍 Fetching models for AIRTECH TOOLS...
      Found 1 models
      ✅ Added models for AIRTECH TOOLS

   🔍 Fetching models for AIRTRONICS METAL PRODUCTS...
      Found 1 models
      ✅ Added models for AIRTRONICS METAL PRODUCTS

   🔍 Fetching models for AIRY...
      Found 2 models
      ✅ Added models for AIRY

   🔍 Fetching models for AJ'S...
      Found 1 models
      ✅ Added models for AJ'S

   🔍 Fetching models for AJAX TOCCO MAGNETHERMIC CORPORATION...
      Found 1 models
      ✅ Added models for AJAX TOCCO MAGNETHERMIC CORPORATION

   🔍 Fetching models for AJAX TOOLS, INC....
Error fetching models for AJAX TOOLS, INC. from NHTSA vPIC: SyntaxError: Unexpected token '<', "<!DOCTYPE "... is not valid JSON
    at JSON.parse (<anonymous>)
    at parseJSONFromBytes (node:internal/deps/undici/undici:5419:19)
    at successSteps (node:internal/deps/undici/undici:5390:27)
    at fullyReadBody (node:internal/deps/undici/undici:1501:9)
    at process.processTicksAndRejections (node:internal/process/task_queues:95:5)
    at async specConsumeBody (node:internal/deps/undici/undici:5399:7)
    at Object.getModelsForMake (C:\Users\tfort\Desktop\Projects\the-pickard\src\lib\nhtsa-vpic-api.ts:78:18)
    at populateModels (C:\Users\tfort\Desktop\Projects\the-pickard\scripts\populate-vehicle-data.ts:175:22)
    at main (C:\Users\tfort\Desktop\Projects\the-pickard\scripts\populate-vehicle-data.ts:353:7)
      Found 0 models
      ✅ Added models for AJAX TOOLS, INC.

   🔍 Fetching models for AJAX TRAILERS, INC...
      Found 1 models
      ✅ Added models for AJAX TRAILERS, INC

   🔍 Fetching models for AJR INC....
Error fetching models for AJR INC. from NHTSA vPIC: SyntaxError: Unexpected token '<', "<!DOCTYPE "... is not valid JSON
    at JSON.parse (<anonymous>)
    at parseJSONFromBytes (node:internal/deps/undici/undici:5419:19)
    at successSteps (node:internal/deps/undici/undici:5390:27)
    at fullyReadBody (node:internal/deps/undici/undici:1501:9)
    at process.processTicksAndRejections (node:internal/process/task_queues:95:5)
    at async specConsumeBody (node:internal/deps/undici/undici:5399:7)
    at Object.getModelsForMake (C:\Users\tfort\Desktop\Projects\the-pickard\src\lib\nhtsa-vpic-api.ts:78:18)
    at populateModels (C:\Users\tfort\Desktop\Projects\the-pickard\scripts\populate-vehicle-data.ts:175:22)
    at main (C:\Users\tfort\Desktop\Projects\the-pickard\scripts\populate-vehicle-data.ts:353:7)
      Found 0 models
      ✅ Added models for AJR INC.

   🔍 Fetching models for AKY...
      Found 1 models
      ✅ Added models for AKY

   🔍 Fetching models for AL'S MOTORSICKLE SHOP INC....
Error fetching models for AL'S MOTORSICKLE SHOP INC. from NHTSA vPIC: SyntaxError: Unexpected token '<', "<!DOCTYPE "... is not valid JSON
    at JSON.parse (<anonymous>)
    at parseJSONFromBytes (node:internal/deps/undici/undici:5419:19)
    at successSteps (node:internal/deps/undici/undici:5390:27)
    at fullyReadBody (node:internal/deps/undici/undici:1501:9)
    at process.processTicksAndRejections (node:internal/process/task_queues:95:5)
    at async specConsumeBody (node:internal/deps/undici/undici:5399:7)
    at Object.getModelsForMake (C:\Users\tfort\Desktop\Projects\the-pickard\src\lib\nhtsa-vpic-api.ts:78:18)
    at populateModels (C:\Users\tfort\Desktop\Projects\the-pickard\scripts\populate-vehicle-data.ts:175:22)
    at main (C:\Users\tfort\Desktop\Projects\the-pickard\scripts\populate-vehicle-data.ts:353:7)
      Found 0 models
      ✅ Added models for AL'S MOTORSICKLE SHOP INC.

   🔍 Fetching models for AL-ASSRI...
      Found 1 models
      ✅ Added models for AL-ASSRI

   🔍 Fetching models for AL-JON, INC....
Error fetching models for AL-JON, INC. from NHTSA vPIC: SyntaxError: Unexpected token '<', "<!DOCTYPE "... is not valid JSON
    at JSON.parse (<anonymous>)
    at parseJSONFromBytes (node:internal/deps/undici/undici:5419:19)
    at successSteps (node:internal/deps/undici/undici:5390:27)
    at fullyReadBody (node:internal/deps/undici/undici:1501:9)
    at process.processTicksAndRejections (node:internal/process/task_queues:95:5)
    at async specConsumeBody (node:internal/deps/undici/undici:5399:7)
    at Object.getModelsForMake (C:\Users\tfort\Desktop\Projects\the-pickard\src\lib\nhtsa-vpic-api.ts:78:18)
    at populateModels (C:\Users\tfort\Desktop\Projects\the-pickard\scripts\populate-vehicle-data.ts:175:22)
    at main (C:\Users\tfort\Desktop\Projects\the-pickard\scripts\populate-vehicle-data.ts:353:7)
      Found 0 models
      ✅ Added models for AL-JON, INC.

   🔍 Fetching models for ALAMEDA TRAILER SALES...
      Found 1 models
      ✅ Added models for ALAMEDA TRAILER SALES

   🔍 Fetching models for ALAN RITCHEY, INC....
Error fetching models for ALAN RITCHEY, INC. from NHTSA vPIC: SyntaxError: Unexpected token '<', "<!DOCTYPE "... is not valid JSON
    at JSON.parse (<anonymous>)
    at parseJSONFromBytes (node:internal/deps/undici/undici:5419:19)
    at successSteps (node:internal/deps/undici/undici:5390:27)
    at fullyReadBody (node:internal/deps/undici/undici:1501:9)
    at process.processTicksAndRejections (node:internal/process/task_queues:95:5)
    at async specConsumeBody (node:internal/deps/undici/undici:5399:7)
    at Object.getModelsForMake (C:\Users\tfort\Desktop\Projects\the-pickard\src\lib\nhtsa-vpic-api.ts:78:18)
    at populateModels (C:\Users\tfort\Desktop\Projects\the-pickard\scripts\populate-vehicle-data.ts:175:22)
    at main (C:\Users\tfort\Desktop\Projects\the-pickard\scripts\populate-vehicle-data.ts:353:7)
      Found 0 models
      ✅ Added models for ALAN RITCHEY, INC.

   🔍 Fetching models for ALASKA EXTREME TRAILER...
      Found 1 models
      ✅ Added models for ALASKA EXTREME TRAILER

   🔍 Fetching models for ALASKA FRONTIER FABRICATION LLC...
      Found 1 models
      ✅ Added models for ALASKA FRONTIER FABRICATION LLC

   🔍 Fetching models for ALASKA SEA KING...
      Found 1 models
      ✅ Added models for ALASKA SEA KING

   🔍 Fetching models for ALBERT BÖCKER GMBH & CO. KG...
Error fetching models for ALBERT BÖCKER GMBH & CO. KG from NHTSA vPIC: SyntaxError: Unexpected token '<', "<!DOCTYPE "... is not valid JSON
    at JSON.parse (<anonymous>)
    at parseJSONFromBytes (node:internal/deps/undici/undici:5419:19)
    at successSteps (node:internal/deps/undici/undici:5390:27)
    at fullyReadBody (node:internal/deps/undici/undici:1501:9)
    at process.processTicksAndRejections (node:internal/process/task_queues:95:5)
    at async specConsumeBody (node:internal/deps/undici/undici:5399:7)
    at Object.getModelsForMake (C:\Users\tfort\Desktop\Projects\the-pickard\src\lib\nhtsa-vpic-api.ts:78:18)
    at populateModels (C:\Users\tfort\Desktop\Projects\the-pickard\scripts\populate-vehicle-data.ts:175:22)
    at main (C:\Users\tfort\Desktop\Projects\the-pickard\scripts\populate-vehicle-data.ts:353:7)
      Found 0 models
      ✅ Added models for ALBERT BÖCKER GMBH & CO. KG

   🔍 Fetching models for ALBERT LEA...
      Found 1 models
      ✅ Added models for ALBERT LEA

   🔍 Fetching models for ALBRIGHT BIKES...
      Found 1 models
      ✅ Added models for ALBRIGHT BIKES

   🔍 Fetching models for ALC MANUFACTURING...
      Found 1 models
      ✅ Added models for ALC MANUFACTURING

   🔍 Fetching models for ALCAN TRAILERS, LLC...
      Found 1 models
      ✅ Added models for ALCAN TRAILERS, LLC

   🔍 Fetching models for ALCAN TRAVELER, INC...
      Found 3 models
      ✅ Added models for ALCAN TRAVELER, INC

   🔍 Fetching models for ALCANTAR CUSTOM TRAILERS...
      Found 1 models
      ✅ Added models for ALCANTAR CUSTOM TRAILERS

   🔍 Fetching models for ALCC...
      Found 1 models
      ✅ Added models for ALCC

   🔍 Fetching models for ALCOM LLC...
      Found 1 models
      ✅ Added models for ALCOM LLC

   🔍 Fetching models for ALCT...
      Found 1 models
      ✅ Added models for ALCT

   🔍 Fetching models for ALDURA...
      Found 1 models
      ✅ Added models for ALDURA

   🔍 Fetching models for ALEMAN...
      Found 1 models
      ✅ Added models for ALEMAN

   🔍 Fetching models for ALEPH GROUP, INC....
Error fetching models for ALEPH GROUP, INC. from NHTSA vPIC: SyntaxError: Unexpected token '<', "<!DOCTYPE "... is not valid JSON
    at JSON.parse (<anonymous>)
    at parseJSONFromBytes (node:internal/deps/undici/undici:5419:19)
    at successSteps (node:internal/deps/undici/undici:5390:27)
    at fullyReadBody (node:internal/deps/undici/undici:1501:9)
    at process.processTicksAndRejections (node:internal/process/task_queues:95:5)
    at async specConsumeBody (node:internal/deps/undici/undici:5399:7)
    at Object.getModelsForMake (C:\Users\tfort\Desktop\Projects\the-pickard\src\lib\nhtsa-vpic-api.ts:78:18)
    at populateModels (C:\Users\tfort\Desktop\Projects\the-pickard\scripts\populate-vehicle-data.ts:175:22)
    at main (C:\Users\tfort\Desktop\Projects\the-pickard\scripts\populate-vehicle-data.ts:353:7)
      Found 0 models
      ✅ Added models for ALEPH GROUP, INC.

   🔍 Fetching models for ALEWINE MOTORS, INC....
Error fetching models for ALEWINE MOTORS, INC. from NHTSA vPIC: SyntaxError: Unexpected token '<', "<!DOCTYPE "... is not valid JSON
    at JSON.parse (<anonymous>)
    at parseJSONFromBytes (node:internal/deps/undici/undici:5419:19)
    at successSteps (node:internal/deps/undici/undici:5390:27)
    at fullyReadBody (node:internal/deps/undici/undici:1501:9)
    at process.processTicksAndRejections (node:internal/process/task_queues:95:5)
    at async specConsumeBody (node:internal/deps/undici/undici:5399:7)
    at Object.getModelsForMake (C:\Users\tfort\Desktop\Projects\the-pickard\src\lib\nhtsa-vpic-api.ts:78:18)
    at populateModels (C:\Users\tfort\Desktop\Projects\the-pickard\scripts\populate-vehicle-data.ts:175:22)
    at main (C:\Users\tfort\Desktop\Projects\the-pickard\scripts\populate-vehicle-data.ts:353:7)
      Found 0 models
      ✅ Added models for ALEWINE MOTORS, INC.

   🔍 Fetching models for ALEXANDER DENNIS LIMITED...
      Found 6 models
      ✅ Added models for ALEXANDER DENNIS LIMITED

   🔍 Fetching models for ALEXANDER'S MACHINE AND MAINTENANCE SERVICE COMPANY...
      Found 1 models
      ✅ Added models for ALEXANDER'S MACHINE AND MAINTENANCE SERVICE COMPANY

   🔍 Fetching models for ALFA CARGO LLC...
      Found 1 models
      ✅ Added models for ALFA CARGO LLC

   🔍 Fetching models for ALFA ROMEO...
      Found 9 models
      ✅ Added models for ALFA ROMEO

   🔍 Fetching models for ALFRED INDUSTRIES...
      Found 1 models
      ✅ Added models for ALFRED INDUSTRIES

   🔍 Fetching models for ALIEN...
      Found 32 models
      ✅ Added models for ALIEN

   🔍 Fetching models for ALIEN ATV...
      Found 23 models
      ✅ Added models for ALIEN ATV

   🔍 Fetching models for ALIEN ENGINEERED PRODUCTS...
      Found 1 models
      ✅ Added models for ALIEN ENGINEERED PRODUCTS

   🔍 Fetching models for ALINER...
      Found 2 models
      ✅ Added models for ALINER

   🔍 Fetching models for ALISO TRAILER MFG. INC....
Error fetching models for ALISO TRAILER MFG. INC. from NHTSA vPIC: SyntaxError: Unexpected token '<', "<!DOCTYPE "... is not valid JSON
    at JSON.parse (<anonymous>)
    at parseJSONFromBytes (node:internal/deps/undici/undici:5419:19)
    at successSteps (node:internal/deps/undici/undici:5390:27)
    at fullyReadBody (node:internal/deps/undici/undici:1501:9)
    at process.processTicksAndRejections (node:internal/process/task_queues:95:5)
    at async specConsumeBody (node:internal/deps/undici/undici:5399:7)
    at Object.getModelsForMake (C:\Users\tfort\Desktop\Projects\the-pickard\src\lib\nhtsa-vpic-api.ts:78:18)
    at populateModels (C:\Users\tfort\Desktop\Projects\the-pickard\scripts\populate-vehicle-data.ts:175:22)
    at main (C:\Users\tfort\Desktop\Projects\the-pickard\scripts\populate-vehicle-data.ts:353:7)
      Found 0 models
      ✅ Added models for ALISO TRAILER MFG. INC.

   🔍 Fetching models for ALKANE...
      Found 1 models
      ✅ Added models for ALKANE

   🔍 Fetching models for ALKO...
      Found 109 models
      ✅ Added models for ALKO

   🔍 Fetching models for ALKOTA CLEANING SYSTEMS, INC....
Error fetching models for ALKOTA CLEANING SYSTEMS, INC. from NHTSA vPIC: SyntaxError: Unexpected token '<', "<!DOCTYPE "... is not valid JSON
    at JSON.parse (<anonymous>)
    at parseJSONFromBytes (node:internal/deps/undici/undici:5419:19)
    at successSteps (node:internal/deps/undici/undici:5390:27)
    at fullyReadBody (node:internal/deps/undici/undici:1501:9)
    at process.processTicksAndRejections (node:internal/process/task_queues:95:5)
    at async specConsumeBody (node:internal/deps/undici/undici:5399:7)
    at Object.getModelsForMake (C:\Users\tfort\Desktop\Projects\the-pickard\src\lib\nhtsa-vpic-api.ts:78:18)
    at populateModels (C:\Users\tfort\Desktop\Projects\the-pickard\scripts\populate-vehicle-data.ts:175:22)
    at main (C:\Users\tfort\Desktop\Projects\the-pickard\scripts\populate-vehicle-data.ts:353:7)
      Found 0 models
      ✅ Added models for ALKOTA CLEANING SYSTEMS, INC.

   🔍 Fetching models for ALL ABOUT TRAILERS...
      Found 1 models
      ✅ Added models for ALL ABOUT TRAILERS

   🔍 Fetching models for ALL ALUMINUM STRUCTURE...
      Found 1 models
      ✅ Added models for ALL ALUMINUM STRUCTURE

   🔍 Fetching models for ALL AMERICAN BIG TWIN...
      Found 1 models
      ✅ Added models for ALL AMERICAN BIG TWIN

   🔍 Fetching models for ALL AMERICAN CHOPPERS CO....
Error fetching models for ALL AMERICAN CHOPPERS CO. from NHTSA vPIC: SyntaxError: Unexpected token '<', "<!DOCTYPE "... is not valid JSON
    at JSON.parse (<anonymous>)
    at parseJSONFromBytes (node:internal/deps/undici/undici:5419:19)
    at successSteps (node:internal/deps/undici/undici:5390:27)
    at fullyReadBody (node:internal/deps/undici/undici:1501:9)
    at process.processTicksAndRejections (node:internal/process/task_queues:95:5)
    at async specConsumeBody (node:internal/deps/undici/undici:5399:7)
    at Object.getModelsForMake (C:\Users\tfort\Desktop\Projects\the-pickard\src\lib\nhtsa-vpic-api.ts:78:18)
    at populateModels (C:\Users\tfort\Desktop\Projects\the-pickard\scripts\populate-vehicle-data.ts:175:22)
    at main (C:\Users\tfort\Desktop\Projects\the-pickard\scripts\populate-vehicle-data.ts:353:7)
      Found 0 models
      ✅ Added models for ALL AMERICAN CHOPPERS CO.

   🔍 Fetching models for ALL AMERICAN CUSTOM...
      Found 1 models
      ✅ Added models for ALL AMERICAN CUSTOM

   🔍 Fetching models for ALL AMERICAN MANUFACTURING LLC...
      Found 2 models
      ✅ Added models for ALL AMERICAN MANUFACTURING LLC

   🔍 Fetching models for ALL AMERICAN MANUFACTURING, INC....
Error fetching models for ALL AMERICAN MANUFACTURING, INC. from NHTSA vPIC: SyntaxError: Unexpected token '<', "<!DOCTYPE "... is not valid JSON
    at JSON.parse (<anonymous>)
    at parseJSONFromBytes (node:internal/deps/undici/undici:5419:19)
    at successSteps (node:internal/deps/undici/undici:5390:27)
    at fullyReadBody (node:internal/deps/undici/undici:1501:9)
    at process.processTicksAndRejections (node:internal/process/task_queues:95:5)
    at async specConsumeBody (node:internal/deps/undici/undici:5399:7)
    at Object.getModelsForMake (C:\Users\tfort\Desktop\Projects\the-pickard\src\lib\nhtsa-vpic-api.ts:78:18)
    at populateModels (C:\Users\tfort\Desktop\Projects\the-pickard\scripts\populate-vehicle-data.ts:175:22)
    at main (C:\Users\tfort\Desktop\Projects\the-pickard\scripts\populate-vehicle-data.ts:353:7)
      Found 0 models
      ✅ Added models for ALL AMERICAN MANUFACTURING, INC.

   🔍 Fetching models for ALL AMERICAN TRAILER MANUFACTURERS...
      Found 1 models
      ✅ Added models for ALL AMERICAN TRAILER MANUFACTURERS

   🔍 Fetching models for ALL AMERICAN UTILITIES LLC...
      Found 1 models
      ✅ Added models for ALL AMERICAN UTILITIES LLC

   🔍 Fetching models for ALL AROUND TRAILERS...
      Found 1 models
      ✅ Added models for ALL AROUND TRAILERS

   🔍 Fetching models for ALL BOAT MANUFACTURING...
      Found 1 models
      ✅ Added models for ALL BOAT MANUFACTURING

   🔍 Fetching models for ALL CUSTOM ...
Error fetching models for ALL CUSTOM  from NHTSA vPIC: SyntaxError: Unexpected token '<', "<!DOCTYPE "... is not valid JSON
    at JSON.parse (<anonymous>)
    at parseJSONFromBytes (node:internal/deps/undici/undici:5419:19)
    at successSteps (node:internal/deps/undici/undici:5390:27)
    at fullyReadBody (node:internal/deps/undici/undici:1501:9)
    at process.processTicksAndRejections (node:internal/process/task_queues:95:5)
    at async specConsumeBody (node:internal/deps/undici/undici:5399:7)
    at Object.getModelsForMake (C:\Users\tfort\Desktop\Projects\the-pickard\src\lib\nhtsa-vpic-api.ts:78:18)
    at populateModels (C:\Users\tfort\Desktop\Projects\the-pickard\scripts\populate-vehicle-data.ts:175:22)
    at main (C:\Users\tfort\Desktop\Projects\the-pickard\scripts\populate-vehicle-data.ts:353:7)
      Found 0 models
      ✅ Added models for ALL CUSTOM 

   🔍 Fetching models for ALL CUSTOM FABRICATIONS...
      Found 1 models
      ✅ Added models for ALL CUSTOM FABRICATIONS

   🔍 Fetching models for ALL DAY LAWN...
      Found 1 models
      ✅ Added models for ALL DAY LAWN

   🔍 Fetching models for ALL FAB TRAILERS...
      Found 1 models
      ✅ Added models for ALL FAB TRAILERS

   🔍 Fetching models for ALL GOOD EQUIPMENT...
      Found 1 models
      ✅ Added models for ALL GOOD EQUIPMENT

   🔍 Fetching models for ALL HAUL TRAILERS...
      Found 1 models
      ✅ Added models for ALL HAUL TRAILERS

   🔍 Fetching models for ALL IN ONE CUSTOM FABRICATION & DESIGN...
      Found 1 models
      ✅ Added models for ALL IN ONE CUSTOM FABRICATION & DESIGN

   🔍 Fetching models for ALL MARINE TRAILERS...
      Found 1 models
      ✅ Added models for ALL MARINE TRAILERS

   🔍 Fetching models for ALL OUT CUSTOM TRAILERS & FABRICATION...
      Found 1 models
      ✅ Added models for ALL OUT CUSTOM TRAILERS & FABRICATION

   🔍 Fetching models for ALL PHASE TRAILER AND EQUIPMENT...
      Found 1 models
      ✅ Added models for ALL PHASE TRAILER AND EQUIPMENT

   🔍 Fetching models for ALL PRO CYCLES...
      Found 1 models
      ✅ Added models for ALL PRO CYCLES

   🔍 Fetching models for ALL RIGHT STEEL, LLC....
Error fetching models for ALL RIGHT STEEL, LLC. from NHTSA vPIC: SyntaxError: Unexpected token '<', "<!DOCTYPE "... is not valid JSON
    at JSON.parse (<anonymous>)
    at parseJSONFromBytes (node:internal/deps/undici/undici:5419:19)
    at successSteps (node:internal/deps/undici/undici:5390:27)
    at fullyReadBody (node:internal/deps/undici/undici:1501:9)
    at process.processTicksAndRejections (node:internal/process/task_queues:95:5)
    at async specConsumeBody (node:internal/deps/undici/undici:5399:7)
    at Object.getModelsForMake (C:\Users\tfort\Desktop\Projects\the-pickard\src\lib\nhtsa-vpic-api.ts:78:18)
    at populateModels (C:\Users\tfort\Desktop\Projects\the-pickard\scripts\populate-vehicle-data.ts:175:22)
    at main (C:\Users\tfort\Desktop\Projects\the-pickard\scripts\populate-vehicle-data.ts:353:7)
      Found 0 models
      ✅ Added models for ALL RIGHT STEEL, LLC.

   🔍 Fetching models for ALL SEASONS MANUFACTURING...
      Found 1 models
      ✅ Added models for ALL SEASONS MANUFACTURING

   🔍 Fetching models for ALL SOUTH EQUIPMENT CO. INC....
Error fetching models for ALL SOUTH EQUIPMENT CO. INC. from NHTSA vPIC: SyntaxError: Unexpected token '<', "<!DOCTYPE "... is not valid JSON
    at JSON.parse (<anonymous>)
    at parseJSONFromBytes (node:internal/deps/undici/undici:5419:19)
    at successSteps (node:internal/deps/undici/undici:5390:27)
    at fullyReadBody (node:internal/deps/undici/undici:1501:9)
    at process.processTicksAndRejections (node:internal/process/task_queues:95:5)
    at async specConsumeBody (node:internal/deps/undici/undici:5399:7)
    at Object.getModelsForMake (C:\Users\tfort\Desktop\Projects\the-pickard\src\lib\nhtsa-vpic-api.ts:78:18)
    at populateModels (C:\Users\tfort\Desktop\Projects\the-pickard\scripts\populate-vehicle-data.ts:175:22)
    at main (C:\Users\tfort\Desktop\Projects\the-pickard\scripts\populate-vehicle-data.ts:353:7)
      Found 0 models
      ✅ Added models for ALL SOUTH EQUIPMENT CO. INC.

   🔍 Fetching models for ALL STAR CARTS & VEHICLES, INC....
Error fetching models for ALL STAR CARTS & VEHICLES, INC. from NHTSA vPIC: SyntaxError: Unexpected token '<', "<!DOCTYPE "... is not valid JSON
    at JSON.parse (<anonymous>)
    at parseJSONFromBytes (node:internal/deps/undici/undici:5419:19)
    at successSteps (node:internal/deps/undici/undici:5390:27)
    at fullyReadBody (node:internal/deps/undici/undici:1501:9)
    at process.processTicksAndRejections (node:internal/process/task_queues:95:5)
    at async specConsumeBody (node:internal/deps/undici/undici:5399:7)
    at Object.getModelsForMake (C:\Users\tfort\Desktop\Projects\the-pickard\src\lib\nhtsa-vpic-api.ts:78:18)
    at populateModels (C:\Users\tfort\Desktop\Projects\the-pickard\scripts\populate-vehicle-data.ts:175:22)
    at main (C:\Users\tfort\Desktop\Projects\the-pickard\scripts\populate-vehicle-data.ts:353:7)
      Found 0 models
      ✅ Added models for ALL STAR CARTS & VEHICLES, INC.

   🔍 Fetching models for ALL STAR SOLUTIONS...
      Found 1 models
      ✅ Added models for ALL STAR SOLUTIONS

   🔍 Fetching models for ALL STAR TRAILERS...
      Found 2 models
      ✅ Added models for ALL STAR TRAILERS

   🔍 Fetching models for ALL STAR TRAILERS FABRICATION...
      Found 1 models
      ✅ Added models for ALL STAR TRAILERS FABRICATION

   🔍 Fetching models for ALL STATE...
      Found 1 models
      ✅ Added models for ALL STATE

   🔍 Fetching models for ALL STEEL TRAILER, LLC...
      Found 1 models
      ✅ Added models for ALL STEEL TRAILER, LLC

   🔍 Fetching models for ALL WHEEL DRIVE EQUIPMENT MFG., INC....
Error fetching models for ALL WHEEL DRIVE EQUIPMENT MFG., INC. from NHTSA vPIC: SyntaxError: Unexpected token '<', "<!DOCTYPE "... is not valid JSON
    at JSON.parse (<anonymous>)
    at parseJSONFromBytes (node:internal/deps/undici/undici:5419:19)
    at successSteps (node:internal/deps/undici/undici:5390:27)
    at fullyReadBody (node:internal/deps/undici/undici:1501:9)
    at process.processTicksAndRejections (node:internal/process/task_queues:95:5)
    at async specConsumeBody (node:internal/deps/undici/undici:5399:7)
    at Object.getModelsForMake (C:\Users\tfort\Desktop\Projects\the-pickard\src\lib\nhtsa-vpic-api.ts:78:18)
    at populateModels (C:\Users\tfort\Desktop\Projects\the-pickard\scripts\populate-vehicle-data.ts:175:22)
    at main (C:\Users\tfort\Desktop\Projects\the-pickard\scripts\populate-vehicle-data.ts:353:7)
      Found 0 models
      ✅ Added models for ALL WHEEL DRIVE EQUIPMENT MFG., INC.

   🔍 Fetching models for ALL WORLD TRAILERS LLC...
      Found 1 models
      ✅ Added models for ALL WORLD TRAILERS LLC

   🔍 Fetching models for ALL-EQUIP REPAIR & SERVICE LTD....
Error fetching models for ALL-EQUIP REPAIR & SERVICE LTD. from NHTSA vPIC: SyntaxError: Unexpected token '<', "<!DOCTYPE "... is not valid JSON
    at JSON.parse (<anonymous>)
    at parseJSONFromBytes (node:internal/deps/undici/undici:5419:19)
    at successSteps (node:internal/deps/undici/undici:5390:27)
    at fullyReadBody (node:internal/deps/undici/undici:1501:9)
    at process.processTicksAndRejections (node:internal/process/task_queues:95:5)
    at async specConsumeBody (node:internal/deps/undici/undici:5399:7)
    at Object.getModelsForMake (C:\Users\tfort\Desktop\Projects\the-pickard\src\lib\nhtsa-vpic-api.ts:78:18)
    at populateModels (C:\Users\tfort\Desktop\Projects\the-pickard\scripts\populate-vehicle-data.ts:175:22)
    at main (C:\Users\tfort\Desktop\Projects\the-pickard\scripts\populate-vehicle-data.ts:353:7)
      Found 0 models
      ✅ Added models for ALL-EQUIP REPAIR & SERVICE LTD.

   🔍 Fetching models for ALL-IN-ONE PRODUCTS...
      Found 1 models
      ✅ Added models for ALL-IN-ONE PRODUCTS

   🔍 Fetching models for ALLARD MOTOR WORKS...
      Found 1 models
      ✅ Added models for ALLARD MOTOR WORKS

   🔍 Fetching models for ALLBETTER...
      Found 1 models
      ✅ Added models for ALLBETTER

   🔍 Fetching models for ALLCO TRAILER MANUFACTURING...
      Found 1 models
      ✅ Added models for ALLCO TRAILER MANUFACTURING

   🔍 Fetching models for ALLEGHENY TRAILERS...
      Found 1 models
      ✅ Added models for ALLEGHENY TRAILERS

   🔍 Fetching models for ALLEN BOAT COMPANY...
      Found 1 models
      ✅ Added models for ALLEN BOAT COMPANY

   🔍 Fetching models for ALLEN FABRICATORS INC....
Error fetching models for ALLEN FABRICATORS INC. from NHTSA vPIC: SyntaxError: Unexpected token '<', "<!DOCTYPE "... is not valid JSON
    at JSON.parse (<anonymous>)
    at parseJSONFromBytes (node:internal/deps/undici/undici:5419:19)
    at successSteps (node:internal/deps/undici/undici:5390:27)
    at fullyReadBody (node:internal/deps/undici/undici:1501:9)
    at process.processTicksAndRejections (node:internal/process/task_queues:95:5)
    at async specConsumeBody (node:internal/deps/undici/undici:5399:7)
    at Object.getModelsForMake (C:\Users\tfort\Desktop\Projects\the-pickard\src\lib\nhtsa-vpic-api.ts:78:18)
    at populateModels (C:\Users\tfort\Desktop\Projects\the-pickard\scripts\populate-vehicle-data.ts:175:22)
    at main (C:\Users\tfort\Desktop\Projects\the-pickard\scripts\populate-vehicle-data.ts:353:7)
      Found 0 models
      ✅ Added models for ALLEN FABRICATORS INC.

   🔍 Fetching models for ALLEN'S...
      Found 2 models
      ✅ Added models for ALLEN'S

   🔍 Fetching models for ALLEN'S MFG INC....
Error fetching models for ALLEN'S MFG INC. from NHTSA vPIC: SyntaxError: Unexpected token '<', "<!DOCTYPE "... is not valid JSON
    at JSON.parse (<anonymous>)
    at parseJSONFromBytes (node:internal/deps/undici/undici:5419:19)
    at successSteps (node:internal/deps/undici/undici:5390:27)
    at fullyReadBody (node:internal/deps/undici/undici:1501:9)
    at process.processTicksAndRejections (node:internal/process/task_queues:95:5)
    at async specConsumeBody (node:internal/deps/undici/undici:5399:7)
    at Object.getModelsForMake (C:\Users\tfort\Desktop\Projects\the-pickard\src\lib\nhtsa-vpic-api.ts:78:18)
    at populateModels (C:\Users\tfort\Desktop\Projects\the-pickard\scripts\populate-vehicle-data.ts:175:22)
    at main (C:\Users\tfort\Desktop\Projects\the-pickard\scripts\populate-vehicle-data.ts:353:7)
      Found 0 models
      ✅ Added models for ALLEN'S MFG INC.

   🔍 Fetching models for ALLENTOWN SHOTCRETE TECHNOLOGY, INC....
Error fetching models for ALLENTOWN SHOTCRETE TECHNOLOGY, INC. from NHTSA vPIC: SyntaxError: Unexpected token '<', "<!DOCTYPE "... is not valid JSON
    at JSON.parse (<anonymous>)
    at parseJSONFromBytes (node:internal/deps/undici/undici:5419:19)
    at successSteps (node:internal/deps/undici/undici:5390:27)
    at fullyReadBody (node:internal/deps/undici/undici:1501:9)
    at process.processTicksAndRejections (node:internal/process/task_queues:95:5)
    at async specConsumeBody (node:internal/deps/undici/undici:5399:7)
    at Object.getModelsForMake (C:\Users\tfort\Desktop\Projects\the-pickard\src\lib\nhtsa-vpic-api.ts:78:18)
    at populateModels (C:\Users\tfort\Desktop\Projects\the-pickard\scripts\populate-vehicle-data.ts:175:22)
    at main (C:\Users\tfort\Desktop\Projects\the-pickard\scripts\populate-vehicle-data.ts:353:7)
      Found 0 models
      ✅ Added models for ALLENTOWN SHOTCRETE TECHNOLOGY, INC.

   🔍 Fetching models for ALLEY RAT CUSTOM CYCLES LLC...
      Found 1 models
      ✅ Added models for ALLEY RAT CUSTOM CYCLES LLC

   🔍 Fetching models for ALLEYKAT KUSTOMS OF ARIZONA...
      Found 1 models
      ✅ Added models for ALLEYKAT KUSTOMS OF ARIZONA

   🔍 Fetching models for ALLIANCE NORTH AMERICA, INC...
      Found 1 models
      ✅ Added models for ALLIANCE NORTH AMERICA, INC

   🔍 Fetching models for ALLIANCE RV...
      Found 5 models
      ✅ Added models for ALLIANCE RV

   🔍 Fetching models for ALLIANZ SWEEPER COMPANY...
      Found 1 models
      ✅ Added models for ALLIANZ SWEEPER COMPANY

   🔍 Fetching models for ALLIED MACHINE INC...
      Found 1 models
      ✅ Added models for ALLIED MACHINE INC

   🔍 Fetching models for ALLIED MANUFACTURING, INC....
Error fetching models for ALLIED MANUFACTURING, INC. from NHTSA vPIC: SyntaxError: Unexpected token '<', "<!DOCTYPE "... is not valid JSON
    at JSON.parse (<anonymous>)
    at parseJSONFromBytes (node:internal/deps/undici/undici:5419:19)
    at successSteps (node:internal/deps/undici/undici:5390:27)
    at fullyReadBody (node:internal/deps/undici/undici:1501:9)
    at process.processTicksAndRejections (node:internal/process/task_queues:95:5)
    at async specConsumeBody (node:internal/deps/undici/undici:5399:7)
    at Object.getModelsForMake (C:\Users\tfort\Desktop\Projects\the-pickard\src\lib\nhtsa-vpic-api.ts:78:18)
    at populateModels (C:\Users\tfort\Desktop\Projects\the-pickard\scripts\populate-vehicle-data.ts:175:22)
    at main (C:\Users\tfort\Desktop\Projects\the-pickard\scripts\populate-vehicle-data.ts:353:7)
      Found 0 models
      ✅ Added models for ALLIED MANUFACTURING, INC.

   🔍 Fetching models for ALLIED STEEL...
      Found 1 models
      ✅ Added models for ALLIED STEEL

   🔍 Fetching models for ALLIED TRAILER WORKS (ATW)...
      Found 1 models
      ✅ Added models for ALLIED TRAILER WORKS (ATW)

   🔍 Fetching models for ALLIED WELDING SERVICES...
      Found 1 models
      ✅ Added models for ALLIED WELDING SERVICES

   🔍 Fetching models for ALLISON DUMP BODIES & TRAILERS...
      Found 1 models
      ✅ Added models for ALLISON DUMP BODIES & TRAILERS

   🔍 Fetching models for ALLMAND BROS, INC....
Error fetching models for ALLMAND BROS, INC. from NHTSA vPIC: SyntaxError: Unexpected token '<', "<!DOCTYPE "... is not valid JSON
    at JSON.parse (<anonymous>)
    at parseJSONFromBytes (node:internal/deps/undici/undici:5419:19)
    at successSteps (node:internal/deps/undici/undici:5390:27)
    at fullyReadBody (node:internal/deps/undici/undici:1501:9)
    at process.processTicksAndRejections (node:internal/process/task_queues:95:5)
    at async specConsumeBody (node:internal/deps/undici/undici:5399:7)
    at Object.getModelsForMake (C:\Users\tfort\Desktop\Projects\the-pickard\src\lib\nhtsa-vpic-api.ts:78:18)
    at populateModels (C:\Users\tfort\Desktop\Projects\the-pickard\scripts\populate-vehicle-data.ts:175:22)
    at main (C:\Users\tfort\Desktop\Projects\the-pickard\scripts\populate-vehicle-data.ts:353:7)
      Found 0 models
      ✅ Added models for ALLMAND BROS, INC.

   🔍 Fetching models for ALLMAND BROTHERS...
      Found 14 models
      ✅ Added models for ALLMAND BROTHERS

   🔍 Fetching models for ALLOUTHUNTING...
      Found 1 models
      ✅ Added models for ALLOUTHUNTING

   🔍 Fetching models for ALLOY...
      Found 15 models
      ✅ Added models for ALLOY

   🔍 Fetching models for ALLOY CUSTOM PRODUCTS...
      Found 1 models
      ✅ Added models for ALLOY CUSTOM PRODUCTS

   🔍 Fetching models for ALLOY CUSTOM VACUUM PRODUCTS INC...
      Found 1 models
      ✅ Added models for ALLOY CUSTOM VACUUM PRODUCTS INC

   🔍 Fetching models for ALLROAD...
      Found 2 models
      ✅ Added models for ALLROAD

   🔍 Fetching models for ALLROAD ORV...
      Found 1 models
      ✅ Added models for ALLROAD ORV

   🔍 Fetching models for ALLSTATES PRODUCTION EQUIPMENT COMPANY...
      Found 1 models
      ✅ Added models for ALLSTATES PRODUCTION EQUIPMENT COMPANY

   🔍 Fetching models for ALLURE TRAILERS...
      Found 1 models
      ✅ Added models for ALLURE TRAILERS

   🔍 Fetching models for ALLVAN CORPORATION...
      Found 1 models
      ✅ Added models for ALLVAN CORPORATION

   🔍 Fetching models for ALMAR MANUFACTURING...
      Found 1 models
      ✅ Added models for ALMAR MANUFACTURING

   🔍 Fetching models for ALMAX HOLDING LIMITED...
      Found 1 models
      ✅ Added models for ALMAX HOLDING LIMITED

   🔍 Fetching models for ALMIGHTY TRAILERS LLC...
      Found 1 models
      ✅ Added models for ALMIGHTY TRAILERS LLC

   🔍 Fetching models for ALPACAMPER...
      Found 1 models
      ✅ Added models for ALPACAMPER

   🔍 Fetching models for ALPHA BOATS UNLIMITED...
      Found 1 models
      ✅ Added models for ALPHA BOATS UNLIMITED

   🔍 Fetching models for ALPHA CARGO TRAILERS LLC...
      Found 1 models
      ✅ Added models for ALPHA CARGO TRAILERS LLC

   🔍 Fetching models for ALPHA MODIFIED SYSTEMS...
      Found 1 models
      ✅ Added models for ALPHA MODIFIED SYSTEMS

   🔍 Fetching models for ALPHA PRODUCTS INTERNATIONAL...
      Found 29 models
      ✅ Added models for ALPHA PRODUCTS INTERNATIONAL

   🔍 Fetching models for ALPHA TANK BUILDERS...
      Found 1 models
      ✅ Added models for ALPHA TANK BUILDERS

   🔍 Fetching models for ALPHAHD TRAILERS...
      Found 1 models
      ✅ Added models for ALPHAHD TRAILERS

   🔍 Fetching models for ALPINE...
      Found 5 models
      ✅ Added models for ALPINE

   🔍 Fetching models for ALPINE INDUSTRIAL, LLC...
      Found 1 models
      ✅ Added models for ALPINE INDUSTRIAL, LLC

   🔍 Fetching models for ALPINE TRAILERS, LLC...
      Found 1 models
      ✅ Added models for ALPINE TRAILERS, LLC

   🔍 Fetching models for ALPINE WELDING & FABRICATION INC...
      Found 1 models
      ✅ Added models for ALPINE WELDING & FABRICATION INC

   🔍 Fetching models for ALSALOR CORP....
Error fetching models for ALSALOR CORP. from NHTSA vPIC: SyntaxError: Unexpected token '<', "<!DOCTYPE "... is not valid JSON
    at JSON.parse (<anonymous>)
    at parseJSONFromBytes (node:internal/deps/undici/undici:5419:19)
    at successSteps (node:internal/deps/undici/undici:5390:27)
    at fullyReadBody (node:internal/deps/undici/undici:1501:9)
    at process.processTicksAndRejections (node:internal/process/task_queues:95:5)
    at async specConsumeBody (node:internal/deps/undici/undici:5399:7)
    at Object.getModelsForMake (C:\Users\tfort\Desktop\Projects\the-pickard\src\lib\nhtsa-vpic-api.ts:78:18)
    at populateModels (C:\Users\tfort\Desktop\Projects\the-pickard\scripts\populate-vehicle-data.ts:175:22)
    at main (C:\Users\tfort\Desktop\Projects\the-pickard\scripts\populate-vehicle-data.ts:353:7)
      Found 0 models
      ✅ Added models for ALSALOR CORP.

   🔍 Fetching models for ALSET...
      Found 6 models
      ✅ Added models for ALSET

   🔍 Fetching models for ALTA...
      Found 4 models
      ✅ Added models for ALTA

   🔍 Fetching models for ALTAMONT TECHNOLOGIES, INC...
      Found 1 models
      ✅ Added models for ALTAMONT TECHNOLOGIES, INC

   🔍 Fetching models for ALTEC...
      Found 3 models
      ✅ Added models for ALTEC

   🔍 Fetching models for ALTEC ENVIRONMENTAL PRODUCTS...
      Found 0 models
      ✅ Added models for ALTEC ENVIRONMENTAL PRODUCTS

   🔍 Fetching models for ALTEC INDUSTRIES, INC....
Error fetching models for ALTEC INDUSTRIES, INC. from NHTSA vPIC: SyntaxError: Unexpected token '<', "<!DOCTYPE "... is not valid JSON
    at JSON.parse (<anonymous>)
    at parseJSONFromBytes (node:internal/deps/undici/undici:5419:19)
    at successSteps (node:internal/deps/undici/undici:5390:27)
    at fullyReadBody (node:internal/deps/undici/undici:1501:9)
    at process.processTicksAndRejections (node:internal/process/task_queues:95:5)
    at async specConsumeBody (node:internal/deps/undici/undici:5399:7)
    at Object.getModelsForMake (C:\Users\tfort\Desktop\Projects\the-pickard\src\lib\nhtsa-vpic-api.ts:78:18)
    at populateModels (C:\Users\tfort\Desktop\Projects\the-pickard\scripts\populate-vehicle-data.ts:175:22)
    at main (C:\Users\tfort\Desktop\Projects\the-pickard\scripts\populate-vehicle-data.ts:353:7)
      Found 0 models
      ✅ Added models for ALTEC INDUSTRIES, INC.

   🔍 Fetching models for ALTITUDE TEARDROP...
      Found 1 models
      ✅ Added models for ALTITUDE TEARDROP

   🔍 Fetching models for ALUM-A-FAB INC....
Error fetching models for ALUM-A-FAB INC. from NHTSA vPIC: SyntaxError: Unexpected token '<', "<!DOCTYPE "... is not valid JSON
    at JSON.parse (<anonymous>)
    at parseJSONFromBytes (node:internal/deps/undici/undici:5419:19)
    at successSteps (node:internal/deps/undici/undici:5390:27)
    at fullyReadBody (node:internal/deps/undici/undici:1501:9)
    at process.processTicksAndRejections (node:internal/process/task_queues:95:5)
    at async specConsumeBody (node:internal/deps/undici/undici:5399:7)
    at Object.getModelsForMake (C:\Users\tfort\Desktop\Projects\the-pickard\src\lib\nhtsa-vpic-api.ts:78:18)
    at populateModels (C:\Users\tfort\Desktop\Projects\the-pickard\scripts\populate-vehicle-data.ts:175:22)
    at main (C:\Users\tfort\Desktop\Projects\the-pickard\scripts\populate-vehicle-data.ts:353:7)
      Found 0 models
      ✅ Added models for ALUM-A-FAB INC.

   🔍 Fetching models for ALUM-LINE, INC....
Error fetching models for ALUM-LINE, INC. from NHTSA vPIC: SyntaxError: Unexpected token '<', "<!DOCTYPE "... is not valid JSON
    at JSON.parse (<anonymous>)
    at parseJSONFromBytes (node:internal/deps/undici/undici:5419:19)
    at successSteps (node:internal/deps/undici/undici:5390:27)
    at fullyReadBody (node:internal/deps/undici/undici:1501:9)
    at process.processTicksAndRejections (node:internal/process/task_queues:95:5)
    at async specConsumeBody (node:internal/deps/undici/undici:5399:7)
    at Object.getModelsForMake (C:\Users\tfort\Desktop\Projects\the-pickard\src\lib\nhtsa-vpic-api.ts:78:18)
    at populateModels (C:\Users\tfort\Desktop\Projects\the-pickard\scripts\populate-vehicle-data.ts:175:22)
    at main (C:\Users\tfort\Desktop\Projects\the-pickard\scripts\populate-vehicle-data.ts:353:7)
      Found 0 models
      ✅ Added models for ALUM-LINE, INC.

   🔍 Fetching models for ALUMA...
      Found 21 models
      ✅ Added models for ALUMA

   🔍 Fetching models for ALUMA PRO TRAILERS, LLC....
Error fetching models for ALUMA PRO TRAILERS, LLC. from NHTSA vPIC: SyntaxError: Unexpected token '<', "<!DOCTYPE "... is not valid JSON
    at JSON.parse (<anonymous>)
    at parseJSONFromBytes (node:internal/deps/undici/undici:5419:19)
    at successSteps (node:internal/deps/undici/undici:5390:27)
    at fullyReadBody (node:internal/deps/undici/undici:1501:9)
    at process.processTicksAndRejections (node:internal/process/task_queues:95:5)
    at async specConsumeBody (node:internal/deps/undici/undici:5399:7)
    at Object.getModelsForMake (C:\Users\tfort\Desktop\Projects\the-pickard\src\lib\nhtsa-vpic-api.ts:78:18)
    at populateModels (C:\Users\tfort\Desktop\Projects\the-pickard\scripts\populate-vehicle-data.ts:175:22)
    at main (C:\Users\tfort\Desktop\Projects\the-pickard\scripts\populate-vehicle-data.ts:353:7)
      Found 0 models
      ✅ Added models for ALUMA PRO TRAILERS, LLC.

   🔍 Fetching models for ALUMA TOWER COMPANY...
      Found 1 models
      ✅ Added models for ALUMA TOWER COMPANY

   🔍 Fetching models for ALUMACAR...
      Found 12 models
      ✅ Added models for ALUMACAR

   🔍 Fetching models for ALUMAICE...
      Found 1 models
      ✅ Added models for ALUMAICE

   🔍 Fetching models for ALUMATECH TRAILERS...
      Found 1 models
      ✅ Added models for ALUMATECH TRAILERS

   🔍 Fetching models for ALUMATREK...
      Found 2 models
      ✅ Added models for ALUMATREK

   🔍 Fetching models for ALUMATREK (ALUMATREK TRAILER INC)...
      Found 1 models
      ✅ Added models for ALUMATREK (ALUMATREK TRAILER INC)

   🔍 Fetching models for ALUMAX TRAILERS...
      Found 1 models
      ✅ Added models for ALUMAX TRAILERS

   🔍 Fetching models for ALUMI TECH...
      Found 1 models
      ✅ Added models for ALUMI TECH

   🔍 Fetching models for ALUMINA TRAILERS...
      Found 1 models
      ✅ Added models for ALUMINA TRAILERS

   🔍 Fetching models for ALUMINA, INC....
Error fetching models for ALUMINA, INC. from NHTSA vPIC: SyntaxError: Unexpected token '<', "<!DOCTYPE "... is not valid JSON
    at JSON.parse (<anonymous>)
    at parseJSONFromBytes (node:internal/deps/undici/undici:5419:19)
    at successSteps (node:internal/deps/undici/undici:5390:27)
    at fullyReadBody (node:internal/deps/undici/undici:1501:9)
    at process.processTicksAndRejections (node:internal/process/task_queues:95:5)
    at async specConsumeBody (node:internal/deps/undici/undici:5399:7)
    at Object.getModelsForMake (C:\Users\tfort\Desktop\Projects\the-pickard\src\lib\nhtsa-vpic-api.ts:78:18)
    at populateModels (C:\Users\tfort\Desktop\Projects\the-pickard\scripts\populate-vehicle-data.ts:175:22)
    at main (C:\Users\tfort\Desktop\Projects\the-pickard\scripts\populate-vehicle-data.ts:353:7)
      Found 0 models
      ✅ Added models for ALUMINA, INC.

   🔍 Fetching models for ALUMINATOR TRAILERS LLC...
      Found 1 models
      ✅ Added models for ALUMINATOR TRAILERS LLC

   🔍 Fetching models for ALUMINEX FABRICATION...
      Found 1 models
      ✅ Added models for ALUMINEX FABRICATION

   🔍 Fetching models for ALUMINUM CARGO TRAILERS INC...
      Found 1 models
      ✅ Added models for ALUMINUM CARGO TRAILERS INC

   🔍 Fetching models for ALUMINUM MODEL...
      Found 8 models
      ✅ Added models for ALUMINUM MODEL

   🔍 Fetching models for ALUMINUM TRAILER CO....
Error fetching models for ALUMINUM TRAILER CO. from NHTSA vPIC: SyntaxError: Unexpected token '<', "<!DOCTYPE "... is not valid JSON
    at JSON.parse (<anonymous>)
    at parseJSONFromBytes (node:internal/deps/undici/undici:5419:19)
    at successSteps (node:internal/deps/undici/undici:5390:27)
    at fullyReadBody (node:internal/deps/undici/undici:1501:9)
    at process.processTicksAndRejections (node:internal/process/task_queues:95:5)
    at async specConsumeBody (node:internal/deps/undici/undici:5399:7)
    at Object.getModelsForMake (C:\Users\tfort\Desktop\Projects\the-pickard\src\lib\nhtsa-vpic-api.ts:78:18)
    at populateModels (C:\Users\tfort\Desktop\Projects\the-pickard\scripts\populate-vehicle-data.ts:175:22)
    at main (C:\Users\tfort\Desktop\Projects\the-pickard\scripts\populate-vehicle-data.ts:353:7)
      Found 0 models
      ✅ Added models for ALUMINUM TRAILER CO.

   🔍 Fetching models for ALUMINUM TRAILERS, INC....
Error fetching models for ALUMINUM TRAILERS, INC. from NHTSA vPIC: SyntaxError: Unexpected token '<', "<!DOCTYPE "... is not valid JSON
    at JSON.parse (<anonymous>)
    at parseJSONFromBytes (node:internal/deps/undici/undici:5419:19)
    at successSteps (node:internal/deps/undici/undici:5390:27)
    at fullyReadBody (node:internal/deps/undici/undici:1501:9)
    at process.processTicksAndRejections (node:internal/process/task_queues:95:5)
    at async specConsumeBody (node:internal/deps/undici/undici:5399:7)
    at Object.getModelsForMake (C:\Users\tfort\Desktop\Projects\the-pickard\src\lib\nhtsa-vpic-api.ts:78:18)
    at populateModels (C:\Users\tfort\Desktop\Projects\the-pickard\scripts\populate-vehicle-data.ts:175:22)
    at main (C:\Users\tfort\Desktop\Projects\the-pickard\scripts\populate-vehicle-data.ts:353:7)
      Found 0 models
      ✅ Added models for ALUMINUM TRAILERS, INC.

   🔍 Fetching models for ALUMINX...
      Found 1 models
      ✅ Added models for ALUMINX

   🔍 Fetching models for ALUMITUFF MANUFACTURING...
      Found 1 models
      ✅ Added models for ALUMITUFF MANUFACTURING

   🔍 Fetching models for ALUMMIKON TRAILERS...
      Found 1 models
      ✅ Added models for ALUMMIKON TRAILERS

   🔍 Fetching models for ALVAREZ...
      Found 1 models
      ✅ Added models for ALVAREZ

   🔍 Fetching models for ALVEY WELDING LLC...
      Found 1 models
      ✅ Added models for ALVEY WELDING LLC

   🔍 Fetching models for ALWAYS READY CART CARE LLC...
      Found 1 models
      ✅ Added models for ALWAYS READY CART CARE LLC

   🔍 Fetching models for AM GENERAL...
      Found 1 models
      ✅ Added models for AM GENERAL

   🔍 Fetching models for AM MACHINERY INC....
Error fetching models for AM MACHINERY INC. from NHTSA vPIC: SyntaxError: Unexpected token '<', "<!DOCTYPE "... is not valid JSON
    at JSON.parse (<anonymous>)
    at parseJSONFromBytes (node:internal/deps/undici/undici:5419:19)
    at successSteps (node:internal/deps/undici/undici:5390:27)
    at fullyReadBody (node:internal/deps/undici/undici:1501:9)
    at process.processTicksAndRejections (node:internal/process/task_queues:95:5)
    at async specConsumeBody (node:internal/deps/undici/undici:5399:7)
    at Object.getModelsForMake (C:\Users\tfort\Desktop\Projects\the-pickard\src\lib\nhtsa-vpic-api.ts:78:18)
    at populateModels (C:\Users\tfort\Desktop\Projects\the-pickard\scripts\populate-vehicle-data.ts:175:22)
    at main (C:\Users\tfort\Desktop\Projects\the-pickard\scripts\populate-vehicle-data.ts:353:7)
      Found 0 models
      ✅ Added models for AM MACHINERY INC.

   🔍 Fetching models for AMACSA...
      Found 1 models
      ✅ Added models for AMACSA

   🔍 Fetching models for AMARON TRAILERS...
      Found 1 models
      ✅ Added models for AMARON TRAILERS

   🔍 Fetching models for AMAZE-N-TOW...
      Found 2 models
      ✅ Added models for AMAZE-N-TOW

   🔍 Fetching models for AMAZE-N-TOW, LLC....
Error fetching models for AMAZE-N-TOW, LLC. from NHTSA vPIC: SyntaxError: Unexpected token '<', "<!DOCTYPE "... is not valid JSON
    at JSON.parse (<anonymous>)
    at parseJSONFromBytes (node:internal/deps/undici/undici:5419:19)
    at successSteps (node:internal/deps/undici/undici:5390:27)
    at fullyReadBody (node:internal/deps/undici/undici:1501:9)
    at process.processTicksAndRejections (node:internal/process/task_queues:95:5)
    at async specConsumeBody (node:internal/deps/undici/undici:5399:7)
    at Object.getModelsForMake (C:\Users\tfort\Desktop\Projects\the-pickard\src\lib\nhtsa-vpic-api.ts:78:18)
    at populateModels (C:\Users\tfort\Desktop\Projects\the-pickard\scripts\populate-vehicle-data.ts:175:22)
    at main (C:\Users\tfort\Desktop\Projects\the-pickard\scripts\populate-vehicle-data.ts:353:7)
      Found 0 models
      ✅ Added models for AMAZE-N-TOW, LLC.

   🔍 Fetching models for AMAZING TRAILERS...
      Found 1 models
      ✅ Added models for AMAZING TRAILERS

   🔍 Fetching models for AMBER WAVES INC....
Error fetching models for AMBER WAVES INC. from NHTSA vPIC: SyntaxError: Unexpected token '<', "<!DOCTYPE "... is not valid JSON
    at JSON.parse (<anonymous>)
    at parseJSONFromBytes (node:internal/deps/undici/undici:5419:19)
    at successSteps (node:internal/deps/undici/undici:5390:27)
    at fullyReadBody (node:internal/deps/undici/undici:1501:9)
    at process.processTicksAndRejections (node:internal/process/task_queues:95:5)
    at async specConsumeBody (node:internal/deps/undici/undici:5399:7)
    at Object.getModelsForMake (C:\Users\tfort\Desktop\Projects\the-pickard\src\lib\nhtsa-vpic-api.ts:78:18)
    at populateModels (C:\Users\tfort\Desktop\Projects\the-pickard\scripts\populate-vehicle-data.ts:175:22)
    at main (C:\Users\tfort\Desktop\Projects\the-pickard\scripts\populate-vehicle-data.ts:353:7)
      Found 0 models
      ✅ Added models for AMBER WAVES INC.

   🔍 Fetching models for AMBERS...
      Found 1 models
      ✅ Added models for AMBERS

   🔍 Fetching models for AMBUSH OUTDOOR PRODUCTS...
      Found 1 models
      ✅ Added models for AMBUSH OUTDOOR PRODUCTS

   🔍 Fetching models for AMC...
      Found 11 models
      ✅ Added models for AMC

   🔍 Fetching models for AMC APARATOS MECANICOS DE CALIDAD...
      Found 1 models
      ✅ Added models for AMC APARATOS MECANICOS DE CALIDAD

   🔍 Fetching models for AMD...
      Found 2 models
      ✅ Added models for AMD

   🔍 Fetching models for AMELIT, INC....
Error fetching models for AMELIT, INC. from NHTSA vPIC: SyntaxError: Unexpected token '<', "<!DOCTYPE "... is not valid JSON
    at JSON.parse (<anonymous>)
    at parseJSONFromBytes (node:internal/deps/undici/undici:5419:19)
    at successSteps (node:internal/deps/undici/undici:5390:27)
    at fullyReadBody (node:internal/deps/undici/undici:1501:9)
    at process.processTicksAndRejections (node:internal/process/task_queues:95:5)
    at async specConsumeBody (node:internal/deps/undici/undici:5399:7)
    at Object.getModelsForMake (C:\Users\tfort\Desktop\Projects\the-pickard\src\lib\nhtsa-vpic-api.ts:78:18)
    at populateModels (C:\Users\tfort\Desktop\Projects\the-pickard\scripts\populate-vehicle-data.ts:175:22)
    at main (C:\Users\tfort\Desktop\Projects\the-pickard\scripts\populate-vehicle-data.ts:353:7)
      Found 0 models
      ✅ Added models for AMELIT, INC.

   🔍 Fetching models for AMEN CHASSIS WORKS...
      Found 1 models
      ✅ Added models for AMEN CHASSIS WORKS

   🔍 Fetching models for AMERATRAIL...
      Found 1 models
      ✅ Added models for AMERATRAIL

   🔍 Fetching models for AMERI-CAMP...
      Found 1 models
      ✅ Added models for AMERI-CAMP

   🔍 Fetching models for AMERI-CAN ENGINEERING, INC....
Error fetching models for AMERI-CAN ENGINEERING, INC. from NHTSA vPIC: SyntaxError: Unexpected token '<', "<!DOCTYPE "... is not valid JSON
    at JSON.parse (<anonymous>)
    at parseJSONFromBytes (node:internal/deps/undici/undici:5419:19)
    at successSteps (node:internal/deps/undici/undici:5390:27)
    at fullyReadBody (node:internal/deps/undici/undici:1501:9)
    at process.processTicksAndRejections (node:internal/process/task_queues:95:5)
    at async specConsumeBody (node:internal/deps/undici/undici:5399:7)
    at Object.getModelsForMake (C:\Users\tfort\Desktop\Projects\the-pickard\src\lib\nhtsa-vpic-api.ts:78:18)
    at populateModels (C:\Users\tfort\Desktop\Projects\the-pickard\scripts\populate-vehicle-data.ts:175:22)
    at main (C:\Users\tfort\Desktop\Projects\the-pickard\scripts\populate-vehicle-data.ts:353:7)
      Found 0 models
      ✅ Added models for AMERI-CAN ENGINEERING, INC.

   🔍 Fetching models for AMERI-CARTS...
      Found 1 models
      ✅ Added models for AMERI-CARTS

   🔍 Fetching models for AMERICA EV...
      Found 6 models
      ✅ Added models for AMERICA EV

   🔍 Fetching models for AMERICA'S BEST CARGO...
      Found 1 models
      ✅ Added models for AMERICA'S BEST CARGO

   🔍 Fetching models for AMERICAN AIRBOAT CORPORATION...
      Found 1 models
      ✅ Added models for AMERICAN AIRBOAT CORPORATION

   🔍 Fetching models for AMERICAN AIRPORT SUPPORT & RESCUE SYSTEMS...
      Found 1 models
      ✅ Added models for AMERICAN AIRPORT SUPPORT & RESCUE SYSTEMS

   🔍 Fetching models for AMERICAN AUGERS...
      Found 1 models
      ✅ Added models for AMERICAN AUGERS

   🔍 Fetching models for AMERICAN BEST CORPORATION...
      Found 1 models
      ✅ Added models for AMERICAN BEST CORPORATION

   🔍 Fetching models for AMERICAN BOS CORP...
      Found 1 models
      ✅ Added models for AMERICAN BOS CORP

   🔍 Fetching models for AMERICAN CARTS...
      Found 1 models
      ✅ Added models for AMERICAN CARTS

   🔍 Fetching models for AMERICAN CLASSIC MOTORS INC....
Error fetching models for AMERICAN CLASSIC MOTORS INC. from NHTSA vPIC: SyntaxError: Unexpected token '<', "<!DOCTYPE "... is not valid JSON
    at JSON.parse (<anonymous>)
    at parseJSONFromBytes (node:internal/deps/undici/undici:5419:19)
    at successSteps (node:internal/deps/undici/undici:5390:27)
    at fullyReadBody (node:internal/deps/undici/undici:1501:9)
    at process.processTicksAndRejections (node:internal/process/task_queues:95:5)
    at async specConsumeBody (node:internal/deps/undici/undici:5399:7)
    at Object.getModelsForMake (C:\Users\tfort\Desktop\Projects\the-pickard\src\lib\nhtsa-vpic-api.ts:78:18)
    at populateModels (C:\Users\tfort\Desktop\Projects\the-pickard\scripts\populate-vehicle-data.ts:175:22)
    at main (C:\Users\tfort\Desktop\Projects\the-pickard\scripts\populate-vehicle-data.ts:353:7)
      Found 0 models
      ✅ Added models for AMERICAN CLASSIC MOTORS INC.

   🔍 Fetching models for AMERICAN CONTROL AND ENGINEERING SERVICE, INC....
Error fetching models for AMERICAN CONTROL AND ENGINEERING SERVICE, INC. from NHTSA vPIC: SyntaxError: Unexpected token '<', "<!DOCTYPE "... is not valid JSON
    at JSON.parse (<anonymous>)
    at parseJSONFromBytes (node:internal/deps/undici/undici:5419:19)
    at successSteps (node:internal/deps/undici/undici:5390:27)
    at fullyReadBody (node:internal/deps/undici/undici:1501:9)
    at process.processTicksAndRejections (node:internal/process/task_queues:95:5)
    at async specConsumeBody (node:internal/deps/undici/undici:5399:7)
    at Object.getModelsForMake (C:\Users\tfort\Desktop\Projects\the-pickard\src\lib\nhtsa-vpic-api.ts:78:18)
    at populateModels (C:\Users\tfort\Desktop\Projects\the-pickard\scripts\populate-vehicle-data.ts:175:22)
    at main (C:\Users\tfort\Desktop\Projects\the-pickard\scripts\populate-vehicle-data.ts:353:7)
      Found 0 models
      ✅ Added models for AMERICAN CONTROL AND ENGINEERING SERVICE, INC.

   🔍 Fetching models for AMERICAN CRAFTED TRAILERS, INC....
Error fetching models for AMERICAN CRAFTED TRAILERS, INC. from NHTSA vPIC: SyntaxError: Unexpected token '<', "<!DOCTYPE "... is not valid JSON
    at JSON.parse (<anonymous>)
    at parseJSONFromBytes (node:internal/deps/undici/undici:5419:19)
    at successSteps (node:internal/deps/undici/undici:5390:27)
    at fullyReadBody (node:internal/deps/undici/undici:1501:9)
    at process.processTicksAndRejections (node:internal/process/task_queues:95:5)
    at async specConsumeBody (node:internal/deps/undici/undici:5399:7)
    at Object.getModelsForMake (C:\Users\tfort\Desktop\Projects\the-pickard\src\lib\nhtsa-vpic-api.ts:78:18)
    at populateModels (C:\Users\tfort\Desktop\Projects\the-pickard\scripts\populate-vehicle-data.ts:175:22)
    at main (C:\Users\tfort\Desktop\Projects\the-pickard\scripts\populate-vehicle-data.ts:353:7)
      Found 0 models
      ✅ Added models for AMERICAN CRAFTED TRAILERS, INC.

   🔍 Fetching models for AMERICAN CUSTOM COACH...
      Found 1 models
      ✅ Added models for AMERICAN CUSTOM COACH

   🔍 Fetching models for AMERICAN CUSTOM GOLF CARS, INC....
Error fetching models for AMERICAN CUSTOM GOLF CARS, INC. from NHTSA vPIC: SyntaxError: Unexpected token '<', "<!DOCTYPE "... is not valid JSON
    at JSON.parse (<anonymous>)
    at parseJSONFromBytes (node:internal/deps/undici/undici:5419:19)
    at successSteps (node:internal/deps/undici/undici:5390:27)
    at fullyReadBody (node:internal/deps/undici/undici:1501:9)
    at process.processTicksAndRejections (node:internal/process/task_queues:95:5)
    at async specConsumeBody (node:internal/deps/undici/undici:5399:7)
    at Object.getModelsForMake (C:\Users\tfort\Desktop\Projects\the-pickard\src\lib\nhtsa-vpic-api.ts:78:18)
    at populateModels (C:\Users\tfort\Desktop\Projects\the-pickard\scripts\populate-vehicle-data.ts:175:22)
    at main (C:\Users\tfort\Desktop\Projects\the-pickard\scripts\populate-vehicle-data.ts:353:7)
      Found 0 models
      ✅ Added models for AMERICAN CUSTOM GOLF CARS, INC.

   🔍 Fetching models for AMERICAN CUSTOM TRAILERS...
      Found 1 models
      ✅ Added models for AMERICAN CUSTOM TRAILERS

   🔍 Fetching models for AMERICAN DOZER INC....
Error fetching models for AMERICAN DOZER INC. from NHTSA vPIC: SyntaxError: Unexpected token '<', "<!DOCTYPE "... is not valid JSON
    at JSON.parse (<anonymous>)
    at parseJSONFromBytes (node:internal/deps/undici/undici:5419:19)
    at successSteps (node:internal/deps/undici/undici:5390:27)
    at fullyReadBody (node:internal/deps/undici/undici:1501:9)
    at process.processTicksAndRejections (node:internal/process/task_queues:95:5)
    at async specConsumeBody (node:internal/deps/undici/undici:5399:7)
    at Object.getModelsForMake (C:\Users\tfort\Desktop\Projects\the-pickard\src\lib\nhtsa-vpic-api.ts:78:18)
    at populateModels (C:\Users\tfort\Desktop\Projects\the-pickard\scripts\populate-vehicle-data.ts:175:22)
    at main (C:\Users\tfort\Desktop\Projects\the-pickard\scripts\populate-vehicle-data.ts:353:7)
      Found 0 models
      ✅ Added models for AMERICAN DOZER INC.

   🔍 Fetching models for AMERICAN EAGLE TRAILERS INC....
Error fetching models for AMERICAN EAGLE TRAILERS INC. from NHTSA vPIC: SyntaxError: Unexpected token '<', "<!DOCTYPE "... is not valid JSON
    at JSON.parse (<anonymous>)
    at parseJSONFromBytes (node:internal/deps/undici/undici:5419:19)
    at successSteps (node:internal/deps/undici/undici:5390:27)
    at fullyReadBody (node:internal/deps/undici/undici:1501:9)
    at process.processTicksAndRejections (node:internal/process/task_queues:95:5)
    at async specConsumeBody (node:internal/deps/undici/undici:5399:7)
    at Object.getModelsForMake (C:\Users\tfort\Desktop\Projects\the-pickard\src\lib\nhtsa-vpic-api.ts:78:18)
    at populateModels (C:\Users\tfort\Desktop\Projects\the-pickard\scripts\populate-vehicle-data.ts:175:22)
    at main (C:\Users\tfort\Desktop\Projects\the-pickard\scripts\populate-vehicle-data.ts:353:7)
      Found 0 models
      ✅ Added models for AMERICAN EAGLE TRAILERS INC.

   🔍 Fetching models for AMERICAN EAGLE TRAILERS, INC....
Error fetching models for AMERICAN EAGLE TRAILERS, INC. from NHTSA vPIC: SyntaxError: Unexpected token '<', "<!DOCTYPE "... is not valid JSON
    at JSON.parse (<anonymous>)
    at parseJSONFromBytes (node:internal/deps/undici/undici:5419:19)
    at successSteps (node:internal/deps/undici/undici:5390:27)
    at fullyReadBody (node:internal/deps/undici/undici:1501:9)
    at process.processTicksAndRejections (node:internal/process/task_queues:95:5)
    at async specConsumeBody (node:internal/deps/undici/undici:5399:7)
    at Object.getModelsForMake (C:\Users\tfort\Desktop\Projects\the-pickard\src\lib\nhtsa-vpic-api.ts:78:18)
    at populateModels (C:\Users\tfort\Desktop\Projects\the-pickard\scripts\populate-vehicle-data.ts:175:22)
    at main (C:\Users\tfort\Desktop\Projects\the-pickard\scripts\populate-vehicle-data.ts:353:7)
      Found 0 models
      ✅ Added models for AMERICAN EAGLE TRAILERS, INC.

   🔍 Fetching models for AMERICAN ELECTRIC VEHICLE COMPANY, LLC...
      Found 3 models
      ✅ Added models for AMERICAN ELECTRIC VEHICLE COMPANY, LLC

   🔍 Fetching models for AMERICAN ELECTRONIC SIGN CO...
      Found 3 models
      ✅ Added models for AMERICAN ELECTRONIC SIGN CO

   🔍 Fetching models for AMERICAN FARRIER SYSTEMS LLC...
      Found 1 models
      ✅ Added models for AMERICAN FARRIER SYSTEMS LLC

   🔍 Fetching models for AMERICAN HAULER...
      Found 1 models
      ✅ Added models for AMERICAN HAULER

   🔍 Fetching models for AMERICAN HAWG CHOPPERS INC...
      Found 10 models
      ✅ Added models for AMERICAN HAWG CHOPPERS INC

   🔍 Fetching models for AMERICAN HOMESTAR CORPORATION...
      Found 1 models
      ✅ Added models for AMERICAN HOMESTAR CORPORATION

   🔍 Fetching models for AMERICAN HOTROD MOTORCYCLES...
      Found 2 models
      ✅ Added models for AMERICAN HOTROD MOTORCYCLES

   🔍 Fetching models for AMERICAN INDUSTRIAL MANUFACTURING...
      Found 1 models
      ✅ Added models for AMERICAN INDUSTRIAL MANUFACTURING

   🔍 Fetching models for AMERICAN INTEGRATED SECURITY GROUP...
      Found 1 models
      ✅ Added models for AMERICAN INTEGRATED SECURITY GROUP

   🔍 Fetching models for AMERICAN IRONHORSE...
      Found 31 models
      ✅ Added models for AMERICAN IRONHORSE

   🔍 Fetching models for AMERICAN IRONHORSE MOTORCYCLES...
      Found 18 models
      ✅ Added models for AMERICAN IRONHORSE MOTORCYCLES

   🔍 Fetching models for AMERICAN KULTURE CYCLES...
      Found 1 models
      ✅ Added models for AMERICAN KULTURE CYCLES

   🔍 Fetching models for AMERICAN KULTURE ROD AND CYCLE SHOPPE...
      Found 1 models
      ✅ Added models for AMERICAN KULTURE ROD AND CYCLE SHOPPE

   🔍 Fetching models for AMERICAN LAFRANCE...
      Found 17 models
      ✅ Added models for AMERICAN LAFRANCE

   🔍 Fetching models for AMERICAN LANDMASTER...
      Found 6 models
      ✅ Added models for AMERICAN LANDMASTER

   🔍 Fetching models for AMERICAN LIFAN...
      Found 4 models
      ✅ Added models for AMERICAN LIFAN

   🔍 Fetching models for AMERICAN MADE...
      Found 18 models
      ✅ Added models for AMERICAN MADE

   🔍 Fetching models for AMERICAN MADE CHASSIS...
      Found 1 models
      ✅ Added models for AMERICAN MADE CHASSIS

   🔍 Fetching models for AMERICAN MADE PRODUCTS...
      Found 1 models
      ✅ Added models for AMERICAN MADE PRODUCTS

   🔍 Fetching models for AMERICAN MADE QUALITY ALUMINUM TRAILERS...
      Found 1 models
      ✅ Added models for AMERICAN MADE QUALITY ALUMINUM TRAILERS

   🔍 Fetching models for AMERICAN MANUFACTURING OPERATIONS...
      Found 2 models
      ✅ Added models for AMERICAN MANUFACTURING OPERATIONS

   🔍 Fetching models for AMERICAN MANUFACTURING OPERATIONS, INC....
Error fetching models for AMERICAN MANUFACTURING OPERATIONS, INC. from NHTSA vPIC: SyntaxError: Unexpected token '<', "<!DOCTYPE "... is not valid JSON
    at JSON.parse (<anonymous>)
    at parseJSONFromBytes (node:internal/deps/undici/undici:5419:19)
    at successSteps (node:internal/deps/undici/undici:5390:27)
    at fullyReadBody (node:internal/deps/undici/undici:1501:9)
    at process.processTicksAndRejections (node:internal/process/task_queues:95:5)
    at async specConsumeBody (node:internal/deps/undici/undici:5399:7)
    at Object.getModelsForMake (C:\Users\tfort\Desktop\Projects\the-pickard\src\lib\nhtsa-vpic-api.ts:78:18)
    at populateModels (C:\Users\tfort\Desktop\Projects\the-pickard\scripts\populate-vehicle-data.ts:175:22)
    at main (C:\Users\tfort\Desktop\Projects\the-pickard\scripts\populate-vehicle-data.ts:353:7)
      Found 0 models
      ✅ Added models for AMERICAN MANUFACTURING OPERATIONS, INC.

   🔍 Fetching models for AMERICAN MANUFACTURING SUPPORT...
      Found 1 models
      ✅ Added models for AMERICAN MANUFACTURING SUPPORT

   🔍 Fetching models for AMERICAN METAL FABRICATION...
      Found 1 models
      ✅ Added models for AMERICAN METAL FABRICATION

   🔍 Fetching models for AMERICAN MOBILE VENDING...
      Found 1 models
      ✅ Added models for AMERICAN MOBILE VENDING

   🔍 Fetching models for AMERICAN MOTORCYCLE CORPORATION...
      Found 8 models
      ✅ Added models for AMERICAN MOTORCYCLE CORPORATION

   🔍 Fetching models for AMERICAN MOTORS...
      Found 5 models
      ✅ Added models for AMERICAN MOTORS

   🔍 Fetching models for AMERICAN NOMAD MANUFACTURING...
      Found 1 models
      ✅ Added models for AMERICAN NOMAD MANUFACTURING

   🔍 Fetching models for AMERICAN PERFORMANCE TECHNOLOGIES...
      Found 2 models
      ✅ Added models for AMERICAN PERFORMANCE TECHNOLOGIES

   🔍 Fetching models for AMERICAN PISTON...
      Found 0 models
      ✅ Added models for AMERICAN PISTON

   🔍 Fetching models for AMERICAN PNEUMATIC TOOLS...
      Found 1 models
      ✅ Added models for AMERICAN PNEUMATIC TOOLS

   🔍 Fetching models for AMERICAN PRIDE...
      Found 2 models
      ✅ Added models for AMERICAN PRIDE

   🔍 Fetching models for AMERICAN PRIDE TRAILERS...
      Found 1 models
      ✅ Added models for AMERICAN PRIDE TRAILERS

   🔍 Fetching models for AMERICAN PRODUCTS...
      Found 1 models
      ✅ Added models for AMERICAN PRODUCTS

   🔍 Fetching models for AMERICAN Q-TEC...
      Found 1 models
      ✅ Added models for AMERICAN Q-TEC

   🔍 Fetching models for AMERICAN QUANTUM CYCLES...
      Found 1 models
      ✅ Added models for AMERICAN QUANTUM CYCLES

   🔍 Fetching models for AMERICAN RECREATIONAL VEHICLES...
      Found 1 models
      ✅ Added models for AMERICAN RECREATIONAL VEHICLES

   🔍 Fetching models for AMERICAN ROAD TRAILERS...
      Found 1 models
      ✅ Added models for AMERICAN ROAD TRAILERS

   🔍 Fetching models for AMERICAN SCOOTER MANUFACTURING...
      Found 2 models
      ✅ Added models for AMERICAN SCOOTER MANUFACTURING

   🔍 Fetching models for AMERICAN SKIER...
      Found 3 models
      ✅ Added models for AMERICAN SKIER

   🔍 Fetching models for AMERICAN SPORT TRAILER...
      Found 1 models
      ✅ Added models for AMERICAN SPORT TRAILER

   🔍 Fetching models for AMERICAN SPORTWORKS...
      Found 1 models
      ✅ Added models for AMERICAN SPORTWORKS

   🔍 Fetching models for AMERICAN SPRAY TECHNOLOGIES...
      Found 1 models
      ✅ Added models for AMERICAN SPRAY TECHNOLOGIES

   🔍 Fetching models for AMERICAN STAR METAL FABRICATION...
      Found 0 models
      ✅ Added models for AMERICAN STAR METAL FABRICATION

   🔍 Fetching models for AMERICAN STEEL HORSE CYCLES...
      Found 1 models
      ✅ Added models for AMERICAN STEEL HORSE CYCLES

   🔍 Fetching models for AMERICAN STEEL V-TWIN...
      Found 1 models
      ✅ Added models for AMERICAN STEEL V-TWIN

   🔍 Fetching models for AMERICAN SUPER CYCLE...
      Found 3 models
      ✅ Added models for AMERICAN SUPER CYCLE

   🔍 Fetching models for AMERICAN SUPERSTAR ...
Error fetching models for AMERICAN SUPERSTAR  from NHTSA vPIC: SyntaxError: Unexpected token '<', "<!DOCTYPE "... is not valid JSON
    at JSON.parse (<anonymous>)
    at parseJSONFromBytes (node:internal/deps/undici/undici:5419:19)
    at successSteps (node:internal/deps/undici/undici:5390:27)
    at fullyReadBody (node:internal/deps/undici/undici:1501:9)
    at process.processTicksAndRejections (node:internal/process/task_queues:95:5)
    at async specConsumeBody (node:internal/deps/undici/undici:5399:7)
    at Object.getModelsForMake (C:\Users\tfort\Desktop\Projects\the-pickard\src\lib\nhtsa-vpic-api.ts:78:18)
    at populateModels (C:\Users\tfort\Desktop\Projects\the-pickard\scripts\populate-vehicle-data.ts:175:22)
    at main (C:\Users\tfort\Desktop\Projects\the-pickard\scripts\populate-vehicle-data.ts:353:7)
      Found 0 models
      ✅ Added models for AMERICAN SUPERSTAR 

   🔍 Fetching models for AMERICAN SURPLUS & MFG...
      Found 1 models
      ✅ Added models for AMERICAN SURPLUS & MFG

   🔍 Fetching models for AMERICAN TANK...
      Found 2 models
      ✅ Added models for AMERICAN TANK

   🔍 Fetching models for AMERICAN TEARDROP...
      Found 1 models
      ✅ Added models for AMERICAN TEARDROP

   🔍 Fetching models for AMERICAN THUNDER TRYKE...
      Found 2 models
      ✅ Added models for AMERICAN THUNDER TRYKE

   🔍 Fetching models for AMERICAN TOTE...
      Found 1 models
      ✅ Added models for AMERICAN TOTE

   🔍 Fetching models for AMERICAN TRAILER AND MANUFACTURING LLC....
Error fetching models for AMERICAN TRAILER AND MANUFACTURING LLC. from NHTSA vPIC: SyntaxError: Unexpected token '<', "<!DOCTYPE "... is not valid JSON
    at JSON.parse (<anonymous>)
    at parseJSONFromBytes (node:internal/deps/undici/undici:5419:19)
    at successSteps (node:internal/deps/undici/undici:5390:27)
    at fullyReadBody (node:internal/deps/undici/undici:1501:9)
    at process.processTicksAndRejections (node:internal/process/task_queues:95:5)
    at async specConsumeBody (node:internal/deps/undici/undici:5399:7)
    at Object.getModelsForMake (C:\Users\tfort\Desktop\Projects\the-pickard\src\lib\nhtsa-vpic-api.ts:78:18)
    at populateModels (C:\Users\tfort\Desktop\Projects\the-pickard\scripts\populate-vehicle-data.ts:175:22)
    at main (C:\Users\tfort\Desktop\Projects\the-pickard\scripts\populate-vehicle-data.ts:353:7)
      Found 0 models
      ✅ Added models for AMERICAN TRAILER AND MANUFACTURING LLC.

   🔍 Fetching models for AMERICAN TRAILER BUILDERS...
      Found 1 models
      ✅ Added models for AMERICAN TRAILER BUILDERS

   🔍 Fetching models for AMERICAN TRAILER COMPANY...
      Found 1 models
      ✅ Added models for AMERICAN TRAILER COMPANY

   🔍 Fetching models for AMERICAN TRAILER MANUFACTURING COMPANY...
      Found 1 models
      ✅ Added models for AMERICAN TRAILER MANUFACTURING COMPANY

   🔍 Fetching models for AMERICAN TRAILER MFG...
      Found 2 models
      ✅ Added models for AMERICAN TRAILER MFG

   🔍 Fetching models for AMERICAN TRAILER MFG. CO...
Error fetching models for AMERICAN TRAILER MFG. CO from NHTSA vPIC: SyntaxError: Unexpected token '<', "<!DOCTYPE "... is not valid JSON
    at JSON.parse (<anonymous>)
    at parseJSONFromBytes (node:internal/deps/undici/undici:5419:19)
    at successSteps (node:internal/deps/undici/undici:5390:27)
    at fullyReadBody (node:internal/deps/undici/undici:1501:9)
    at process.processTicksAndRejections (node:internal/process/task_queues:95:5)
    at async specConsumeBody (node:internal/deps/undici/undici:5399:7)
    at Object.getModelsForMake (C:\Users\tfort\Desktop\Projects\the-pickard\src\lib\nhtsa-vpic-api.ts:78:18)
    at populateModels (C:\Users\tfort\Desktop\Projects\the-pickard\scripts\populate-vehicle-data.ts:175:22)
    at main (C:\Users\tfort\Desktop\Projects\the-pickard\scripts\populate-vehicle-data.ts:353:7)
      Found 0 models
      ✅ Added models for AMERICAN TRAILER MFG. CO

   🔍 Fetching models for AMERICAN TRAILER SYSTEMS...
      Found 1 models
      ✅ Added models for AMERICAN TRAILER SYSTEMS

   🔍 Fetching models for AMERICAN TRAILERS...
      Found 3 models
      ✅ Added models for AMERICAN TRAILERS

   🔍 Fetching models for AMERICAN TRAILERS CO...
      Found 1 models
      ✅ Added models for AMERICAN TRAILERS CO

   🔍 Fetching models for AMERICAN TRAVEL SYSTEMS, INC....
Error fetching models for AMERICAN TRAVEL SYSTEMS, INC. from NHTSA vPIC: SyntaxError: Unexpected token '<', "<!DOCTYPE "... is not valid JSON
    at JSON.parse (<anonymous>)
    at parseJSONFromBytes (node:internal/deps/undici/undici:5419:19)
    at successSteps (node:internal/deps/undici/undici:5390:27)
    at fullyReadBody (node:internal/deps/undici/undici:1501:9)
    at process.processTicksAndRejections (node:internal/process/task_queues:95:5)
    at async specConsumeBody (node:internal/deps/undici/undici:5399:7)
    at Object.getModelsForMake (C:\Users\tfort\Desktop\Projects\the-pickard\src\lib\nhtsa-vpic-api.ts:78:18)
    at populateModels (C:\Users\tfort\Desktop\Projects\the-pickard\scripts\populate-vehicle-data.ts:175:22)
    at main (C:\Users\tfort\Desktop\Projects\the-pickard\scripts\populate-vehicle-data.ts:353:7)
      Found 0 models
      ✅ Added models for AMERICAN TRAVEL SYSTEMS, INC.

   🔍 Fetching models for AMERICAN TRUCK & TRAILER BODY...
      Found 1 models
      ✅ Added models for AMERICAN TRUCK & TRAILER BODY

   🔍 Fetching models for AMERICAN TRUCK COMPANY...
      Found 3 models
      ✅ Added models for AMERICAN TRUCK COMPANY

   🔍 Fetching models for AMERICAN VACUUM...
      Found 1 models
      ✅ Added models for AMERICAN VACUUM

   🔍 Fetching models for AMERICAN VAN...
      Found 1 models
      ✅ Added models for AMERICAN VAN

   🔍 Fetching models for AMERICAN VINTAGE MOTORCYCLE...
      Found 1 models
      ✅ Added models for AMERICAN VINTAGE MOTORCYCLE

   🔍 Fetching models for AMERICAN WARRIOR MOTORCYCLES...
      Found 4 models
      ✅ Added models for AMERICAN WARRIOR MOTORCYCLES

   🔍 Fetching models for AMERICAN WASH COMPANY...
      Found 1 models
      ✅ Added models for AMERICAN WASH COMPANY

   🔍 Fetching models for AMERICAN WELDING & MACHINE CO...
      Found 1 models
      ✅ Added models for AMERICAN WELDING & MACHINE CO

   🔍 Fetching models for AMERICAN WELDING SERVICE...
      Found 1 models
      ✅ Added models for AMERICAN WELDING SERVICE

   🔍 Fetching models for AMERICAN WOOD SPLITTERS, INC....
Error fetching models for AMERICAN WOOD SPLITTERS, INC. from NHTSA vPIC: SyntaxError: Unexpected token '<', "<!DOCTYPE "... is not valid JSON
    at JSON.parse (<anonymous>)
    at parseJSONFromBytes (node:internal/deps/undici/undici:5419:19)
    at successSteps (node:internal/deps/undici/undici:5390:27)
    at fullyReadBody (node:internal/deps/undici/undici:1501:9)
    at process.processTicksAndRejections (node:internal/process/task_queues:95:5)
    at async specConsumeBody (node:internal/deps/undici/undici:5399:7)
    at Object.getModelsForMake (C:\Users\tfort\Desktop\Projects\the-pickard\src\lib\nhtsa-vpic-api.ts:78:18)
    at populateModels (C:\Users\tfort\Desktop\Projects\the-pickard\scripts\populate-vehicle-data.ts:175:22)
    at main (C:\Users\tfort\Desktop\Projects\the-pickard\scripts\populate-vehicle-data.ts:353:7)
      Found 0 models
      ✅ Added models for AMERICAN WOOD SPLITTERS, INC.

   🔍 Fetching models for AMERICANA...
      Found 1 models
      ✅ Added models for AMERICANA

   🔍 Fetching models for AMERICANA CHOPPER...
      Found 1 models
      ✅ Added models for AMERICANA CHOPPER

   🔍 Fetching models for AMERIFAB INDUSTRIES...
      Found 1 models
      ✅ Added models for AMERIFAB INDUSTRIES

   🔍 Fetching models for AMERIMAX...
      Found 0 models
      ✅ Added models for AMERIMAX

   🔍 Fetching models for AMERIQUIP...
      Found 1 models
      ✅ Added models for AMERIQUIP

   🔍 Fetching models for AMERITECH CORPORATION...
      Found 1 models
      ✅ Added models for AMERITECH CORPORATION

   🔍 Fetching models for AMERITRAIL, INC....
Error fetching models for AMERITRAIL, INC. from NHTSA vPIC: SyntaxError: Unexpected token '<', "<!DOCTYPE "... is not valid JSON
    at JSON.parse (<anonymous>)
    at parseJSONFromBytes (node:internal/deps/undici/undici:5419:19)
    at successSteps (node:internal/deps/undici/undici:5390:27)
    at fullyReadBody (node:internal/deps/undici/undici:1501:9)
    at process.processTicksAndRejections (node:internal/process/task_queues:95:5)
    at async specConsumeBody (node:internal/deps/undici/undici:5399:7)
    at Object.getModelsForMake (C:\Users\tfort\Desktop\Projects\the-pickard\src\lib\nhtsa-vpic-api.ts:78:18)
    at populateModels (C:\Users\tfort\Desktop\Projects\the-pickard\scripts\populate-vehicle-data.ts:175:22)
    at main (C:\Users\tfort\Desktop\Projects\the-pickard\scripts\populate-vehicle-data.ts:353:7)
      Found 0 models
      ✅ Added models for AMERITRAIL, INC.

   🔍 Fetching models for AMFAB...
      Found 1 models
      ✅ Added models for AMFAB

   🔍 Fetching models for AMIDA...
      Found 1 models
      ✅ Added models for AMIDA

   🔍 Fetching models for AMIGO MOTORS...
      Found 2 models
      ✅ Added models for AMIGO MOTORS

   🔍 Fetching models for AMKO SERVICE COMPANY...
      Found 1 models
      ✅ Added models for AMKO SERVICE COMPANY

   🔍 Fetching models for AMO...
      Found 85 models
      ✅ Added models for AMO

   🔍 Fetching models for AMP CUSTOMS...
      Found 1 models
      ✅ Added models for AMP CUSTOMS

   🔍 Fetching models for AMP MARINE LLC...
      Found 1 models
      ✅ Added models for AMP MARINE LLC

   🔍 Fetching models for AMP MOTOR VEHICLES...
      Found 2 models
      ✅ Added models for AMP MOTOR VEHICLES

   🔍 Fetching models for AMP TRAILERS MFG....
Error fetching models for AMP TRAILERS MFG. from NHTSA vPIC: SyntaxError: Unexpected token '<', "<!DOCTYPE "... is not valid JSON
    at JSON.parse (<anonymous>)
    at parseJSONFromBytes (node:internal/deps/undici/undici:5419:19)
    at successSteps (node:internal/deps/undici/undici:5390:27)
    at fullyReadBody (node:internal/deps/undici/undici:1501:9)
    at process.processTicksAndRejections (node:internal/process/task_queues:95:5)
    at async specConsumeBody (node:internal/deps/undici/undici:5399:7)
    at Object.getModelsForMake (C:\Users\tfort\Desktop\Projects\the-pickard\src\lib\nhtsa-vpic-api.ts:78:18)
    at populateModels (C:\Users\tfort\Desktop\Projects\the-pickard\scripts\populate-vehicle-data.ts:175:22)
    at main (C:\Users\tfort\Desktop\Projects\the-pickard\scripts\populate-vehicle-data.ts:353:7)
      Found 0 models
      ✅ Added models for AMP TRAILERS MFG.

   🔍 Fetching models for AMP'D UP TRAILERS...
      Found 1 models
      ✅ Added models for AMP'D UP TRAILERS

   🔍 Fetching models for AMPERE...
      Found 2 models
      ✅ Added models for AMPERE

   🔍 Fetching models for AMPHI-RANGER...
      Found 1 models
      ✅ Added models for AMPHI-RANGER

   🔍 Fetching models for AMPHIBIAN BOAT TRAILERS, INC....
Error fetching models for AMPHIBIAN BOAT TRAILERS, INC. from NHTSA vPIC: SyntaxError: Unexpected token '<', "<!DOCTYPE "... is not valid JSON
    at JSON.parse (<anonymous>)
    at parseJSONFromBytes (node:internal/deps/undici/undici:5419:19)
    at successSteps (node:internal/deps/undici/undici:5390:27)
    at fullyReadBody (node:internal/deps/undici/undici:1501:9)
    at process.processTicksAndRejections (node:internal/process/task_queues:95:5)
    at async specConsumeBody (node:internal/deps/undici/undici:5399:7)
    at Object.getModelsForMake (C:\Users\tfort\Desktop\Projects\the-pickard\src\lib\nhtsa-vpic-api.ts:78:18)
    at populateModels (C:\Users\tfort\Desktop\Projects\the-pickard\scripts\populate-vehicle-data.ts:175:22)
    at main (C:\Users\tfort\Desktop\Projects\the-pickard\scripts\populate-vehicle-data.ts:353:7)
      Found 0 models
      ✅ Added models for AMPHIBIAN BOAT TRAILERS, INC.

   🔍 Fetching models for AMRAD PRODUCTS AND SUPPLY COMPANY, INC....
Error fetching models for AMRAD PRODUCTS AND SUPPLY COMPANY, INC. from NHTSA vPIC: SyntaxError: Unexpected token '<', "<!DOCTYPE "... is not valid JSON
    at JSON.parse (<anonymous>)
    at parseJSONFromBytes (node:internal/deps/undici/undici:5419:19)
    at successSteps (node:internal/deps/undici/undici:5390:27)
    at fullyReadBody (node:internal/deps/undici/undici:1501:9)
    at process.processTicksAndRejections (node:internal/process/task_queues:95:5)
    at async specConsumeBody (node:internal/deps/undici/undici:5399:7)
    at Object.getModelsForMake (C:\Users\tfort\Desktop\Projects\the-pickard\src\lib\nhtsa-vpic-api.ts:78:18)
    at populateModels (C:\Users\tfort\Desktop\Projects\the-pickard\scripts\populate-vehicle-data.ts:175:22)
    at main (C:\Users\tfort\Desktop\Projects\the-pickard\scripts\populate-vehicle-data.ts:353:7)
      Found 0 models
      ✅ Added models for AMRAD PRODUCTS AND SUPPLY COMPANY, INC.

   🔍 Fetching models for AMS...
      Found 18 models
      ✅ Added models for AMS

   🔍 Fetching models for AMS GLOBAL...
      Found 1 models
      ✅ Added models for AMS GLOBAL

   🔍 Fetching models for AMW...
      Found 2 models
      ✅ Added models for AMW

   🔍 Fetching models for AMW (AUSTIN MOTOR WORKS, INC)...
      Found 1 models
      ✅ Added models for AMW (AUSTIN MOTOR WORKS, INC)

   🔍 Fetching models for ANACONDA...
      Found 1 models
      ✅ Added models for ANACONDA

   🔍 Fetching models for ANAHEIM WELDING & FABRICATION...
      Found 6 models
      ✅ Added models for ANAHEIM WELDING & FABRICATION

   🔍 Fetching models for ANAMNESIS CORPORATION...
      Found 1 models
      ✅ Added models for ANAMNESIS CORPORATION

   🔍 Fetching models for ANARCHY MOTORCYCLE COMPANY...
      Found 1 models
      ✅ Added models for ANARCHY MOTORCYCLE COMPANY

   🔍 Fetching models for ANCHI...
      Found 12 models
      ✅ Added models for ANCHI

   🔍 Fetching models for ANDERSON CUSTOM IRON WORKS...
      Found 1 models
      ✅ Added models for ANDERSON CUSTOM IRON WORKS

   🔍 Fetching models for ANDERSON INDUSTRIES...
      Found 2 models
      ✅ Added models for ANDERSON INDUSTRIES

   🔍 Fetching models for ANDERSON MFG....
Error fetching models for ANDERSON MFG. from NHTSA vPIC: SyntaxError: Unexpected token '<', "<!DOCTYPE "... is not valid JSON
    at JSON.parse (<anonymous>)
    at parseJSONFromBytes (node:internal/deps/undici/undici:5419:19)
    at successSteps (node:internal/deps/undici/undici:5390:27)
    at fullyReadBody (node:internal/deps/undici/undici:1501:9)
    at process.processTicksAndRejections (node:internal/process/task_queues:95:5)
    at async specConsumeBody (node:internal/deps/undici/undici:5399:7)
    at Object.getModelsForMake (C:\Users\tfort\Desktop\Projects\the-pickard\src\lib\nhtsa-vpic-api.ts:78:18)
    at populateModels (C:\Users\tfort\Desktop\Projects\the-pickard\scripts\populate-vehicle-data.ts:175:22)
    at main (C:\Users\tfort\Desktop\Projects\the-pickard\scripts\populate-vehicle-data.ts:353:7)
      Found 0 models
      ✅ Added models for ANDERSON MFG.

   🔍 Fetching models for ANDERSON REPAIR...
      Found 1 models
      ✅ Added models for ANDERSON REPAIR

   🔍 Fetching models for ANDERSON TRUCK BODY & EQUIPMENT...
      Found 1 models
      ✅ Added models for ANDERSON TRUCK BODY & EQUIPMENT

   🔍 Fetching models for ANDHUM TRAILERS...
      Found 1 models
      ✅ Added models for ANDHUM TRAILERS

   🔍 Fetching models for ANDREWS EQUIPMENT SERVICE OF WASHINGTON INC....
Error fetching models for ANDREWS EQUIPMENT SERVICE OF WASHINGTON INC. from NHTSA vPIC: SyntaxError: Unexpected token '<', "<!DOCTYPE "... is not valid JSON
    at JSON.parse (<anonymous>)
    at parseJSONFromBytes (node:internal/deps/undici/undici:5419:19)
    at successSteps (node:internal/deps/undici/undici:5390:27)
    at fullyReadBody (node:internal/deps/undici/undici:1501:9)
    at process.processTicksAndRejections (node:internal/process/task_queues:95:5)
    at async specConsumeBody (node:internal/deps/undici/undici:5399:7)
    at Object.getModelsForMake (C:\Users\tfort\Desktop\Projects\the-pickard\src\lib\nhtsa-vpic-api.ts:78:18)
    at populateModels (C:\Users\tfort\Desktop\Projects\the-pickard\scripts\populate-vehicle-data.ts:175:22)
    at main (C:\Users\tfort\Desktop\Projects\the-pickard\scripts\populate-vehicle-data.ts:353:7)
      Found 0 models
      ✅ Added models for ANDREWS EQUIPMENT SERVICE OF WASHINGTON INC.

   🔍 Fetching models for ANDROS ENGINEERING...
      Found 1 models
      ✅ Added models for ANDROS ENGINEERING

   🔍 Fetching models for ANDY'S WELDING...
      Found 1 models
      ✅ Added models for ANDY'S WELDING

   🔍 Fetching models for ANESKO'S CUSTOM TRAILERS...
      Found 1 models
      ✅ Added models for ANESKO'S CUSTOM TRAILERS

   🔍 Fetching models for ANHUI ANKAI...
      Found 1 models
      ✅ Added models for ANHUI ANKAI

   🔍 Fetching models for ANLIE...
      Found 0 models
      ✅ Added models for ANLIE

   🔍 Fetching models for ANTE...
      Found 7 models
      ✅ Added models for ANTE

   🔍 Fetching models for ANTIOCH...
      Found 1 models
      ✅ Added models for ANTIOCH

   🔍 Fetching models for ANTRIM METALWORKING & REPAIR...
      Found 1 models
      ✅ Added models for ANTRIM METALWORKING & REPAIR

   🔍 Fetching models for ANVIL...
      Found 3 models
      ✅ Added models for ANVIL

   🔍 Fetching models for ANVIL PRODUCTS CORPORATION...
      Found 1 models
      ✅ Added models for ANVIL PRODUCTS CORPORATION

   🔍 Fetching models for ANVIL TRAILER...
      Found 1 models
      ✅ Added models for ANVIL TRAILER

   🔍 Fetching models for ANYSIZER CHASSIS MANUFACTURING CO...
      Found 1 models
      ✅ Added models for ANYSIZER CHASSIS MANUFACTURING CO

   🔍 Fetching models for ANYTHING GOES CYCLES...
      Found 1 models
      ✅ Added models for ANYTHING GOES CYCLES

   🔍 Fetching models for ANYTHING IN IRON, INC....
Error fetching models for ANYTHING IN IRON, INC. from NHTSA vPIC: SyntaxError: Unexpected token '<', "<!DOCTYPE "... is not valid JSON
    at JSON.parse (<anonymous>)
    at parseJSONFromBytes (node:internal/deps/undici/undici:5419:19)
    at successSteps (node:internal/deps/undici/undici:5390:27)
    at fullyReadBody (node:internal/deps/undici/undici:1501:9)
    at process.processTicksAndRejections (node:internal/process/task_queues:95:5)
    at async specConsumeBody (node:internal/deps/undici/undici:5399:7)
    at Object.getModelsForMake (C:\Users\tfort\Desktop\Projects\the-pickard\src\lib\nhtsa-vpic-api.ts:78:18)
    at populateModels (C:\Users\tfort\Desktop\Projects\the-pickard\scripts\populate-vehicle-data.ts:175:22)
    at main (C:\Users\tfort\Desktop\Projects\the-pickard\scripts\populate-vehicle-data.ts:353:7)
      Found 0 models
      ✅ Added models for ANYTHING IN IRON, INC.

   🔍 Fetching models for AODES...
      Found 12 models
      ✅ Added models for AODES

   🔍 Fetching models for AP TRAILERS LLC...
      Found 1 models
      ✅ Added models for AP TRAILERS LLC

   🔍 Fetching models for APA...
      Found 43 models
      ✅ Added models for APA

   🔍 Fetching models for APACHE...
      Found 8 models
      ✅ Added models for APACHE

   🔍 Fetching models for APACHE GOLF CARS...
      Found 5 models
      ✅ Added models for APACHE GOLF CARS

   🔍 Fetching models for APACHE SINCA INDUSTRIES INC...
      Found 1 models
      ✅ Added models for APACHE SINCA INDUSTRIES INC

   🔍 Fetching models for APACHE TRAILER...
      Found 1 models
      ✅ Added models for APACHE TRAILER

   🔍 Fetching models for APC EQUIPMENT...
      Found 1 models
      ✅ Added models for APC EQUIPMENT

   🔍 Fetching models for APEX...
      Found 7 models
      ✅ Added models for APEX

   🔍 Fetching models for APEX CUSTOM TRAILERS...
      Found 1 models
      ✅ Added models for APEX CUSTOM TRAILERS

   🔍 Fetching models for APEX ENERGY SVC...
      Found 1 models
      ✅ Added models for APEX ENERGY SVC

   🔍 Fetching models for APEX MANUFACTURING CO....
Error fetching models for APEX MANUFACTURING CO. from NHTSA vPIC: SyntaxError: Unexpected token '<', "<!DOCTYPE "... is not valid JSON
    at JSON.parse (<anonymous>)
    at parseJSONFromBytes (node:internal/deps/undici/undici:5419:19)
    at successSteps (node:internal/deps/undici/undici:5390:27)
    at fullyReadBody (node:internal/deps/undici/undici:1501:9)
    at process.processTicksAndRejections (node:internal/process/task_queues:95:5)
    at async specConsumeBody (node:internal/deps/undici/undici:5399:7)
    at Object.getModelsForMake (C:\Users\tfort\Desktop\Projects\the-pickard\src\lib\nhtsa-vpic-api.ts:78:18)
    at populateModels (C:\Users\tfort\Desktop\Projects\the-pickard\scripts\populate-vehicle-data.ts:175:22)
    at main (C:\Users\tfort\Desktop\Projects\the-pickard\scripts\populate-vehicle-data.ts:353:7)
      Found 0 models
      ✅ Added models for APEX MANUFACTURING CO.

   🔍 Fetching models for APEX MOTOR...
      Found 1 models
      ✅ Added models for APEX MOTOR

   🔍 Fetching models for APEX TRAILERS...
      Found 2 models
      ✅ Added models for APEX TRAILERS

   🔍 Fetching models for API...
      Found 11 models
      ✅ Added models for API

   🔍 Fetching models for APLUS TRAILERS...
      Found 1 models
      ✅ Added models for APLUS TRAILERS

   🔍 Fetching models for APM...
      Found 3 models
      ✅ Added models for APM

   🔍 Fetching models for APOGEE...
      Found 3 models
      ✅ Added models for APOGEE

   🔍 Fetching models for APOGEE TRAILERS...
      Found 2 models
      ✅ Added models for APOGEE TRAILERS

   🔍 Fetching models for APOGEE TRAILERS LLC...
      Found 1 models
      ✅ Added models for APOGEE TRAILERS LLC

   🔍 Fetching models for APOLLO...
      Found 18 models
      ✅ Added models for APOLLO

   🔍 Fetching models for APOLLO CHOPPERS...
      Found 14 models
      ✅ Added models for APOLLO CHOPPERS

   🔍 Fetching models for APOLLO TRAILER COMPANY...
      Found 1 models
      ✅ Added models for APOLLO TRAILER COMPANY

   🔍 Fetching models for APPALACHIAN TEARDROP COMPANY...
      Found 1 models
      ✅ Added models for APPALACHIAN TEARDROP COMPANY

   🔍 Fetching models for APPALACHIAN TRAILER SALES...
      Found 1 models
      ✅ Added models for APPALACHIAN TRAILER SALES

   🔍 Fetching models for APPALACHIAN TRAILERS INC....
Error fetching models for APPALACHIAN TRAILERS INC. from NHTSA vPIC: SyntaxError: Unexpected token '<', "<!DOCTYPE "... is not valid JSON
    at JSON.parse (<anonymous>)
    at parseJSONFromBytes (node:internal/deps/undici/undici:5419:19)
    at successSteps (node:internal/deps/undici/undici:5390:27)
    at fullyReadBody (node:internal/deps/undici/undici:1501:9)
    at process.processTicksAndRejections (node:internal/process/task_queues:95:5)
    at async specConsumeBody (node:internal/deps/undici/undici:5399:7)
    at Object.getModelsForMake (C:\Users\tfort\Desktop\Projects\the-pickard\src\lib\nhtsa-vpic-api.ts:78:18)
    at populateModels (C:\Users\tfort\Desktop\Projects\the-pickard\scripts\populate-vehicle-data.ts:175:22)
    at main (C:\Users\tfort\Desktop\Projects\the-pickard\scripts\populate-vehicle-data.ts:353:7)
      Found 0 models
      ✅ Added models for APPALACHIAN TRAILERS INC.

   🔍 Fetching models for APPLEQUIST MANUFACTURING, INC....
Error fetching models for APPLEQUIST MANUFACTURING, INC. from NHTSA vPIC: SyntaxError: Unexpected token '<', "<!DOCTYPE "... is not valid JSON
    at JSON.parse (<anonymous>)
    at parseJSONFromBytes (node:internal/deps/undici/undici:5419:19)
    at successSteps (node:internal/deps/undici/undici:5390:27)
    at fullyReadBody (node:internal/deps/undici/undici:1501:9)
    at process.processTicksAndRejections (node:internal/process/task_queues:95:5)
    at async specConsumeBody (node:internal/deps/undici/undici:5399:7)
    at Object.getModelsForMake (C:\Users\tfort\Desktop\Projects\the-pickard\src\lib\nhtsa-vpic-api.ts:78:18)
    at populateModels (C:\Users\tfort\Desktop\Projects\the-pickard\scripts\populate-vehicle-data.ts:175:22)
    at main (C:\Users\tfort\Desktop\Projects\the-pickard\scripts\populate-vehicle-data.ts:353:7)
      Found 0 models
      ✅ Added models for APPLEQUIST MANUFACTURING, INC.

   🔍 Fetching models for APPLETON STEEL, INC....
Error fetching models for APPLETON STEEL, INC. from NHTSA vPIC: SyntaxError: Unexpected token '<', "<!DOCTYPE "... is not valid JSON
    at JSON.parse (<anonymous>)
    at parseJSONFromBytes (node:internal/deps/undici/undici:5419:19)
    at successSteps (node:internal/deps/undici/undici:5390:27)
    at fullyReadBody (node:internal/deps/undici/undici:1501:9)
    at process.processTicksAndRejections (node:internal/process/task_queues:95:5)
    at async specConsumeBody (node:internal/deps/undici/undici:5399:7)
    at Object.getModelsForMake (C:\Users\tfort\Desktop\Projects\the-pickard\src\lib\nhtsa-vpic-api.ts:78:18)
    at populateModels (C:\Users\tfort\Desktop\Projects\the-pickard\scripts\populate-vehicle-data.ts:175:22)
    at main (C:\Users\tfort\Desktop\Projects\the-pickard\scripts\populate-vehicle-data.ts:353:7)
      Found 0 models
      ✅ Added models for APPLETON STEEL, INC.

   🔍 Fetching models for APPLIED CRYO TECHNOLOGIES...
      Found 1 models
      ✅ Added models for APPLIED CRYO TECHNOLOGIES

   🔍 Fetching models for APPLIED RESEARCH/VERTEK...
Error fetching models for APPLIED RESEARCH/VERTEK from NHTSA vPIC: SyntaxError: Unexpected token '<', "<!DOCTYPE "... is not valid JSON
    at JSON.parse (<anonymous>)
    at parseJSONFromBytes (node:internal/deps/undici/undici:5419:19)
    at successSteps (node:internal/deps/undici/undici:5390:27)
    at fullyReadBody (node:internal/deps/undici/undici:1501:9)
    at process.processTicksAndRejections (node:internal/process/task_queues:95:5)
    at async specConsumeBody (node:internal/deps/undici/undici:5399:7)
    at Object.getModelsForMake (C:\Users\tfort\Desktop\Projects\the-pickard\src\lib\nhtsa-vpic-api.ts:78:18)
    at populateModels (C:\Users\tfort\Desktop\Projects\the-pickard\scripts\populate-vehicle-data.ts:175:22)
    at main (C:\Users\tfort\Desktop\Projects\the-pickard\scripts\populate-vehicle-data.ts:353:7)
      Found 0 models
      ✅ Added models for APPLIED RESEARCH/VERTEK

   🔍 Fetching models for APRILIA...
      Found 50 models
      ✅ Added models for APRILIA

   🔍 Fetching models for APS SYSTEMS...
      Found 1 models
      ✅ Added models for APS SYSTEMS

   🔍 Fetching models for APTERA MOTORS...
      Found 1 models
      ✅ Added models for APTERA MOTORS

   🔍 Fetching models for AQUACRAFT INC...
      Found 1 models
      ✅ Added models for AQUACRAFT INC

   🔍 Fetching models for AQUAHAWK...
      Found 1 models
      ✅ Added models for AQUAHAWK

   🔍 Fetching models for ARABIAN METAL INDUSTRIES LTD....
Error fetching models for ARABIAN METAL INDUSTRIES LTD. from NHTSA vPIC: SyntaxError: Unexpected token '<', "<!DOCTYPE "... is not valid JSON
    at JSON.parse (<anonymous>)
    at parseJSONFromBytes (node:internal/deps/undici/undici:5419:19)
    at successSteps (node:internal/deps/undici/undici:5390:27)
    at fullyReadBody (node:internal/deps/undici/undici:1501:9)
    at process.processTicksAndRejections (node:internal/process/task_queues:95:5)
    at async specConsumeBody (node:internal/deps/undici/undici:5399:7)
    at Object.getModelsForMake (C:\Users\tfort\Desktop\Projects\the-pickard\src\lib\nhtsa-vpic-api.ts:78:18)
    at populateModels (C:\Users\tfort\Desktop\Projects\the-pickard\scripts\populate-vehicle-data.ts:175:22)
    at main (C:\Users\tfort\Desktop\Projects\the-pickard\scripts\populate-vehicle-data.ts:353:7)
      Found 0 models
      ✅ Added models for ARABIAN METAL INDUSTRIES LTD.

   🔍 Fetching models for ARBOC...
      Found 1 models
      ✅ Added models for ARBOC

   🔍 Fetching models for ARBUCKLE'S HOMES TO GO INC...
      Found 1 models
      ✅ Added models for ARBUCKLE'S HOMES TO GO INC

   🔍 Fetching models for ARC...
      Found 152 models
      ✅ Added models for ARC

   🔍 Fetching models for ARC LINE MANUFACTURING LLC...
      Found 1 models
      ✅ Added models for ARC LINE MANUFACTURING LLC

   🔍 Fetching models for ARC MANUFACTURING...
      Found 1 models
      ✅ Added models for ARC MANUFACTURING

   🔍 Fetching models for ARC ZONE...
      Found 1 models
      ✅ Added models for ARC ZONE

   🔍 Fetching models for ARCADE IRON MOTORCYCLE COMPANY...
      Found 1 models
      ✅ Added models for ARCADE IRON MOTORCYCLE COMPANY

   🔍 Fetching models for ARCADIA...
      Found 1 models
      ✅ Added models for ARCADIA

   🔍 Fetching models for ARCANE TRAILERS...
      Found 1 models
      ✅ Added models for ARCANE TRAILERS

   🔍 Fetching models for ARCAS TRAILER...
      Found 1 models
      ✅ Added models for ARCAS TRAILER

   🔍 Fetching models for ARCH CARGO TRAILERS...
      Found 1 models
      ✅ Added models for ARCH CARGO TRAILERS

   🔍 Fetching models for ARCH MOTORCYCLE CO...
      Found 1 models
      ✅ Added models for ARCH MOTORCYCLE CO

   🔍 Fetching models for ARCHE OLIVE COMPANY LLC....
Error fetching models for ARCHE OLIVE COMPANY LLC. from NHTSA vPIC: SyntaxError: Unexpected token '<', "<!DOCTYPE "... is not valid JSON
    at JSON.parse (<anonymous>)
    at parseJSONFromBytes (node:internal/deps/undici/undici:5419:19)
    at successSteps (node:internal/deps/undici/undici:5390:27)
    at fullyReadBody (node:internal/deps/undici/undici:1501:9)
    at process.processTicksAndRejections (node:internal/process/task_queues:95:5)
    at async specConsumeBody (node:internal/deps/undici/undici:5399:7)
    at Object.getModelsForMake (C:\Users\tfort\Desktop\Projects\the-pickard\src\lib\nhtsa-vpic-api.ts:78:18)
    at populateModels (C:\Users\tfort\Desktop\Projects\the-pickard\scripts\populate-vehicle-data.ts:175:22)
    at main (C:\Users\tfort\Desktop\Projects\the-pickard\scripts\populate-vehicle-data.ts:353:7)
      Found 0 models
      ✅ Added models for ARCHE OLIVE COMPANY LLC.

   🔍 Fetching models for ARCHER MANUFACTURING CORPORATION...
      Found 1 models
      ✅ Added models for ARCHER MANUFACTURING CORPORATION

   🔍 Fetching models for ARCHITECTURAL WELDING & DESIGN...
      Found 1 models
      ✅ Added models for ARCHITECTURAL WELDING & DESIGN

   🔍 Fetching models for ARCHITECTURE STEEL LLC...
      Found 1 models
      ✅ Added models for ARCHITECTURE STEEL LLC

   🔍 Fetching models for ARCIMOTO...
      Found 6 models
      ✅ Added models for ARCIMOTO

   🔍 Fetching models for ARCS...
      Found 1 models
      ✅ Added models for ARCS

   🔍 Fetching models for ARCTIC BLAST...
      Found 1 models
      ✅ Added models for ARCTIC BLAST

   🔍 Fetching models for ARCTIC CAT...
      Found 1 models
      ✅ Added models for ARCTIC CAT

   🔍 Fetching models for ARCTICMAX...
      Found 1 models
      ✅ Added models for ARCTICMAX

   🔍 Fetching models for ARCWELD...
      Found 1 models
      ✅ Added models for ARCWELD

   🔍 Fetching models for ARE - 1...
      Found 1 models
      ✅ Added models for ARE - 1

   🔍 Fetching models for AREA 51...
      Found 1 models
      ✅ Added models for AREA 51

   🔍 Fetching models for ARENA WERKS...
      Found 1 models
      ✅ Added models for ARENA WERKS

   🔍 Fetching models for ARGO FAB, INC...
      Found 1 models
      ✅ Added models for ARGO FAB, INC

   🔍 Fetching models for ARGO TRAILERS...
      Found 17 models
      ✅ Added models for ARGO TRAILERS

   🔍 Fetching models for ARGO TRAILERS GA...
      Found 1 models
      ✅ Added models for ARGO TRAILERS GA

   🔍 Fetching models for ARIIC...
      Found 8 models
      ✅ Added models for ARIIC

   🔍 Fetching models for ARION...
      Found 3 models
      ✅ Added models for ARION

   🔍 Fetching models for ARISING INDUSTRIES, INC...
      Found 1 models
      ✅ Added models for ARISING INDUSTRIES, INC

   🔍 Fetching models for ARISTOCRAT INDUSTRIES, INC....
Error fetching models for ARISTOCRAT INDUSTRIES, INC. from NHTSA vPIC: SyntaxError: Unexpected token '<', "<!DOCTYPE "... is not valid JSON
    at JSON.parse (<anonymous>)
    at parseJSONFromBytes (node:internal/deps/undici/undici:5419:19)
    at successSteps (node:internal/deps/undici/undici:5390:27)
    at fullyReadBody (node:internal/deps/undici/undici:1501:9)
    at process.processTicksAndRejections (node:internal/process/task_queues:95:5)
    at async specConsumeBody (node:internal/deps/undici/undici:5399:7)
    at Object.getModelsForMake (C:\Users\tfort\Desktop\Projects\the-pickard\src\lib\nhtsa-vpic-api.ts:78:18)
    at populateModels (C:\Users\tfort\Desktop\Projects\the-pickard\scripts\populate-vehicle-data.ts:175:22)
    at main (C:\Users\tfort\Desktop\Projects\the-pickard\scripts\populate-vehicle-data.ts:353:7)
      Found 0 models
      ✅ Added models for ARISTOCRAT INDUSTRIES, INC.

   🔍 Fetching models for ARIZONA MACHINE & FABRICATION, INC....
Error fetching models for ARIZONA MACHINE & FABRICATION, INC. from NHTSA vPIC: SyntaxError: Unexpected token '<', "<!DOCTYPE "... is not valid JSON
    at JSON.parse (<anonymous>)
    at parseJSONFromBytes (node:internal/deps/undici/undici:5419:19)
    at successSteps (node:internal/deps/undici/undici:5390:27)
    at fullyReadBody (node:internal/deps/undici/undici:1501:9)
    at process.processTicksAndRejections (node:internal/process/task_queues:95:5)
    at async specConsumeBody (node:internal/deps/undici/undici:5399:7)
    at Object.getModelsForMake (C:\Users\tfort\Desktop\Projects\the-pickard\src\lib\nhtsa-vpic-api.ts:78:18)
    at populateModels (C:\Users\tfort\Desktop\Projects\the-pickard\scripts\populate-vehicle-data.ts:175:22)
    at main (C:\Users\tfort\Desktop\Projects\the-pickard\scripts\populate-vehicle-data.ts:353:7)
      Found 0 models
      ✅ Added models for ARIZONA MACHINE & FABRICATION, INC.

   🔍 Fetching models for ARIZONA TRAILER MANUFACTURING...
      Found 1 models
      ✅ Added models for ARIZONA TRAILER MANUFACTURING

   🔍 Fetching models for ARIZONA TRAILER SPECIALISTS...
      Found 1 models
      ✅ Added models for ARIZONA TRAILER SPECIALISTS

   🔍 Fetching models for ARIZONA WOODRIVER OUTFITTERS, LLC...
      Found 1 models
      ✅ Added models for ARIZONA WOODRIVER OUTFITTERS, LLC

   🔍 Fetching models for ARK CUSTOM TRAILERS...
      Found 1 models
      ✅ Added models for ARK CUSTOM TRAILERS

   🔍 Fetching models for ARKANSAS BOATS LLC...
      Found 12 models
      ✅ Added models for ARKANSAS BOATS LLC

   🔍 Fetching models for ARKFELD...
      Found 1 models
      ✅ Added models for ARKFELD

   🔍 Fetching models for ARKTO CAMPERS LTD....
Error fetching models for ARKTO CAMPERS LTD. from NHTSA vPIC: SyntaxError: Unexpected token '<', "<!DOCTYPE "... is not valid JSON
    at JSON.parse (<anonymous>)
    at parseJSONFromBytes (node:internal/deps/undici/undici:5419:19)
    at successSteps (node:internal/deps/undici/undici:5390:27)
    at fullyReadBody (node:internal/deps/undici/undici:1501:9)
    at process.processTicksAndRejections (node:internal/process/task_queues:95:5)
    at async specConsumeBody (node:internal/deps/undici/undici:5399:7)
    at Object.getModelsForMake (C:\Users\tfort\Desktop\Projects\the-pickard\src\lib\nhtsa-vpic-api.ts:78:18)
    at populateModels (C:\Users\tfort\Desktop\Projects\the-pickard\scripts\populate-vehicle-data.ts:175:22)
    at main (C:\Users\tfort\Desktop\Projects\the-pickard\scripts\populate-vehicle-data.ts:353:7)
      Found 0 models
      ✅ Added models for ARKTO CAMPERS LTD.

   🔍 Fetching models for ARLEN NESS ENTERPRISES, INC....
Error fetching models for ARLEN NESS ENTERPRISES, INC. from NHTSA vPIC: SyntaxError: Unexpected token '<', "<!DOCTYPE "... is not valid JSON
    at JSON.parse (<anonymous>)
    at parseJSONFromBytes (node:internal/deps/undici/undici:5419:19)
    at successSteps (node:internal/deps/undici/undici:5390:27)
    at fullyReadBody (node:internal/deps/undici/undici:1501:9)
    at process.processTicksAndRejections (node:internal/process/task_queues:95:5)
    at async specConsumeBody (node:internal/deps/undici/undici:5399:7)
    at Object.getModelsForMake (C:\Users\tfort\Desktop\Projects\the-pickard\src\lib\nhtsa-vpic-api.ts:78:18)
    at populateModels (C:\Users\tfort\Desktop\Projects\the-pickard\scripts\populate-vehicle-data.ts:175:22)
    at main (C:\Users\tfort\Desktop\Projects\the-pickard\scripts\populate-vehicle-data.ts:353:7)
      Found 0 models
      ✅ Added models for ARLEN NESS ENTERPRISES, INC.

   🔍 Fetching models for ARMADILLO CAMPER KITS...
      Found 1 models
      ✅ Added models for ARMADILLO CAMPER KITS

   🔍 Fetching models for ARMADILLO TRAILER MFG....
Error fetching models for ARMADILLO TRAILER MFG. from NHTSA vPIC: SyntaxError: Unexpected token '<', "<!DOCTYPE "... is not valid JSON
    at JSON.parse (<anonymous>)
    at parseJSONFromBytes (node:internal/deps/undici/undici:5419:19)
    at successSteps (node:internal/deps/undici/undici:5390:27)
    at fullyReadBody (node:internal/deps/undici/undici:1501:9)
    at process.processTicksAndRejections (node:internal/process/task_queues:95:5)
    at async specConsumeBody (node:internal/deps/undici/undici:5399:7)
    at Object.getModelsForMake (C:\Users\tfort\Desktop\Projects\the-pickard\src\lib\nhtsa-vpic-api.ts:78:18)
    at populateModels (C:\Users\tfort\Desktop\Projects\the-pickard\scripts\populate-vehicle-data.ts:175:22)
    at main (C:\Users\tfort\Desktop\Projects\the-pickard\scripts\populate-vehicle-data.ts:353:7)
      Found 0 models
      ✅ Added models for ARMADILLO TRAILER MFG.

   🔍 Fetching models for ARMBRUSTER STAGEWAY...
      Found 16 models
      ✅ Added models for ARMBRUSTER STAGEWAY

   🔍 Fetching models for ARMLIFT...
      Found 1 models
      ✅ Added models for ARMLIFT

   🔍 Fetching models for ARMOR CARGO TRAILERS, LLC...
      Found 1 models
      ✅ Added models for ARMOR CARGO TRAILERS, LLC

   🔍 Fetching models for ARMOR CHASSIS...
      Found 1 models
      ✅ Added models for ARMOR CHASSIS

   🔍 Fetching models for ARMOR LITE ...
Error fetching models for ARMOR LITE  from NHTSA vPIC: SyntaxError: Unexpected token '<', "<!DOCTYPE "... is not valid JSON
    at JSON.parse (<anonymous>)
    at parseJSONFromBytes (node:internal/deps/undici/undici:5419:19)
    at successSteps (node:internal/deps/undici/undici:5390:27)
    at fullyReadBody (node:internal/deps/undici/undici:1501:9)
    at process.processTicksAndRejections (node:internal/process/task_queues:95:5)
    at async specConsumeBody (node:internal/deps/undici/undici:5399:7)
    at Object.getModelsForMake (C:\Users\tfort\Desktop\Projects\the-pickard\src\lib\nhtsa-vpic-api.ts:78:18)
    at populateModels (C:\Users\tfort\Desktop\Projects\the-pickard\scripts\populate-vehicle-data.ts:175:22)
    at main (C:\Users\tfort\Desktop\Projects\the-pickard\scripts\populate-vehicle-data.ts:353:7)
      Found 0 models
      ✅ Added models for ARMOR LITE 

   🔍 Fetching models for ARMOR LITE EXCEL, LLC...
      Found 14 models
      ✅ Added models for ARMOR LITE EXCEL, LLC

   🔍 Fetching models for ARMOR LITE TRAILER...
      Found 1 models
      ✅ Added models for ARMOR LITE TRAILER

   🔍 Fetching models for ARMORTECK...
      Found 1 models
      ✅ Added models for ARMORTECK

   🔍 Fetching models for ARMSTRONG TRAILER MANUFACTURING CO., INC....
Error fetching models for ARMSTRONG TRAILER MANUFACTURING CO., INC. from NHTSA vPIC: SyntaxError: Unexpected token '<', "<!DOCTYPE "... is not valid JSON
    at JSON.parse (<anonymous>)
    at parseJSONFromBytes (node:internal/deps/undici/undici:5419:19)
    at successSteps (node:internal/deps/undici/undici:5390:27)
    at fullyReadBody (node:internal/deps/undici/undici:1501:9)
    at process.processTicksAndRejections (node:internal/process/task_queues:95:5)
    at async specConsumeBody (node:internal/deps/undici/undici:5399:7)
    at Object.getModelsForMake (C:\Users\tfort\Desktop\Projects\the-pickard\src\lib\nhtsa-vpic-api.ts:78:18)
    at populateModels (C:\Users\tfort\Desktop\Projects\the-pickard\scripts\populate-vehicle-data.ts:175:22)
    at main (C:\Users\tfort\Desktop\Projects\the-pickard\scripts\populate-vehicle-data.ts:353:7)
      Found 0 models
      ✅ Added models for ARMSTRONG TRAILER MANUFACTURING CO., INC.

   🔍 Fetching models for ARMSTRONG TRAILER PRODUCTS, INC....
Error fetching models for ARMSTRONG TRAILER PRODUCTS, INC. from NHTSA vPIC: SyntaxError: Unexpected token '<', "<!DOCTYPE "... is not valid JSON
    at JSON.parse (<anonymous>)
    at parseJSONFromBytes (node:internal/deps/undici/undici:5419:19)
    at successSteps (node:internal/deps/undici/undici:5390:27)
    at fullyReadBody (node:internal/deps/undici/undici:1501:9)
    at process.processTicksAndRejections (node:internal/process/task_queues:95:5)
    at async specConsumeBody (node:internal/deps/undici/undici:5399:7)
    at Object.getModelsForMake (C:\Users\tfort\Desktop\Projects\the-pickard\src\lib\nhtsa-vpic-api.ts:78:18)
    at populateModels (C:\Users\tfort\Desktop\Projects\the-pickard\scripts\populate-vehicle-data.ts:175:22)
    at main (C:\Users\tfort\Desktop\Projects\the-pickard\scripts\populate-vehicle-data.ts:353:7)
      Found 0 models
      ✅ Added models for ARMSTRONG TRAILER PRODUCTS, INC.

   🔍 Fetching models for ARMSTRONG TRAILERS...
      Found 1 models
      ✅ Added models for ARMSTRONG TRAILERS

   🔍 Fetching models for ARNDT TRAILER MANUFACTURING...
      Found 7 models
      ✅ Added models for ARNDT TRAILER MANUFACTURING

   🔍 Fetching models for ARNING INDUSTRIES, INC....
Error fetching models for ARNING INDUSTRIES, INC. from NHTSA vPIC: SyntaxError: Unexpected token '<', "<!DOCTYPE "... is not valid JSON
    at JSON.parse (<anonymous>)
    at parseJSONFromBytes (node:internal/deps/undici/undici:5419:19)
    at successSteps (node:internal/deps/undici/undici:5390:27)
    at fullyReadBody (node:internal/deps/undici/undici:1501:9)
    at process.processTicksAndRejections (node:internal/process/task_queues:95:5)
    at async specConsumeBody (node:internal/deps/undici/undici:5399:7)
    at Object.getModelsForMake (C:\Users\tfort\Desktop\Projects\the-pickard\src\lib\nhtsa-vpic-api.ts:78:18)
    at populateModels (C:\Users\tfort\Desktop\Projects\the-pickard\scripts\populate-vehicle-data.ts:175:22)
    at main (C:\Users\tfort\Desktop\Projects\the-pickard\scripts\populate-vehicle-data.ts:353:7)
      Found 0 models
      ✅ Added models for ARNING INDUSTRIES, INC.

   🔍 Fetching models for ARNOLD MACHINE...
      Found 1 models
      ✅ Added models for ARNOLD MACHINE

   🔍 Fetching models for ARO SA...
      Found 1 models
      ✅ Added models for ARO SA

   🔍 Fetching models for ARRIBA CUEBALL TRAILER MFG L.L.C....
Error fetching models for ARRIBA CUEBALL TRAILER MFG L.L.C. from NHTSA vPIC: SyntaxError: Unexpected token '<', "<!DOCTYPE "... is not valid JSON
    at JSON.parse (<anonymous>)
    at parseJSONFromBytes (node:internal/deps/undici/undici:5419:19)
    at successSteps (node:internal/deps/undici/undici:5390:27)
    at fullyReadBody (node:internal/deps/undici/undici:1501:9)
    at process.processTicksAndRejections (node:internal/process/task_queues:95:5)
    at async specConsumeBody (node:internal/deps/undici/undici:5399:7)
    at Object.getModelsForMake (C:\Users\tfort\Desktop\Projects\the-pickard\src\lib\nhtsa-vpic-api.ts:78:18)
    at populateModels (C:\Users\tfort\Desktop\Projects\the-pickard\scripts\populate-vehicle-data.ts:175:22)
    at main (C:\Users\tfort\Desktop\Projects\the-pickard\scripts\populate-vehicle-data.ts:353:7)
      Found 0 models
      ✅ Added models for ARRIBA CUEBALL TRAILER MFG L.L.C.

   🔍 Fetching models for ARROW DUMP TRAILERS...
      Found 1 models
      ✅ Added models for ARROW DUMP TRAILERS

   🔍 Fetching models for ARROW TANK AND ENGINEERING CO....
Error fetching models for ARROW TANK AND ENGINEERING CO. from NHTSA vPIC: SyntaxError: Unexpected token '<', "<!DOCTYPE "... is not valid JSON
    at JSON.parse (<anonymous>)
    at parseJSONFromBytes (node:internal/deps/undici/undici:5419:19)
    at successSteps (node:internal/deps/undici/undici:5390:27)
    at fullyReadBody (node:internal/deps/undici/undici:1501:9)
    at process.processTicksAndRejections (node:internal/process/task_queues:95:5)
    at async specConsumeBody (node:internal/deps/undici/undici:5399:7)
    at Object.getModelsForMake (C:\Users\tfort\Desktop\Projects\the-pickard\src\lib\nhtsa-vpic-api.ts:78:18)
    at populateModels (C:\Users\tfort\Desktop\Projects\the-pickard\scripts\populate-vehicle-data.ts:175:22)
    at main (C:\Users\tfort\Desktop\Projects\the-pickard\scripts\populate-vehicle-data.ts:353:7)
      Found 0 models
      ✅ Added models for ARROW TANK AND ENGINEERING CO.

   🔍 Fetching models for ARROWHEAD...
      Found 2 models
      ✅ Added models for ARROWHEAD

   🔍 Fetching models for ARROWHEAD TRAILER MFG., INC....
Error fetching models for ARROWHEAD TRAILER MFG., INC. from NHTSA vPIC: SyntaxError: Unexpected token '<', "<!DOCTYPE "... is not valid JSON
    at JSON.parse (<anonymous>)
    at parseJSONFromBytes (node:internal/deps/undici/undici:5419:19)
    at successSteps (node:internal/deps/undici/undici:5390:27)
    at fullyReadBody (node:internal/deps/undici/undici:1501:9)
    at process.processTicksAndRejections (node:internal/process/task_queues:95:5)
    at async specConsumeBody (node:internal/deps/undici/undici:5399:7)
    at Object.getModelsForMake (C:\Users\tfort\Desktop\Projects\the-pickard\src\lib\nhtsa-vpic-api.ts:78:18)
    at populateModels (C:\Users\tfort\Desktop\Projects\the-pickard\scripts\populate-vehicle-data.ts:175:22)
    at main (C:\Users\tfort\Desktop\Projects\the-pickard\scripts\populate-vehicle-data.ts:353:7)
      Found 0 models
      ✅ Added models for ARROWHEAD TRAILER MFG., INC.

   🔍 Fetching models for ARSENAL OF VIRGINIA...
      Found 1 models
      ✅ Added models for ARSENAL OF VIRGINIA

   🔍 Fetching models for ARSENAL TRAILER MANUFACTURING INC...
      Found 1 models
      ✅ Added models for ARSENAL TRAILER MANUFACTURING INC

   🔍 Fetching models for ART...
      Found 433 models
      ✅ Added models for ART

   🔍 Fetching models for ART IN MOTION...
      Found 5 models
      ✅ Added models for ART IN MOTION

   🔍 Fetching models for ART ROLL TECH...
      Found 1 models
      ✅ Added models for ART ROLL TECH

   🔍 Fetching models for ART'S PORTABLE WELDING...
      Found 1 models
      ✅ Added models for ART'S PORTABLE WELDING

   🔍 Fetching models for ART'S WAY...
      Found 1 models
      ✅ Added models for ART'S WAY

   🔍 Fetching models for ARTECH PARTS FABRICATION...
      Found 1 models
      ✅ Added models for ARTECH PARTS FABRICATION

   🔍 Fetching models for ARVI TRAILERS...
      Found 1 models
      ✅ Added models for ARVI TRAILERS

   🔍 Fetching models for ASA...
      Found 290 models
      ✅ Added models for ASA

   🔍 Fetching models for ASC, INC....
Error fetching models for ASC, INC. from NHTSA vPIC: SyntaxError: Unexpected token '<', "<!DOCTYPE "... is not valid JSON
    at JSON.parse (<anonymous>)
    at parseJSONFromBytes (node:internal/deps/undici/undici:5419:19)
    at successSteps (node:internal/deps/undici/undici:5390:27)
    at fullyReadBody (node:internal/deps/undici/undici:1501:9)
    at process.processTicksAndRejections (node:internal/process/task_queues:95:5)
    at async specConsumeBody (node:internal/deps/undici/undici:5399:7)
    at Object.getModelsForMake (C:\Users\tfort\Desktop\Projects\the-pickard\src\lib\nhtsa-vpic-api.ts:78:18)
    at populateModels (C:\Users\tfort\Desktop\Projects\the-pickard\scripts\populate-vehicle-data.ts:175:22)
    at main (C:\Users\tfort\Desktop\Projects\the-pickard\scripts\populate-vehicle-data.ts:353:7)
      Found 0 models
      ✅ Added models for ASC, INC.

   🔍 Fetching models for ASE...
      Found 38 models
      ✅ Added models for ASE

   🔍 Fetching models for ASF LOADMASTER...
      Found 1 models
      ✅ Added models for ASF LOADMASTER

   🔍 Fetching models for ASH COMPANY OF MOUNTAIN LAKE...
      Found 1 models
      ✅ Added models for ASH COMPANY OF MOUNTAIN LAKE

   🔍 Fetching models for ASHCAN FAB. CO....
Error fetching models for ASHCAN FAB. CO. from NHTSA vPIC: SyntaxError: Unexpected token '<', "<!DOCTYPE "... is not valid JSON
    at JSON.parse (<anonymous>)
    at parseJSONFromBytes (node:internal/deps/undici/undici:5419:19)
    at successSteps (node:internal/deps/undici/undici:5390:27)
    at fullyReadBody (node:internal/deps/undici/undici:1501:9)
    at process.processTicksAndRejections (node:internal/process/task_queues:95:5)
    at async specConsumeBody (node:internal/deps/undici/undici:5399:7)
    at Object.getModelsForMake (C:\Users\tfort\Desktop\Projects\the-pickard\src\lib\nhtsa-vpic-api.ts:78:18)
    at populateModels (C:\Users\tfort\Desktop\Projects\the-pickard\scripts\populate-vehicle-data.ts:175:22)
    at main (C:\Users\tfort\Desktop\Projects\the-pickard\scripts\populate-vehicle-data.ts:353:7)
      Found 0 models
      ✅ Added models for ASHCAN FAB. CO.

   🔍 Fetching models for ASHCROFT ENTERPRISES...
      Found 1 models
      ✅ Added models for ASHCROFT ENTERPRISES

   🔍 Fetching models for ASHFORD MFG...
      Found 1 models
      ✅ Added models for ASHFORD MFG

   🔍 Fetching models for ASHLEY'S CAROLINA CARS...
      Found 1 models
      ✅ Added models for ASHLEY'S CAROLINA CARS

   🔍 Fetching models for ASHLEY'S WELDING AND METAL FABRICATION...
      Found 1 models
      ✅ Added models for ASHLEY'S WELDING AND METAL FABRICATION

   🔍 Fetching models for ASI TRAILERS...
      Found 1 models
      ✅ Added models for ASI TRAILERS

   🔍 Fetching models for ASPEN...
      Found 6 models
      ✅ Added models for ASPEN

   🔍 Fetching models for ASPEN (KEB)...
      Found 1 models
      ✅ Added models for ASPEN (KEB)

   🔍 Fetching models for ASPEN CUSTOM TRAILERS...
      Found 1 models
      ✅ Added models for ASPEN CUSTOM TRAILERS

   🔍 Fetching models for ASPEN TRAIL...
      Found 3 models
      ✅ Added models for ASPEN TRAIL

   🔍 Fetching models for ASPEN TRAILER COMPANY LTD....
Error fetching models for ASPEN TRAILER COMPANY LTD. from NHTSA vPIC: SyntaxError: Unexpected token '<', "<!DOCTYPE "... is not valid JSON
    at JSON.parse (<anonymous>)
    at parseJSONFromBytes (node:internal/deps/undici/undici:5419:19)
    at successSteps (node:internal/deps/undici/undici:5390:27)
    at fullyReadBody (node:internal/deps/undici/undici:1501:9)
    at process.processTicksAndRejections (node:internal/process/task_queues:95:5)
    at async specConsumeBody (node:internal/deps/undici/undici:5399:7)
    at Object.getModelsForMake (C:\Users\tfort\Desktop\Projects\the-pickard\src\lib\nhtsa-vpic-api.ts:78:18)
    at populateModels (C:\Users\tfort\Desktop\Projects\the-pickard\scripts\populate-vehicle-data.ts:175:22)
    at main (C:\Users\tfort\Desktop\Projects\the-pickard\scripts\populate-vehicle-data.ts:353:7)
      Found 0 models
      ✅ Added models for ASPEN TRAILER COMPANY LTD.

   🔍 Fetching models for ASPEN TRAILER INC....
Error fetching models for ASPEN TRAILER INC. from NHTSA vPIC: SyntaxError: Unexpected token '<', "<!DOCTYPE "... is not valid JSON
    at JSON.parse (<anonymous>)
    at parseJSONFromBytes (node:internal/deps/undici/undici:5419:19)
    at successSteps (node:internal/deps/undici/undici:5390:27)
    at fullyReadBody (node:internal/deps/undici/undici:1501:9)
    at process.processTicksAndRejections (node:internal/process/task_queues:95:5)
    at async specConsumeBody (node:internal/deps/undici/undici:5399:7)
    at Object.getModelsForMake (C:\Users\tfort\Desktop\Projects\the-pickard\src\lib\nhtsa-vpic-api.ts:78:18)
    at populateModels (C:\Users\tfort\Desktop\Projects\the-pickard\scripts\populate-vehicle-data.ts:175:22)
    at main (C:\Users\tfort\Desktop\Projects\the-pickard\scripts\populate-vehicle-data.ts:353:7)
      Found 0 models
      ✅ Added models for ASPEN TRAILER INC.

   🔍 Fetching models for ASPHALT EQUIPMENT & SERVICE...
      Found 1 models
      ✅ Added models for ASPHALT EQUIPMENT & SERVICE

   🔍 Fetching models for ASPHALT MACHINERY...
      Found 1 models
      ✅ Added models for ASPHALT MACHINERY

   🔍 Fetching models for ASPHALT ZIPPER INC...
      Found 1 models
      ✅ Added models for ASPHALT ZIPPER INC

   🔍 Fetching models for ASPHALT ZIPPER TRAILER...
      Found 1 models
      ✅ Added models for ASPHALT ZIPPER TRAILER

   🔍 Fetching models for ASSAULT TRAILERS LLC...
      Found 1 models
      ✅ Added models for ASSAULT TRAILERS LLC

   🔍 Fetching models for ASSEMBLED...
      Found 1 models
      ✅ Added models for ASSEMBLED

   🔍 Fetching models for ASSOCIATED SIDE DUMP DEVELOPMENT, INC....
Error fetching models for ASSOCIATED SIDE DUMP DEVELOPMENT, INC. from NHTSA vPIC: SyntaxError: Unexpected token '<', "<!DOCTYPE "... is not valid JSON
    at JSON.parse (<anonymous>)
    at parseJSONFromBytes (node:internal/deps/undici/undici:5419:19)
    at successSteps (node:internal/deps/undici/undici:5390:27)
    at fullyReadBody (node:internal/deps/undici/undici:1501:9)
    at process.processTicksAndRejections (node:internal/process/task_queues:95:5)
    at async specConsumeBody (node:internal/deps/undici/undici:5399:7)
    at Object.getModelsForMake (C:\Users\tfort\Desktop\Projects\the-pickard\src\lib\nhtsa-vpic-api.ts:78:18)
    at populateModels (C:\Users\tfort\Desktop\Projects\the-pickard\scripts\populate-vehicle-data.ts:175:22)
    at main (C:\Users\tfort\Desktop\Projects\the-pickard\scripts\populate-vehicle-data.ts:353:7)
      Found 0 models
      ✅ Added models for ASSOCIATED SIDE DUMP DEVELOPMENT, INC.

   🔍 Fetching models for ASTEC INDUSTRIES INC....
Error fetching models for ASTEC INDUSTRIES INC. from NHTSA vPIC: SyntaxError: Unexpected token '<', "<!DOCTYPE "... is not valid JSON
    at JSON.parse (<anonymous>)
    at parseJSONFromBytes (node:internal/deps/undici/undici:5419:19)
    at successSteps (node:internal/deps/undici/undici:5390:27)
    at fullyReadBody (node:internal/deps/undici/undici:1501:9)
    at process.processTicksAndRejections (node:internal/process/task_queues:95:5)
    at async specConsumeBody (node:internal/deps/undici/undici:5399:7)
    at Object.getModelsForMake (C:\Users\tfort\Desktop\Projects\the-pickard\src\lib\nhtsa-vpic-api.ts:78:18)
    at populateModels (C:\Users\tfort\Desktop\Projects\the-pickard\scripts\populate-vehicle-data.ts:175:22)
    at main (C:\Users\tfort\Desktop\Projects\the-pickard\scripts\populate-vehicle-data.ts:353:7)
      Found 0 models
      ✅ Added models for ASTEC INDUSTRIES INC.

   🔍 Fetching models for ASTEC MOBILE SCREENS...
      Found 1 models
      ✅ Added models for ASTEC MOBILE SCREENS

   🔍 Fetching models for ASTEC UNDERGROUND...
      Found 1 models
      ✅ Added models for ASTEC UNDERGROUND

   🔍 Fetching models for ASTON MARTIN...
      Found 18 models
      ✅ Added models for ASTON MARTIN

   🔍 Fetching models for ASTON METAL ART...
      Found 1 models
      ✅ Added models for ASTON METAL ART

   🔍 Fetching models for ASTORIA...
      Found 2 models
      ✅ Added models for ASTORIA

   🔍 Fetching models for ASTORIA INDUSTRIES, INC....
Error fetching models for ASTORIA INDUSTRIES, INC. from NHTSA vPIC: SyntaxError: Unexpected token '<', "<!DOCTYPE "... is not valid JSON
    at JSON.parse (<anonymous>)
    at parseJSONFromBytes (node:internal/deps/undici/undici:5419:19)
    at successSteps (node:internal/deps/undici/undici:5390:27)
    at fullyReadBody (node:internal/deps/undici/undici:1501:9)
    at process.processTicksAndRejections (node:internal/process/task_queues:95:5)
    at async specConsumeBody (node:internal/deps/undici/undici:5399:7)
    at Object.getModelsForMake (C:\Users\tfort\Desktop\Projects\the-pickard\src\lib\nhtsa-vpic-api.ts:78:18)
    at populateModels (C:\Users\tfort\Desktop\Projects\the-pickard\scripts\populate-vehicle-data.ts:175:22)
    at main (C:\Users\tfort\Desktop\Projects\the-pickard\scripts\populate-vehicle-data.ts:353:7)
      Found 0 models
      ✅ Added models for ASTORIA INDUSTRIES, INC.

   🔍 Fetching models for ASTRA STAGES...
      Found 1 models
      ✅ Added models for ASTRA STAGES

   🔍 Fetching models for ASTRO HAVEN ENTERPRISES...
      Found 1 models
      ✅ Added models for ASTRO HAVEN ENTERPRISES

   🔍 Fetching models for ASTUR N.C. TOOLING, INC...
Error fetching models for ASTUR N.C. TOOLING, INC from NHTSA vPIC: SyntaxError: Unexpected token '<', "<!DOCTYPE "... is not valid JSON
    at JSON.parse (<anonymous>)
    at parseJSONFromBytes (node:internal/deps/undici/undici:5419:19)
    at successSteps (node:internal/deps/undici/undici:5390:27)
    at fullyReadBody (node:internal/deps/undici/undici:1501:9)
    at process.processTicksAndRejections (node:internal/process/task_queues:95:5)
    at async specConsumeBody (node:internal/deps/undici/undici:5399:7)
    at Object.getModelsForMake (C:\Users\tfort\Desktop\Projects\the-pickard\src\lib\nhtsa-vpic-api.ts:78:18)
    at populateModels (C:\Users\tfort\Desktop\Projects\the-pickard\scripts\populate-vehicle-data.ts:175:22)
    at main (C:\Users\tfort\Desktop\Projects\the-pickard\scripts\populate-vehicle-data.ts:353:7)
      Found 0 models
      ✅ Added models for ASTUR N.C. TOOLING, INC

   🔍 Fetching models for ASUNA...
      Found 1 models
      ✅ Added models for ASUNA

   🔍 Fetching models for ATC TRAILERS...
      Found 1 models
      ✅ Added models for ATC TRAILERS

   🔍 Fetching models for ATEC AANHANGWAGENS...
      Found 1 models
      ✅ Added models for ATEC AANHANGWAGENS

   🔍 Fetching models for ATEK TRAILERS...
      Found 1 models
      ✅ Added models for ATEK TRAILERS

   🔍 Fetching models for ATF MFG, LLC...
      Found 1 models
      ✅ Added models for ATF MFG, LLC

   🔍 Fetching models for ATG...
      Found 1 models
      ✅ Added models for ATG

   🔍 Fetching models for ATHENS OVERLAND...
      Found 1 models
      ✅ Added models for ATHENS OVERLAND

   🔍 Fetching models for ATK...
      Found 80 models
      ✅ Added models for ATK

   🔍 Fetching models for ATL 20-40S...
      Found 1 models
      ✅ Added models for ATL 20-40S

   🔍 Fetching models for ATLANT...
      Found 11 models
      ✅ Added models for ATLANT

   🔍 Fetching models for ATLANTA FABRICATING & EQUIPMENT CO...
      Found 1 models
      ✅ Added models for ATLANTA FABRICATING & EQUIPMENT CO

   🔍 Fetching models for ATLANTIC MARINE TRAILERS...
      Found 1 models
      ✅ Added models for ATLANTIC MARINE TRAILERS

   🔍 Fetching models for ATLANTIC TRAILERS...
      Found 2 models
      ✅ Added models for ATLANTIC TRAILERS

   🔍 Fetching models for ATLANTIC TRAILERS INC...
      Found 1 models
      ✅ Added models for ATLANTIC TRAILERS INC

   🔍 Fetching models for ATLAS...
      Found 12 models
      ✅ Added models for ATLAS

   🔍 Fetching models for ATLAS (VEXAS CORP.)...
Error fetching models for ATLAS (VEXAS CORP.) from NHTSA vPIC: SyntaxError: Unexpected token '<', "<!DOCTYPE "... is not valid JSON
    at JSON.parse (<anonymous>)
    at parseJSONFromBytes (node:internal/deps/undici/undici:5419:19)
    at successSteps (node:internal/deps/undici/undici:5390:27)
    at fullyReadBody (node:internal/deps/undici/undici:1501:9)
    at process.processTicksAndRejections (node:internal/process/task_queues:95:5)
    at async specConsumeBody (node:internal/deps/undici/undici:5399:7)
    at Object.getModelsForMake (C:\Users\tfort\Desktop\Projects\the-pickard\src\lib\nhtsa-vpic-api.ts:78:18)
    at populateModels (C:\Users\tfort\Desktop\Projects\the-pickard\scripts\populate-vehicle-data.ts:175:22)
    at main (C:\Users\tfort\Desktop\Projects\the-pickard\scripts\populate-vehicle-data.ts:353:7)
      Found 0 models
      ✅ Added models for ATLAS (VEXAS CORP.)

   🔍 Fetching models for ATLAS COPCO...
      Found 2 models
      ✅ Added models for ATLAS COPCO

   🔍 Fetching models for ATLAS CUSTOM TRAILERS...
      Found 1 models
      ✅ Added models for ATLAS CUSTOM TRAILERS

   🔍 Fetching models for ATLAS LIFT TRAILERS, INC....
Error fetching models for ATLAS LIFT TRAILERS, INC. from NHTSA vPIC: SyntaxError: Unexpected token '<', "<!DOCTYPE "... is not valid JSON
    at JSON.parse (<anonymous>)
    at parseJSONFromBytes (node:internal/deps/undici/undici:5419:19)
    at successSteps (node:internal/deps/undici/undici:5390:27)
    at fullyReadBody (node:internal/deps/undici/undici:1501:9)
    at process.processTicksAndRejections (node:internal/process/task_queues:95:5)
    at async specConsumeBody (node:internal/deps/undici/undici:5399:7)
    at Object.getModelsForMake (C:\Users\tfort\Desktop\Projects\the-pickard\src\lib\nhtsa-vpic-api.ts:78:18)
    at populateModels (C:\Users\tfort\Desktop\Projects\the-pickard\scripts\populate-vehicle-data.ts:175:22)
    at main (C:\Users\tfort\Desktop\Projects\the-pickard\scripts\populate-vehicle-data.ts:353:7)
      Found 0 models
      ✅ Added models for ATLAS LIFT TRAILERS, INC.

   🔍 Fetching models for ATLAS MFG CO INC...
      Found 1 models
      ✅ Added models for ATLAS MFG CO INC

   🔍 Fetching models for ATLAS SPECIALTY PRODUCTS...
      Found 1 models
      ✅ Added models for ATLAS SPECIALTY PRODUCTS

   🔍 Fetching models for ATLAS STEEL PRODUCTS...
      Found 1 models
      ✅ Added models for ATLAS STEEL PRODUCTS

   🔍 Fetching models for ATOKA TRAILER & MFG....
Error fetching models for ATOKA TRAILER & MFG. from NHTSA vPIC: SyntaxError: Unexpected token '<', "<!DOCTYPE "... is not valid JSON
    at JSON.parse (<anonymous>)
    at parseJSONFromBytes (node:internal/deps/undici/undici:5419:19)
    at successSteps (node:internal/deps/undici/undici:5390:27)
    at fullyReadBody (node:internal/deps/undici/undici:1501:9)
    at process.processTicksAndRejections (node:internal/process/task_queues:95:5)
    at async specConsumeBody (node:internal/deps/undici/undici:5399:7)
    at Object.getModelsForMake (C:\Users\tfort\Desktop\Projects\the-pickard\src\lib\nhtsa-vpic-api.ts:78:18)
    at populateModels (C:\Users\tfort\Desktop\Projects\the-pickard\scripts\populate-vehicle-data.ts:175:22)
    at main (C:\Users\tfort\Desktop\Projects\the-pickard\scripts\populate-vehicle-data.ts:353:7)
      Found 0 models
      ✅ Added models for ATOKA TRAILER & MFG.

   🔍 Fetching models for ATOMIC ELECTRIC VEHICLES...
      Found 4 models
      ✅ Added models for ATOMIC ELECTRIC VEHICLES

   🔍 Fetching models for ATOMIC TRAILERS...
      Found 1 models
      ✅ Added models for ATOMIC TRAILERS

   🔍 Fetching models for ATR...
      Found 50 models
      ✅ Added models for ATR

   🔍 Fetching models for ATRO...
      Found 6 models
      ✅ Added models for ATRO

   🔍 Fetching models for ATSATV...
      Found 1 models
      ✅ Added models for ATSATV

   🔍 Fetching models for ATT R&D...
      Found 3 models
      ✅ Added models for ATT R&D

   🔍 Fetching models for ATTITUDE CUSTOM CYCLES, INC....
Error fetching models for ATTITUDE CUSTOM CYCLES, INC. from NHTSA vPIC: SyntaxError: Unexpected token '<', "<!DOCTYPE "... is not valid JSON
    at JSON.parse (<anonymous>)
    at parseJSONFromBytes (node:internal/deps/undici/undici:5419:19)
    at successSteps (node:internal/deps/undici/undici:5390:27)
    at fullyReadBody (node:internal/deps/undici/undici:1501:9)
    at process.processTicksAndRejections (node:internal/process/task_queues:95:5)
    at async specConsumeBody (node:internal/deps/undici/undici:5399:7)
    at Object.getModelsForMake (C:\Users\tfort\Desktop\Projects\the-pickard\src\lib\nhtsa-vpic-api.ts:78:18)
    at populateModels (C:\Users\tfort\Desktop\Projects\the-pickard\scripts\populate-vehicle-data.ts:175:22)
    at main (C:\Users\tfort\Desktop\Projects\the-pickard\scripts\populate-vehicle-data.ts:353:7)
      Found 0 models
      ✅ Added models for ATTITUDE CUSTOM CYCLES, INC.

   🔍 Fetching models for ATWOOD TRAILERS...
      Found 1 models
      ✅ Added models for ATWOOD TRAILERS

   🔍 Fetching models for AUCTIONEERING SYSTEMS, INC....
Error fetching models for AUCTIONEERING SYSTEMS, INC. from NHTSA vPIC: SyntaxError: Unexpected token '<', "<!DOCTYPE "... is not valid JSON
    at JSON.parse (<anonymous>)
    at parseJSONFromBytes (node:internal/deps/undici/undici:5419:19)
    at successSteps (node:internal/deps/undici/undici:5390:27)
    at fullyReadBody (node:internal/deps/undici/undici:1501:9)
    at process.processTicksAndRejections (node:internal/process/task_queues:95:5)
    at async specConsumeBody (node:internal/deps/undici/undici:5399:7)
    at Object.getModelsForMake (C:\Users\tfort\Desktop\Projects\the-pickard\src\lib\nhtsa-vpic-api.ts:78:18)
    at populateModels (C:\Users\tfort\Desktop\Projects\the-pickard\scripts\populate-vehicle-data.ts:175:22)
    at main (C:\Users\tfort\Desktop\Projects\the-pickard\scripts\populate-vehicle-data.ts:353:7)
      Found 0 models
      ✅ Added models for AUCTIONEERING SYSTEMS, INC.

   🔍 Fetching models for AUDETTE...
      Found 1 models
      ✅ Added models for AUDETTE

   🔍 Fetching models for AUDI...
      Found 55 models
      ✅ Added models for AUDI

   🔍 Fetching models for AUGUST METAL WORKS...
      Found 1 models
      ✅ Added models for AUGUST METAL WORKS

   🔍 Fetching models for AUGUSTA RV...
      Found 1 models
      ✅ Added models for AUGUSTA RV

   🔍 Fetching models for AULICK INDUSTRIES...
      Found 1 models
      ✅ Added models for AULICK INDUSTRIES

   🔍 Fetching models for AURORA MODULAR INDUSTRIES...
      Found 1 models
      ✅ Added models for AURORA MODULAR INDUSTRIES

   🔍 Fetching models for AURORA TRAILERS...
      Found 1 models
      ✅ Added models for AURORA TRAILERS

   🔍 Fetching models for AUSRV INC....
Error fetching models for AUSRV INC. from NHTSA vPIC: SyntaxError: Unexpected token '<', "<!DOCTYPE "... is not valid JSON
    at JSON.parse (<anonymous>)
    at parseJSONFromBytes (node:internal/deps/undici/undici:5419:19)
    at successSteps (node:internal/deps/undici/undici:5390:27)
    at fullyReadBody (node:internal/deps/undici/undici:1501:9)
    at process.processTicksAndRejections (node:internal/process/task_queues:95:5)
    at async specConsumeBody (node:internal/deps/undici/undici:5399:7)
    at Object.getModelsForMake (C:\Users\tfort\Desktop\Projects\the-pickard\src\lib\nhtsa-vpic-api.ts:78:18)
    at populateModels (C:\Users\tfort\Desktop\Projects\the-pickard\scripts\populate-vehicle-data.ts:175:22)
    at main (C:\Users\tfort\Desktop\Projects\the-pickard\scripts\populate-vehicle-data.ts:353:7)
      Found 0 models
      ✅ Added models for AUSRV INC.

   🔍 Fetching models for AUSTIN ELECTRIC...
      Found 1 models
      ✅ Added models for AUSTIN ELECTRIC

   🔍 Fetching models for AUSTIN EV METRO...
      Found 1 models
      ✅ Added models for AUSTIN EV METRO

   🔍 Fetching models for AUSTIN WELDING SERVICE...
      Found 1 models
      ✅ Added models for AUSTIN WELDING SERVICE

   🔍 Fetching models for AUSTRALIAN OFF ROAD...
      Found 1 models
      ✅ Added models for AUSTRALIAN OFF ROAD

   🔍 Fetching models for AUTO BOUTIQUE...
      Found 1 models
      ✅ Added models for AUTO BOUTIQUE

   🔍 Fetching models for AUTO CRAFT WHOLESALE AUTO...
      Found 1 models
      ✅ Added models for AUTO CRAFT WHOLESALE AUTO

   🔍 Fetching models for AUTO DECOR MATANE INC....
Error fetching models for AUTO DECOR MATANE INC. from NHTSA vPIC: SyntaxError: Unexpected token '<', "<!DOCTYPE "... is not valid JSON
    at JSON.parse (<anonymous>)
    at parseJSONFromBytes (node:internal/deps/undici/undici:5419:19)
    at successSteps (node:internal/deps/undici/undici:5390:27)
    at fullyReadBody (node:internal/deps/undici/undici:1501:9)
    at process.processTicksAndRejections (node:internal/process/task_queues:95:5)
    at async specConsumeBody (node:internal/deps/undici/undici:5399:7)
    at Object.getModelsForMake (C:\Users\tfort\Desktop\Projects\the-pickard\src\lib\nhtsa-vpic-api.ts:78:18)
    at populateModels (C:\Users\tfort\Desktop\Projects\the-pickard\scripts\populate-vehicle-data.ts:175:22)
    at main (C:\Users\tfort\Desktop\Projects\the-pickard\scripts\populate-vehicle-data.ts:353:7)
      Found 0 models
      ✅ Added models for AUTO DECOR MATANE INC.

   🔍 Fetching models for AUTO MOTION IND....
Error fetching models for AUTO MOTION IND. from NHTSA vPIC: SyntaxError: Unexpected token '<', "<!DOCTYPE "... is not valid JSON
    at JSON.parse (<anonymous>)
    at parseJSONFromBytes (node:internal/deps/undici/undici:5419:19)
    at successSteps (node:internal/deps/undici/undici:5390:27)
    at fullyReadBody (node:internal/deps/undici/undici:1501:9)
    at process.processTicksAndRejections (node:internal/process/task_queues:95:5)
    at async specConsumeBody (node:internal/deps/undici/undici:5399:7)
    at Object.getModelsForMake (C:\Users\tfort\Desktop\Projects\the-pickard\src\lib\nhtsa-vpic-api.ts:78:18)
    at populateModels (C:\Users\tfort\Desktop\Projects\the-pickard\scripts\populate-vehicle-data.ts:175:22)
    at main (C:\Users\tfort\Desktop\Projects\the-pickard\scripts\populate-vehicle-data.ts:353:7)
      Found 0 models
      ✅ Added models for AUTO MOTION IND.

   🔍 Fetching models for AUTO TANQUES Y TOLVAS TROY S.A. DE C.V....
Error fetching models for AUTO TANQUES Y TOLVAS TROY S.A. DE C.V. from NHTSA vPIC: SyntaxError: Unexpected token '<', "<!DOCTYPE "... is not valid JSON
    at JSON.parse (<anonymous>)
    at parseJSONFromBytes (node:internal/deps/undici/undici:5419:19)
    at successSteps (node:internal/deps/undici/undici:5390:27)
    at fullyReadBody (node:internal/deps/undici/undici:1501:9)
    at process.processTicksAndRejections (node:internal/process/task_queues:95:5)
    at async specConsumeBody (node:internal/deps/undici/undici:5399:7)
    at Object.getModelsForMake (C:\Users\tfort\Desktop\Projects\the-pickard\src\lib\nhtsa-vpic-api.ts:78:18)
    at populateModels (C:\Users\tfort\Desktop\Projects\the-pickard\scripts\populate-vehicle-data.ts:175:22)
    at main (C:\Users\tfort\Desktop\Projects\the-pickard\scripts\populate-vehicle-data.ts:353:7)
      Found 0 models
      ✅ Added models for AUTO TANQUES Y TOLVAS TROY S.A. DE C.V.

   🔍 Fetching models for AUTO TRANSPORT SERVICE...
      Found 2 models
      ✅ Added models for AUTO TRANSPORT SERVICE

   🔍 Fetching models for AUTO TRUCK...
      Found 1 models
      ✅ Added models for AUTO TRUCK

   🔍 Fetching models for AUTO-MANIA...
      Found 1 models
      ✅ Added models for AUTO-MANIA

   🔍 Fetching models for AUTOCAR...
      Found 25 models
      ✅ Added models for AUTOCAR

   🔍 Fetching models for AUTOCAR INDUSTRIES...
      Found 4 models
      ✅ Added models for AUTOCAR INDUSTRIES

   🔍 Fetching models for AUTOCAR LTD...
      Found 1 models
      ✅ Added models for AUTOCAR LTD

   🔍 Fetching models for AUTOCYCLE LLC...
      Found 1 models
      ✅ Added models for AUTOCYCLE LLC

   🔍 Fetching models for AUTODELTA USA INC...
      Found 1 models
      ✅ Added models for AUTODELTA USA INC

   🔍 Fetching models for AUTOKAD...
      Found 1 models
      ✅ Added models for AUTOKAD

   🔍 Fetching models for AUTOMATED BIOMASS SYSTEMS...
      Found 1 models
      ✅ Added models for AUTOMATED BIOMASS SYSTEMS

   🔍 Fetching models for AUTOMATED ENGINEERING SYSTEMS INC...
      Found 1 models
      ✅ Added models for AUTOMATED ENGINEERING SYSTEMS INC

   🔍 Fetching models for AUTOMATED WASTE EQUIPMENT CO., INC....
Error fetching models for AUTOMATED WASTE EQUIPMENT CO., INC. from NHTSA vPIC: SyntaxError: Unexpected token '<', "<!DOCTYPE "... is not valid JSON
    at JSON.parse (<anonymous>)
    at parseJSONFromBytes (node:internal/deps/undici/undici:5419:19)
    at successSteps (node:internal/deps/undici/undici:5390:27)
    at fullyReadBody (node:internal/deps/undici/undici:1501:9)
    at process.processTicksAndRejections (node:internal/process/task_queues:95:5)
    at async specConsumeBody (node:internal/deps/undici/undici:5399:7)
    at Object.getModelsForMake (C:\Users\tfort\Desktop\Projects\the-pickard\src\lib\nhtsa-vpic-api.ts:78:18)
    at populateModels (C:\Users\tfort\Desktop\Projects\the-pickard\scripts\populate-vehicle-data.ts:175:22)
    at main (C:\Users\tfort\Desktop\Projects\the-pickard\scripts\populate-vehicle-data.ts:353:7)
      Found 0 models
      ✅ Added models for AUTOMATED WASTE EQUIPMENT CO., INC.

   🔍 Fetching models for AUTOMOBILI PININFARINA...
      Found 1 models
      ✅ Added models for AUTOMOBILI PININFARINA

   🔍 Fetching models for AUTOMOTIVE TRANSFORMATION INC....
Error fetching models for AUTOMOTIVE TRANSFORMATION INC. from NHTSA vPIC: SyntaxError: Unexpected token '<', "<!DOCTYPE "... is not valid JSON
    at JSON.parse (<anonymous>)
    at parseJSONFromBytes (node:internal/deps/undici/undici:5419:19)
    at successSteps (node:internal/deps/undici/undici:5390:27)
    at fullyReadBody (node:internal/deps/undici/undici:1501:9)
    at process.processTicksAndRejections (node:internal/process/task_queues:95:5)
    at async specConsumeBody (node:internal/deps/undici/undici:5399:7)
    at Object.getModelsForMake (C:\Users\tfort\Desktop\Projects\the-pickard\src\lib\nhtsa-vpic-api.ts:78:18)
    at populateModels (C:\Users\tfort\Desktop\Projects\the-pickard\scripts\populate-vehicle-data.ts:175:22)
    at main (C:\Users\tfort\Desktop\Projects\the-pickard\scripts\populate-vehicle-data.ts:353:7)
      Found 0 models
      ✅ Added models for AUTOMOTIVE TRANSFORMATION INC.

   🔍 Fetching models for AUTUMN RIDGE...
      Found 35 models
      ✅ Added models for AUTUMN RIDGE

   🔍 Fetching models for AUTUMNCREST ENTERPRISES LLC...
      Found 1 models
      ✅ Added models for AUTUMNCREST ENTERPRISES LLC

   🔍 Fetching models for AUWAERTER-ANHAENGER UND AUFBAUTEN GMBH & CO. KG...
Error fetching models for AUWAERTER-ANHAENGER UND AUFBAUTEN GMBH & CO. KG from NHTSA vPIC: SyntaxError: Unexpected token '<', "<!DOCTYPE "... is not valid JSON
    at JSON.parse (<anonymous>)
    at parseJSONFromBytes (node:internal/deps/undici/undici:5419:19)
    at successSteps (node:internal/deps/undici/undici:5390:27)
    at fullyReadBody (node:internal/deps/undici/undici:1501:9)
    at process.processTicksAndRejections (node:internal/process/task_queues:95:5)
    at async specConsumeBody (node:internal/deps/undici/undici:5399:7)
    at Object.getModelsForMake (C:\Users\tfort\Desktop\Projects\the-pickard\src\lib\nhtsa-vpic-api.ts:78:18)
    at populateModels (C:\Users\tfort\Desktop\Projects\the-pickard\scripts\populate-vehicle-data.ts:175:22)
    at main (C:\Users\tfort\Desktop\Projects\the-pickard\scripts\populate-vehicle-data.ts:353:7)
      Found 0 models
      ✅ Added models for AUWAERTER-ANHAENGER UND AUFBAUTEN GMBH & CO. KG

   🔍 Fetching models for AVAILABLE MATERIALS HANDLING...
      Found 1 models
      ✅ Added models for AVAILABLE MATERIALS HANDLING

   🔍 Fetching models for AVALANCHE...
      Found 1 models
      ✅ Added models for AVALANCHE

   🔍 Fetching models for AVANTI...
      Found 8 models
      ✅ Added models for AVANTI

   🔍 Fetching models for AVANTI MARINE USA INC....
Error fetching models for AVANTI MARINE USA INC. from NHTSA vPIC: SyntaxError: Unexpected token '<', "<!DOCTYPE "... is not valid JSON
    at JSON.parse (<anonymous>)
    at parseJSONFromBytes (node:internal/deps/undici/undici:5419:19)
    at successSteps (node:internal/deps/undici/undici:5390:27)
    at fullyReadBody (node:internal/deps/undici/undici:1501:9)
    at process.processTicksAndRejections (node:internal/process/task_queues:95:5)
    at async specConsumeBody (node:internal/deps/undici/undici:5399:7)
    at Object.getModelsForMake (C:\Users\tfort\Desktop\Projects\the-pickard\src\lib\nhtsa-vpic-api.ts:78:18)
    at populateModels (C:\Users\tfort\Desktop\Projects\the-pickard\scripts\populate-vehicle-data.ts:175:22)
    at main (C:\Users\tfort\Desktop\Projects\the-pickard\scripts\populate-vehicle-data.ts:353:7)
      Found 0 models
      ✅ Added models for AVANTI MARINE USA INC.

   🔍 Fetching models for AVANTI MOTORCYCLES...
      Found 6 models
      ✅ Added models for AVANTI MOTORCYCLES

   🔍 Fetching models for AVENIR...
      Found 1 models
      ✅ Added models for AVENIR

   🔍 Fetching models for AVENTURA-X...
      Found 4 models
      ✅ Added models for AVENTURA-X

   🔍 Fetching models for AVERA MOTORS...
      Found 4 models
      ✅ Added models for AVERA MOTORS

   🔍 Fetching models for AVESCO WELDING & FABRICATION...
      Found 1 models
      ✅ Added models for AVESCO WELDING & FABRICATION

   🔍 Fetching models for AVI...
      Found 465 models
      ✅ Added models for AVI

   🔍 Fetching models for AVILA MANUFACTURING...
      Found 1 models
      ✅ Added models for AVILA MANUFACTURING

   🔍 Fetching models for AW CUSTOM TRAILER’S LLC...
      Found 1 models
      ✅ Added models for AW CUSTOM TRAILER’S LLC

   🔍 Fetching models for AWAKEN RV...
      Found 1 models
      ✅ Added models for AWAKEN RV

   🔍 Fetching models for AWC...
      Found 1 models
      ✅ Added models for AWC

   🔍 Fetching models for AWESOME REBUILD...
      Found 1 models
      ✅ Added models for AWESOME REBUILD

   🔍 Fetching models for AWS TRAILERS...
      Found 1 models
      ✅ Added models for AWS TRAILERS

   🔍 Fetching models for AXIOM...
      Found 6 models
      ✅ Added models for AXIOM

   🔍 Fetching models for AXIOS...
      Found 2 models
      ✅ Added models for AXIOS

   🔍 Fetching models for AXIS...
      Found 4 models
      ✅ Added models for AXIS

   🔍 Fetching models for AXIS CORPORATION...
      Found 2 models
      ✅ Added models for AXIS CORPORATION

   🔍 Fetching models for AYRO...
      Found 1 models
      ✅ Added models for AYRO

   🔍 Fetching models for AZIMUTH INC....
Error fetching models for AZIMUTH INC. from NHTSA vPIC: SyntaxError: Unexpected token '<', "<!DOCTYPE "... is not valid JSON
    at JSON.parse (<anonymous>)
    at parseJSONFromBytes (node:internal/deps/undici/undici:5419:19)
    at successSteps (node:internal/deps/undici/undici:5390:27)
    at fullyReadBody (node:internal/deps/undici/undici:1501:9)
    at process.processTicksAndRejections (node:internal/process/task_queues:95:5)
    at async specConsumeBody (node:internal/deps/undici/undici:5399:7)
    at Object.getModelsForMake (C:\Users\tfort\Desktop\Projects\the-pickard\src\lib\nhtsa-vpic-api.ts:78:18)
    at populateModels (C:\Users\tfort\Desktop\Projects\the-pickard\scripts\populate-vehicle-data.ts:175:22)
    at main (C:\Users\tfort\Desktop\Projects\the-pickard\scripts\populate-vehicle-data.ts:353:7)
      Found 0 models
      ✅ Added models for AZIMUTH INC.

   🔍 Fetching models for AZLAND...
      Found 1 models
      ✅ Added models for AZLAND

   🔍 Fetching models for AZTEC TRAILER...
      Found 1 models
      ✅ Added models for AZTEC TRAILER

   🔍 Fetching models for AZURE...
      Found 7 models
      ✅ Added models for AZURE

   🔍 Fetching models for AZURE DYNAMIC INC....
Error fetching models for AZURE DYNAMIC INC. from NHTSA vPIC: SyntaxError: Unexpected token '<', "<!DOCTYPE "... is not valid JSON
    at JSON.parse (<anonymous>)
    at parseJSONFromBytes (node:internal/deps/undici/undici:5419:19)
    at successSteps (node:internal/deps/undici/undici:5390:27)
    at fullyReadBody (node:internal/deps/undici/undici:1501:9)
    at process.processTicksAndRejections (node:internal/process/task_queues:95:5)
    at async specConsumeBody (node:internal/deps/undici/undici:5399:7)
    at Object.getModelsForMake (C:\Users\tfort\Desktop\Projects\the-pickard\src\lib\nhtsa-vpic-api.ts:78:18)
    at populateModels (C:\Users\tfort\Desktop\Projects\the-pickard\scripts\populate-vehicle-data.ts:175:22)
    at main (C:\Users\tfort\Desktop\Projects\the-pickard\scripts\populate-vehicle-data.ts:353:7)
      Found 0 models
      ✅ Added models for AZURE DYNAMIC INC.

   🔍 Fetching models for AZURE DYNAMICS...
      Found 1 models
      ✅ Added models for AZURE DYNAMICS

   🔍 Fetching models for B & B ENTERPRISES...
      Found 1 models
      ✅ Added models for B & B ENTERPRISES

   🔍 Fetching models for B & B FABRICATORS...
      Found 1 models
      ✅ Added models for B & B FABRICATORS

   🔍 Fetching models for B & B TRAILER SALES...
      Found 2 models
      ✅ Added models for B & B TRAILER SALES

   🔍 Fetching models for B & B TRAILERS...
      Found 2 models
      ✅ Added models for B & B TRAILERS

   🔍 Fetching models for B & B TRAILERS OF SAVANNAH...
      Found 1 models
      ✅ Added models for B & B TRAILERS OF SAVANNAH

   🔍 Fetching models for B & E TRAILER SALES INC....
Error fetching models for B & E TRAILER SALES INC. from NHTSA vPIC: SyntaxError: Unexpected token '<', "<!DOCTYPE "... is not valid JSON
    at JSON.parse (<anonymous>)
    at parseJSONFromBytes (node:internal/deps/undici/undici:5419:19)
    at successSteps (node:internal/deps/undici/undici:5390:27)
    at fullyReadBody (node:internal/deps/undici/undici:1501:9)
    at process.processTicksAndRejections (node:internal/process/task_queues:95:5)
    at async specConsumeBody (node:internal/deps/undici/undici:5399:7)
    at Object.getModelsForMake (C:\Users\tfort\Desktop\Projects\the-pickard\src\lib\nhtsa-vpic-api.ts:78:18)
    at populateModels (C:\Users\tfort\Desktop\Projects\the-pickard\scripts\populate-vehicle-data.ts:175:22)
    at main (C:\Users\tfort\Desktop\Projects\the-pickard\scripts\populate-vehicle-data.ts:353:7)
      Found 0 models
      ✅ Added models for B & E TRAILER SALES INC.

   🔍 Fetching models for B & G SUPPLY...
      Found 1 models
      ✅ Added models for B & G SUPPLY

   🔍 Fetching models for B & H CUSTOMS...
      Found 1 models
      ✅ Added models for B & H CUSTOMS

   🔍 Fetching models for B & H TRAILERS...
      Found 1 models
      ✅ Added models for B & H TRAILERS

   🔍 Fetching models for B & H WELDING SERVICES...
      Found 1 models
      ✅ Added models for B & H WELDING SERVICES

   🔍 Fetching models for B & K TRAILERS, INC....
Error fetching models for B & K TRAILERS, INC. from NHTSA vPIC: SyntaxError: Unexpected token '<', "<!DOCTYPE "... is not valid JSON
    at JSON.parse (<anonymous>)
    at parseJSONFromBytes (node:internal/deps/undici/undici:5419:19)
    at successSteps (node:internal/deps/undici/undici:5390:27)
    at fullyReadBody (node:internal/deps/undici/undici:1501:9)
    at process.processTicksAndRejections (node:internal/process/task_queues:95:5)
    at async specConsumeBody (node:internal/deps/undici/undici:5399:7)
    at Object.getModelsForMake (C:\Users\tfort\Desktop\Projects\the-pickard\src\lib\nhtsa-vpic-api.ts:78:18)
    at populateModels (C:\Users\tfort\Desktop\Projects\the-pickard\scripts\populate-vehicle-data.ts:175:22)
    at main (C:\Users\tfort\Desktop\Projects\the-pickard\scripts\populate-vehicle-data.ts:353:7)
      Found 0 models
      ✅ Added models for B & K TRAILERS, INC.

   🔍 Fetching models for B & L TRAILER MANUFACTURER...
      Found 1 models
      ✅ Added models for B & L TRAILER MANUFACTURER

   🔍 Fetching models for B & M ENTERPRISES...
      Found 1 models
      ✅ Added models for B & M ENTERPRISES

   🔍 Fetching models for B & M HI-LITE...
      Found 1 models
      ✅ Added models for B & M HI-LITE

   🔍 Fetching models for B & M MANUFACTURING...
      Found 1 models
      ✅ Added models for B & M MANUFACTURING

   🔍 Fetching models for B & M TRAILER SALES...
      Found 1 models
      ✅ Added models for B & M TRAILER SALES

   🔍 Fetching models for B & O CUSTOM TRAILERS...
      Found 1 models
      ✅ Added models for B & O CUSTOM TRAILERS

   🔍 Fetching models for B & R TRAILERS...
      Found 3 models
      ✅ Added models for B & R TRAILERS

   🔍 Fetching models for B & R WELDING...
      Found 1 models
      ✅ Added models for B & R WELDING

   🔍 Fetching models for B & S CONCESSION...
      Found 1 models
      ✅ Added models for B & S CONCESSION

   🔍 Fetching models for B & S TRAILER SALES...
      Found 1 models
      ✅ Added models for B & S TRAILER SALES

   🔍 Fetching models for B & T MANUFACTURING DBA XTREME TRAILER...
      Found 1 models
      ✅ Added models for B & T MANUFACTURING DBA XTREME TRAILER

   🔍 Fetching models for B & W CONSTRUCTION...
      Found 1 models
      ✅ Added models for B & W CONSTRUCTION

   🔍 Fetching models for B & W FABRICATION, LLC...
      Found 3 models
      ✅ Added models for B & W FABRICATION, LLC

   🔍 Fetching models for B & W MANTRAD...
      Found 1 models
      ✅ Added models for B & W MANTRAD

   🔍 Fetching models for B & W TRAILERS...
      Found 1 models
      ✅ Added models for B & W TRAILERS

   🔍 Fetching models for B AND B TRAILERS OF MISSISSIPPI...
      Found 1 models
      ✅ Added models for B AND B TRAILERS OF MISSISSIPPI

   🔍 Fetching models for B AND L FABRICATION...
      Found 1 models
      ✅ Added models for B AND L FABRICATION

   🔍 Fetching models for B AND L TRAILERS...
      Found 1 models
      ✅ Added models for B AND L TRAILERS

   🔍 Fetching models for B AND M TRAILER SALES...
      Found 1 models
      ✅ Added models for B AND M TRAILER SALES

   🔍 Fetching models for B AND M TRAILERS LLC...
      Found 1 models
      ✅ Added models for B AND M TRAILERS LLC

   🔍 Fetching models for B AND S SUPPLY...
      Found 1 models
      ✅ Added models for B AND S SUPPLY

   🔍 Fetching models for B B'S TRAILERS...
      Found 1 models
      ✅ Added models for B B'S TRAILERS

   🔍 Fetching models for B MOTOBI...
      Found 6 models
      ✅ Added models for B MOTOBI

   🔍 Fetching models for B&A TRAILERS INC....
Error fetching models for B&A TRAILERS INC. from NHTSA vPIC: SyntaxError: Unexpected token '<', "<!DOCTYPE "... is not valid JSON
    at JSON.parse (<anonymous>)
    at parseJSONFromBytes (node:internal/deps/undici/undici:5419:19)
    at successSteps (node:internal/deps/undici/undici:5390:27)
    at fullyReadBody (node:internal/deps/undici/undici:1501:9)
    at process.processTicksAndRejections (node:internal/process/task_queues:95:5)
    at async specConsumeBody (node:internal/deps/undici/undici:5399:7)
    at Object.getModelsForMake (C:\Users\tfort\Desktop\Projects\the-pickard\src\lib\nhtsa-vpic-api.ts:78:18)
    at populateModels (C:\Users\tfort\Desktop\Projects\the-pickard\scripts\populate-vehicle-data.ts:175:22)
    at main (C:\Users\tfort\Desktop\Projects\the-pickard\scripts\populate-vehicle-data.ts:353:7)
      Found 0 models
      ✅ Added models for B&A TRAILERS INC.

   🔍 Fetching models for B&B CAMPER INC...
      Found 1 models
      ✅ Added models for B&B CAMPER INC

   🔍 Fetching models for B&B MICRO MANUFACTURING INC...
      Found 1 models
      ✅ Added models for B&B MICRO MANUFACTURING INC

   🔍 Fetching models for B&D...
      Found 1 models
      ✅ Added models for B&D

   🔍 Fetching models for B&G TRAILERS INC...
      Found 1 models
      ✅ Added models for B&G TRAILERS INC

   🔍 Fetching models for B&K TRAILERS...
      Found 1 models
      ✅ Added models for B&K TRAILERS

   🔍 Fetching models for B&M PERFORMANCE CYCLES...
      Found 1 models
      ✅ Added models for B&M PERFORMANCE CYCLES

   🔍 Fetching models for B&W...
      Found 1 models
      ✅ Added models for B&W

   🔍 Fetching models for B&W WELDING & REPAIR...
      Found 1 models
      ✅ Added models for B&W WELDING & REPAIR

   🔍 Fetching models for B'S IN A POD CAMPING LLC...
      Found 1 models
      ✅ Added models for B'S IN A POD CAMPING LLC

   🔍 Fetching models for B+B TRAILERS...
Error fetching models for B+B TRAILERS from NHTSA vPIC: SyntaxError: Unexpected token '<', "<!DOCTYPE "... is not valid JSON
    at JSON.parse (<anonymous>)
    at parseJSONFromBytes (node:internal/deps/undici/undici:5419:19)
    at successSteps (node:internal/deps/undici/undici:5390:27)
    at fullyReadBody (node:internal/deps/undici/undici:1501:9)
    at process.processTicksAndRejections (node:internal/process/task_queues:95:5)
    at async specConsumeBody (node:internal/deps/undici/undici:5399:7)
    at Object.getModelsForMake (C:\Users\tfort\Desktop\Projects\the-pickard\src\lib\nhtsa-vpic-api.ts:78:18)
    at populateModels (C:\Users\tfort\Desktop\Projects\the-pickard\scripts\populate-vehicle-data.ts:175:22)
    at main (C:\Users\tfort\Desktop\Projects\the-pickard\scripts\populate-vehicle-data.ts:353:7)
      Found 0 models
      ✅ Added models for B+B TRAILERS

   🔍 Fetching models for B-LINE CORPORATION...
      Found 1 models
      ✅ Added models for B-LINE CORPORATION

   🔍 Fetching models for B-WELDING...
      Found 1 models
      ✅ Added models for B-WELDING

   🔍 Fetching models for B.C. TRAILERS INC...
Error fetching models for B.C. TRAILERS INC from NHTSA vPIC: SyntaxError: Unexpected token '<', "<!DOCTYPE "... is not valid JSON
    at JSON.parse (<anonymous>)
    at parseJSONFromBytes (node:internal/deps/undici/undici:5419:19)
    at successSteps (node:internal/deps/undici/undici:5390:27)
    at fullyReadBody (node:internal/deps/undici/undici:1501:9)
    at process.processTicksAndRejections (node:internal/process/task_queues:95:5)
    at async specConsumeBody (node:internal/deps/undici/undici:5399:7)
    at Object.getModelsForMake (C:\Users\tfort\Desktop\Projects\the-pickard\src\lib\nhtsa-vpic-api.ts:78:18)
    at populateModels (C:\Users\tfort\Desktop\Projects\the-pickard\scripts\populate-vehicle-data.ts:175:22)
    at main (C:\Users\tfort\Desktop\Projects\the-pickard\scripts\populate-vehicle-data.ts:353:7)
      Found 0 models
      ✅ Added models for B.C. TRAILERS INC

   🔍 Fetching models for B.E.E. WELDING...
Error fetching models for B.E.E. WELDING from NHTSA vPIC: SyntaxError: Unexpected token '<', "<!DOCTYPE "... is not valid JSON
    at JSON.parse (<anonymous>)
    at parseJSONFromBytes (node:internal/deps/undici/undici:5419:19)
    at successSteps (node:internal/deps/undici/undici:5390:27)
    at fullyReadBody (node:internal/deps/undici/undici:1501:9)
    at process.processTicksAndRejections (node:internal/process/task_queues:95:5)
    at async specConsumeBody (node:internal/deps/undici/undici:5399:7)
    at Object.getModelsForMake (C:\Users\tfort\Desktop\Projects\the-pickard\src\lib\nhtsa-vpic-api.ts:78:18)
    at populateModels (C:\Users\tfort\Desktop\Projects\the-pickard\scripts\populate-vehicle-data.ts:175:22)
    at main (C:\Users\tfort\Desktop\Projects\the-pickard\scripts\populate-vehicle-data.ts:353:7)
      Found 0 models
      ✅ Added models for B.E.E. WELDING

   🔍 Fetching models for B.E.S.T...
Error fetching models for B.E.S.T from NHTSA vPIC: SyntaxError: Unexpected token '<', "<!DOCTYPE "... is not valid JSON
    at JSON.parse (<anonymous>)
    at parseJSONFromBytes (node:internal/deps/undici/undici:5419:19)
    at successSteps (node:internal/deps/undici/undici:5390:27)
    at fullyReadBody (node:internal/deps/undici/undici:1501:9)
    at process.processTicksAndRejections (node:internal/process/task_queues:95:5)
    at async specConsumeBody (node:internal/deps/undici/undici:5399:7)
    at Object.getModelsForMake (C:\Users\tfort\Desktop\Projects\the-pickard\src\lib\nhtsa-vpic-api.ts:78:18)
    at populateModels (C:\Users\tfort\Desktop\Projects\the-pickard\scripts\populate-vehicle-data.ts:175:22)
    at main (C:\Users\tfort\Desktop\Projects\the-pickard\scripts\populate-vehicle-data.ts:353:7)
      Found 0 models
      ✅ Added models for B.E.S.T

   🔍 Fetching models for B.K. JONES BUILDERS LLC...
Error fetching models for B.K. JONES BUILDERS LLC from NHTSA vPIC: SyntaxError: Unexpected token '<', "<!DOCTYPE "... is not valid JSON
    at JSON.parse (<anonymous>)
    at parseJSONFromBytes (node:internal/deps/undici/undici:5419:19)
    at successSteps (node:internal/deps/undici/undici:5390:27)
    at fullyReadBody (node:internal/deps/undici/undici:1501:9)
    at process.processTicksAndRejections (node:internal/process/task_queues:95:5)
    at async specConsumeBody (node:internal/deps/undici/undici:5399:7)
    at Object.getModelsForMake (C:\Users\tfort\Desktop\Projects\the-pickard\src\lib\nhtsa-vpic-api.ts:78:18)
    at populateModels (C:\Users\tfort\Desktop\Projects\the-pickard\scripts\populate-vehicle-data.ts:175:22)
    at main (C:\Users\tfort\Desktop\Projects\the-pickard\scripts\populate-vehicle-data.ts:353:7)
      Found 0 models
      ✅ Added models for B.K. JONES BUILDERS LLC

   🔍 Fetching models for B.L. INDUSTRIES, INC....
Error fetching models for B.L. INDUSTRIES, INC. from NHTSA vPIC: SyntaxError: Unexpected token '<', "<!DOCTYPE "... is not valid JSON
    at JSON.parse (<anonymous>)
    at parseJSONFromBytes (node:internal/deps/undici/undici:5419:19)
    at successSteps (node:internal/deps/undici/undici:5390:27)
    at fullyReadBody (node:internal/deps/undici/undici:1501:9)
    at process.processTicksAndRejections (node:internal/process/task_queues:95:5)
    at async specConsumeBody (node:internal/deps/undici/undici:5399:7)
    at Object.getModelsForMake (C:\Users\tfort\Desktop\Projects\the-pickard\src\lib\nhtsa-vpic-api.ts:78:18)
    at populateModels (C:\Users\tfort\Desktop\Projects\the-pickard\scripts\populate-vehicle-data.ts:175:22)
    at main (C:\Users\tfort\Desktop\Projects\the-pickard\scripts\populate-vehicle-data.ts:353:7)
      Found 0 models
      ✅ Added models for B.L. INDUSTRIES, INC.

   🔍 Fetching models for B.T. CUSTOM TRAILERS...
Error fetching models for B.T. CUSTOM TRAILERS from NHTSA vPIC: SyntaxError: Unexpected token '<', "<!DOCTYPE "... is not valid JSON
    at JSON.parse (<anonymous>)
    at parseJSONFromBytes (node:internal/deps/undici/undici:5419:19)
    at successSteps (node:internal/deps/undici/undici:5390:27)
    at fullyReadBody (node:internal/deps/undici/undici:1501:9)
    at process.processTicksAndRejections (node:internal/process/task_queues:95:5)
    at async specConsumeBody (node:internal/deps/undici/undici:5399:7)
    at Object.getModelsForMake (C:\Users\tfort\Desktop\Projects\the-pickard\src\lib\nhtsa-vpic-api.ts:78:18)
    at populateModels (C:\Users\tfort\Desktop\Projects\the-pickard\scripts\populate-vehicle-data.ts:175:22)
    at main (C:\Users\tfort\Desktop\Projects\the-pickard\scripts\populate-vehicle-data.ts:353:7)
      Found 0 models
      ✅ Added models for B.T. CUSTOM TRAILERS

   🔍 Fetching models for B.T.L. TRAILERS...
Error fetching models for B.T.L. TRAILERS from NHTSA vPIC: SyntaxError: Unexpected token '<', "<!DOCTYPE "... is not valid JSON
    at JSON.parse (<anonymous>)
    at parseJSONFromBytes (node:internal/deps/undici/undici:5419:19)
    at successSteps (node:internal/deps/undici/undici:5390:27)
    at fullyReadBody (node:internal/deps/undici/undici:1501:9)
    at process.processTicksAndRejections (node:internal/process/task_queues:95:5)
    at async specConsumeBody (node:internal/deps/undici/undici:5399:7)
    at Object.getModelsForMake (C:\Users\tfort\Desktop\Projects\the-pickard\src\lib\nhtsa-vpic-api.ts:78:18)
    at populateModels (C:\Users\tfort\Desktop\Projects\the-pickard\scripts\populate-vehicle-data.ts:175:22)
    at main (C:\Users\tfort\Desktop\Projects\the-pickard\scripts\populate-vehicle-data.ts:353:7)
      Found 0 models
      ✅ Added models for B.T.L. TRAILERS

   🔍 Fetching models for BACH BUILT CHOPPERS...
      Found 1 models
      ✅ Added models for BACH BUILT CHOPPERS

   🔍 Fetching models for BACK 40 CREATIONS...
      Found 1 models
      ✅ Added models for BACK 40 CREATIONS

   🔍 Fetching models for BACK 40 SUPPLY...
      Found 1 models
      ✅ Added models for BACK 40 SUPPLY

   🔍 Fetching models for BACK OFF LOWBOYS...
      Found 1 models
      ✅ Added models for BACK OFF LOWBOYS

   🔍 Fetching models for BACK PORCH HOMES...
      Found 1 models
      ✅ Added models for BACK PORCH HOMES

   🔍 Fetching models for BACK TRACK TRAILERS...
      Found 1 models
      ✅ Added models for BACK TRACK TRAILERS

   🔍 Fetching models for BACK YARD CHOPPERS...
      Found 5 models
      ✅ Added models for BACK YARD CHOPPERS

   🔍 Fetching models for BACKDRAFT...
      Found 1 models
      ✅ Added models for BACKDRAFT

   🔍 Fetching models for BACKROAD CHOPPERS...
      Found 5 models
      ✅ Added models for BACKROAD CHOPPERS

   🔍 Fetching models for BACKROADS OVERLOAD CO....
Error fetching models for BACKROADS OVERLOAD CO. from NHTSA vPIC: SyntaxError: Unexpected token '<', "<!DOCTYPE "... is not valid JSON
    at JSON.parse (<anonymous>)
    at parseJSONFromBytes (node:internal/deps/undici/undici:5419:19)
    at successSteps (node:internal/deps/undici/undici:5390:27)
    at fullyReadBody (node:internal/deps/undici/undici:1501:9)
    at process.processTicksAndRejections (node:internal/process/task_queues:95:5)
    at async specConsumeBody (node:internal/deps/undici/undici:5399:7)
    at Object.getModelsForMake (C:\Users\tfort\Desktop\Projects\the-pickard\src\lib\nhtsa-vpic-api.ts:78:18)
    at populateModels (C:\Users\tfort\Desktop\Projects\the-pickard\scripts\populate-vehicle-data.ts:175:22)
    at main (C:\Users\tfort\Desktop\Projects\the-pickard\scripts\populate-vehicle-data.ts:353:7)
      Found 0 models
      ✅ Added models for BACKROADS OVERLOAD CO.

   🔍 Fetching models for BACKSTREET SURVEILLANCE...
      Found 1 models
      ✅ Added models for BACKSTREET SURVEILLANCE

   🔍 Fetching models for BACKTREK...
      Found 1 models
      ✅ Added models for BACKTREK

   🔍 Fetching models for BACKWATER TRAILERS...
      Found 3 models
      ✅ Added models for BACKWATER TRAILERS

   🔍 Fetching models for BACKWATER-CUSTOMS...
      Found 1 models
      ✅ Added models for BACKWATER-CUSTOMS

   🔍 Fetching models for BACKWOODS CHOPPERS...
      Found 1 models
      ✅ Added models for BACKWOODS CHOPPERS

   🔍 Fetching models for BACKWOODS TRAILER SALES & MANUFACTURER...
      Found 1 models
      ✅ Added models for BACKWOODS TRAILER SALES & MANUFACTURER

   🔍 Fetching models for BACKYARD CHOPPERS...
      Found 1 models
      ✅ Added models for BACKYARD CHOPPERS

   🔍 Fetching models for BACKYARD STRUCTURES...
      Found 1 models
      ✅ Added models for BACKYARD STRUCTURES

   🔍 Fetching models for BACKYARD TRAILERS, LLC...
      Found 1 models
      ✅ Added models for BACKYARD TRAILERS, LLC

   🔍 Fetching models for BACKYARD TRS...
      Found 1 models
      ✅ Added models for BACKYARD TRS

   🔍 Fetching models for BAD 2D BONE TRAILERS...
      Found 1 models
      ✅ Added models for BAD 2D BONE TRAILERS

   🔍 Fetching models for BAD ASS CHOPPERS...
      Found 1 models
      ✅ Added models for BAD ASS CHOPPERS

   🔍 Fetching models for BAD BOY...
      Found 12 models
      ✅ Added models for BAD BOY

   🔍 Fetching models for BAD BOY BUGGY...
      Found 1 models
      ✅ Added models for BAD BOY BUGGY

   🔍 Fetching models for BAD BOY ENTERPRISES...
      Found 4 models
      ✅ Added models for BAD BOY ENTERPRISES

   🔍 Fetching models for BAD BOY INC....
Error fetching models for BAD BOY INC. from NHTSA vPIC: SyntaxError: Unexpected token '<', "<!DOCTYPE "... is not valid JSON
    at JSON.parse (<anonymous>)
    at parseJSONFromBytes (node:internal/deps/undici/undici:5419:19)
    at successSteps (node:internal/deps/undici/undici:5390:27)
    at fullyReadBody (node:internal/deps/undici/undici:1501:9)
    at process.processTicksAndRejections (node:internal/process/task_queues:95:5)
    at async specConsumeBody (node:internal/deps/undici/undici:5399:7)
    at Object.getModelsForMake (C:\Users\tfort\Desktop\Projects\the-pickard\src\lib\nhtsa-vpic-api.ts:78:18)
    at populateModels (C:\Users\tfort\Desktop\Projects\the-pickard\scripts\populate-vehicle-data.ts:175:22)
    at main (C:\Users\tfort\Desktop\Projects\the-pickard\scripts\populate-vehicle-data.ts:353:7)
      Found 0 models
      ✅ Added models for BAD BOY INC.

   🔍 Fetching models for BAD BOY TRAILERS...
      Found 1 models
      ✅ Added models for BAD BOY TRAILERS

   🔍 Fetching models for BAD BOYS CHOPPERS...
      Found 1 models
      ✅ Added models for BAD BOYS CHOPPERS

   🔍 Fetching models for BAD BOYZ TOYZ...
      Found 1 models
      ✅ Added models for BAD BOYZ TOYZ

   🔍 Fetching models for BAD ISLAND TOYZ...
      Found 1 models
      ✅ Added models for BAD ISLAND TOYZ

   🔍 Fetching models for BADAC...
      Found 1 models
      ✅ Added models for BADAC

   🔍 Fetching models for BADASS INDUSTRIES...
      Found 1 models
      ✅ Added models for BADASS INDUSTRIES

   🔍 Fetching models for BADGE BOYZ CUSTOMZ...
      Found 1 models
      ✅ Added models for BADGE BOYZ CUSTOMZ

   🔍 Fetching models for BADGER EQUIPMENT...
      Found 2 models
      ✅ Added models for BADGER EQUIPMENT

   🔍 Fetching models for BADGER UTILITY INC....
Error fetching models for BADGER UTILITY INC. from NHTSA vPIC: SyntaxError: Unexpected token '<', "<!DOCTYPE "... is not valid JSON
    at JSON.parse (<anonymous>)
    at parseJSONFromBytes (node:internal/deps/undici/undici:5419:19)
    at successSteps (node:internal/deps/undici/undici:5390:27)
    at fullyReadBody (node:internal/deps/undici/undici:1501:9)
    at process.processTicksAndRejections (node:internal/process/task_queues:95:5)
    at async specConsumeBody (node:internal/deps/undici/undici:5399:7)
    at Object.getModelsForMake (C:\Users\tfort\Desktop\Projects\the-pickard\src\lib\nhtsa-vpic-api.ts:78:18)
    at populateModels (C:\Users\tfort\Desktop\Projects\the-pickard\scripts\populate-vehicle-data.ts:175:22)
    at main (C:\Users\tfort\Desktop\Projects\the-pickard\scripts\populate-vehicle-data.ts:353:7)
      Found 0 models
      ✅ Added models for BADGER UTILITY INC.

   🔍 Fetching models for BADLANDS STEEL WORX...
      Found 1 models
      ✅ Added models for BADLANDS STEEL WORX

   🔍 Fetching models for BADSEY BULLET U.S.A, INC....
Error fetching models for BADSEY BULLET U.S.A, INC. from NHTSA vPIC: SyntaxError: Unexpected token '<', "<!DOCTYPE "... is not valid JSON
    at JSON.parse (<anonymous>)
    at parseJSONFromBytes (node:internal/deps/undici/undici:5419:19)
    at successSteps (node:internal/deps/undici/undici:5390:27)
    at fullyReadBody (node:internal/deps/undici/undici:1501:9)
    at process.processTicksAndRejections (node:internal/process/task_queues:95:5)
    at async specConsumeBody (node:internal/deps/undici/undici:5399:7)
    at Object.getModelsForMake (C:\Users\tfort\Desktop\Projects\the-pickard\src\lib\nhtsa-vpic-api.ts:78:18)
    at populateModels (C:\Users\tfort\Desktop\Projects\the-pickard\scripts\populate-vehicle-data.ts:175:22)
    at main (C:\Users\tfort\Desktop\Projects\the-pickard\scripts\populate-vehicle-data.ts:353:7)
      Found 0 models
      ✅ Added models for BADSEY BULLET U.S.A, INC.

   🔍 Fetching models for BAGGETS RETAIL TRAILER SALES...
      Found 1 models
      ✅ Added models for BAGGETS RETAIL TRAILER SALES

   🔍 Fetching models for BAGGETT'S TRAILER CONNECTION...
      Found 1 models
      ✅ Added models for BAGGETT'S TRAILER CONNECTION

   🔍 Fetching models for BAGLEY INC....
Error fetching models for BAGLEY INC. from NHTSA vPIC: SyntaxError: Unexpected token '<', "<!DOCTYPE "... is not valid JSON
    at JSON.parse (<anonymous>)
    at parseJSONFromBytes (node:internal/deps/undici/undici:5419:19)
    at successSteps (node:internal/deps/undici/undici:5390:27)
    at fullyReadBody (node:internal/deps/undici/undici:1501:9)
    at process.processTicksAndRejections (node:internal/process/task_queues:95:5)
    at async specConsumeBody (node:internal/deps/undici/undici:5399:7)
    at Object.getModelsForMake (C:\Users\tfort\Desktop\Projects\the-pickard\src\lib\nhtsa-vpic-api.ts:78:18)
    at populateModels (C:\Users\tfort\Desktop\Projects\the-pickard\scripts\populate-vehicle-data.ts:175:22)
    at main (C:\Users\tfort\Desktop\Projects\the-pickard\scripts\populate-vehicle-data.ts:353:7)
      Found 0 models
      ✅ Added models for BAGLEY INC.

   🔍 Fetching models for BAHN WAGEN...
      Found 1 models
      ✅ Added models for BAHN WAGEN

   🔍 Fetching models for BAHR CUSTOM BOATS & TRAILERS...
      Found 1 models
      ✅ Added models for BAHR CUSTOM BOATS & TRAILERS

   🔍 Fetching models for BAILLIE DIESEL, INC....
Error fetching models for BAILLIE DIESEL, INC. from NHTSA vPIC: SyntaxError: Unexpected token '<', "<!DOCTYPE "... is not valid JSON
    at JSON.parse (<anonymous>)
    at parseJSONFromBytes (node:internal/deps/undici/undici:5419:19)
    at successSteps (node:internal/deps/undici/undici:5390:27)
    at fullyReadBody (node:internal/deps/undici/undici:1501:9)
    at process.processTicksAndRejections (node:internal/process/task_queues:95:5)
    at async specConsumeBody (node:internal/deps/undici/undici:5399:7)
    at Object.getModelsForMake (C:\Users\tfort\Desktop\Projects\the-pickard\src\lib\nhtsa-vpic-api.ts:78:18)
    at populateModels (C:\Users\tfort\Desktop\Projects\the-pickard\scripts\populate-vehicle-data.ts:175:22)
    at main (C:\Users\tfort\Desktop\Projects\the-pickard\scripts\populate-vehicle-data.ts:353:7)
      Found 0 models
      ✅ Added models for BAILLIE DIESEL, INC.

   🔍 Fetching models for BAIR BODIES AND TRAILERS...
      Found 1 models
      ✅ Added models for BAIR BODIES AND TRAILERS

   🔍 Fetching models for BAIRD & SLASKA MFG...
      Found 1 models
      ✅ Added models for BAIRD & SLASKA MFG

   🔍 Fetching models for BAJA CUSTOM TRAILERS...
      Found 1 models
      ✅ Added models for BAJA CUSTOM TRAILERS

   🔍 Fetching models for BAJA STEEL INC...
      Found 1 models
      ✅ Added models for BAJA STEEL INC

   🔍 Fetching models for BAJAJ AUTO...
      Found 12 models
      ✅ Added models for BAJAJ AUTO

   🔍 Fetching models for BAKER...
      Found 10 models
      ✅ Added models for BAKER

   🔍 Fetching models for BAKERS TRAILER...
      Found 1 models
      ✅ Added models for BAKERS TRAILER

   🔍 Fetching models for BAKKURA MOBILITY...
      Found 1 models
      ✅ Added models for BAKKURA MOBILITY

   🔍 Fetching models for BAKU TRAILERS...
      Found 1 models
      ✅ Added models for BAKU TRAILERS

   🔍 Fetching models for BALBI RIMORCHI SRL...
      Found 1 models
      ✅ Added models for BALBI RIMORCHI SRL

   🔍 Fetching models for BALDOR GENERATORS...
      Found 1 models
      ✅ Added models for BALDOR GENERATORS

   🔍 Fetching models for BALE RUNNER MFG....
Error fetching models for BALE RUNNER MFG. from NHTSA vPIC: SyntaxError: Unexpected token '<', "<!DOCTYPE "... is not valid JSON
    at JSON.parse (<anonymous>)
    at parseJSONFromBytes (node:internal/deps/undici/undici:5419:19)
    at successSteps (node:internal/deps/undici/undici:5390:27)
    at fullyReadBody (node:internal/deps/undici/undici:1501:9)
    at process.processTicksAndRejections (node:internal/process/task_queues:95:5)
    at async specConsumeBody (node:internal/deps/undici/undici:5399:7)
    at Object.getModelsForMake (C:\Users\tfort\Desktop\Projects\the-pickard\src\lib\nhtsa-vpic-api.ts:78:18)
    at populateModels (C:\Users\tfort\Desktop\Projects\the-pickard\scripts\populate-vehicle-data.ts:175:22)
    at main (C:\Users\tfort\Desktop\Projects\the-pickard\scripts\populate-vehicle-data.ts:353:7)
      Found 0 models
      ✅ Added models for BALE RUNNER MFG.

   🔍 Fetching models for BALES EQUIPMENT TRAILERS LLC...
      Found 0 models
      ✅ Added models for BALES EQUIPMENT TRAILERS LLC

   🔍 Fetching models for BALESTRA...
      Found 1 models
      ✅ Added models for BALESTRA

   🔍 Fetching models for BALKO...
      Found 107 models
      ✅ Added models for BALKO

   🔍 Fetching models for BALLARD POWER SYSTEMS INC....
Error fetching models for BALLARD POWER SYSTEMS INC. from NHTSA vPIC: SyntaxError: Unexpected token '<', "<!DOCTYPE "... is not valid JSON
    at JSON.parse (<anonymous>)
    at parseJSONFromBytes (node:internal/deps/undici/undici:5419:19)
    at successSteps (node:internal/deps/undici/undici:5390:27)
    at fullyReadBody (node:internal/deps/undici/undici:1501:9)
    at process.processTicksAndRejections (node:internal/process/task_queues:95:5)
    at async specConsumeBody (node:internal/deps/undici/undici:5399:7)
    at Object.getModelsForMake (C:\Users\tfort\Desktop\Projects\the-pickard\src\lib\nhtsa-vpic-api.ts:78:18)
    at populateModels (C:\Users\tfort\Desktop\Projects\the-pickard\scripts\populate-vehicle-data.ts:175:22)
    at main (C:\Users\tfort\Desktop\Projects\the-pickard\scripts\populate-vehicle-data.ts:353:7)
      Found 0 models
      ✅ Added models for BALLARD POWER SYSTEMS INC.

   🔍 Fetching models for BALLEWS...
      Found 1 models
      ✅ Added models for BALLEWS

   🔍 Fetching models for BALLISTIC...
      Found 3 models
      ✅ Added models for BALLISTIC

   🔍 Fetching models for BALLISTIC TRAILERS...
      Found 1 models
      ✅ Added models for BALLISTIC TRAILERS

   🔍 Fetching models for BALON CORPORATION...
      Found 1 models
      ✅ Added models for BALON CORPORATION

   🔍 Fetching models for BALTIC INDUSTRIES INC...
      Found 3 models
      ✅ Added models for BALTIC INDUSTRIES INC

   🔍 Fetching models for BALZER...
      Found 1 models
      ✅ Added models for BALZER

   🔍 Fetching models for BAM TRAILERS...
      Found 1 models
      ✅ Added models for BAM TRAILERS

   🔍 Fetching models for BAMA BUILT TRAILERS...
      Found 1 models
      ✅ Added models for BAMA BUILT TRAILERS

   🔍 Fetching models for BAMA LSV...
      Found 15 models
      ✅ Added models for BAMA LSV

   🔍 Fetching models for BANDIT...
      Found 2 models
      ✅ Added models for BANDIT

   🔍 Fetching models for BANDIT CHOPPERS LLC...
      Found 0 models
      ✅ Added models for BANDIT CHOPPERS LLC

   🔍 Fetching models for BANDIT TRAILERS, LLC...
      Found 1 models
      ✅ Added models for BANDIT TRAILERS, LLC

   🔍 Fetching models for BANDY TRAILERS...
      Found 1 models
      ✅ Added models for BANDY TRAILERS

   🔍 Fetching models for BANENS...
      Found 1 models
      ✅ Added models for BANENS

   🔍 Fetching models for BANTAM TRAILERS USA...
      Found 0 models
      ✅ Added models for BANTAM TRAILERS USA

   🔍 Fetching models for BAODIAO...
      Found 18 models
      ✅ Added models for BAODIAO

   🔍 Fetching models for BAR H WELDING...
      Found 1 models
      ✅ Added models for BAR H WELDING

   🔍 Fetching models for BAR T Z UNLIMITED...
      Found 1 models
      ✅ Added models for BAR T Z UNLIMITED

   🔍 Fetching models for BAR Y...
      Found 1 models
      ✅ Added models for BAR Y

   🔍 Fetching models for BAR-BEL FABRICATING...
      Found 1 models
      ✅ Added models for BAR-BEL FABRICATING

   🔍 Fetching models for BARCLAY TRUCK REBUILDERS...
      Found 1 models
      ✅ Added models for BARCLAY TRUCK REBUILDERS

   🔍 Fetching models for BARCO INDUSTRIAL SUPPLY...
      Found 1 models
      ✅ Added models for BARCO INDUSTRIAL SUPPLY

   🔍 Fetching models for BARCO PUMP CO....
Error fetching models for BARCO PUMP CO. from NHTSA vPIC: SyntaxError: Unexpected token '<', "<!DOCTYPE "... is not valid JSON
    at JSON.parse (<anonymous>)
    at parseJSONFromBytes (node:internal/deps/undici/undici:5419:19)
    at successSteps (node:internal/deps/undici/undici:5390:27)
    at fullyReadBody (node:internal/deps/undici/undici:1501:9)
    at process.processTicksAndRejections (node:internal/process/task_queues:95:5)
    at async specConsumeBody (node:internal/deps/undici/undici:5399:7)
    at Object.getModelsForMake (C:\Users\tfort\Desktop\Projects\the-pickard\src\lib\nhtsa-vpic-api.ts:78:18)
    at populateModels (C:\Users\tfort\Desktop\Projects\the-pickard\scripts\populate-vehicle-data.ts:175:22)
    at main (C:\Users\tfort\Desktop\Projects\the-pickard\scripts\populate-vehicle-data.ts:353:7)
      Found 0 models
      ✅ Added models for BARCO PUMP CO.

   🔍 Fetching models for BARCROFT WELDING AND ORNAMENTAL IRON...
      Found 1 models
      ✅ Added models for BARCROFT WELDING AND ORNAMENTAL IRON

   🔍 Fetching models for BARE KNUCKLE CHOPPERS...
      Found 1 models
      ✅ Added models for BARE KNUCKLE CHOPPERS

   🔍 Fetching models for BARE METAL, LLC...
      Found 1 models
      ✅ Added models for BARE METAL, LLC

   🔍 Fetching models for BARLOW'S WELDING...
      Found 1 models
      ✅ Added models for BARLOW'S WELDING

   🔍 Fetching models for BARNSTORM CYCLES...
      Found 3 models
      ✅ Added models for BARNSTORM CYCLES

   🔍 Fetching models for BARNTS SALES COMPANY LLC...
      Found 1 models
      ✅ Added models for BARNTS SALES COMPANY LLC

   🔍 Fetching models for BARNYARD CUSTOMS...
      Found 1 models
      ✅ Added models for BARNYARD CUSTOMS

   🔍 Fetching models for BARON MOTORCYCLES, INC....
Error fetching models for BARON MOTORCYCLES, INC. from NHTSA vPIC: SyntaxError: Unexpected token '<', "<!DOCTYPE "... is not valid JSON
    at JSON.parse (<anonymous>)
    at parseJSONFromBytes (node:internal/deps/undici/undici:5419:19)
    at successSteps (node:internal/deps/undici/undici:5390:27)
    at fullyReadBody (node:internal/deps/undici/undici:1501:9)
    at process.processTicksAndRejections (node:internal/process/task_queues:95:5)
    at async specConsumeBody (node:internal/deps/undici/undici:5399:7)
    at Object.getModelsForMake (C:\Users\tfort\Desktop\Projects\the-pickard\src\lib\nhtsa-vpic-api.ts:78:18)
    at populateModels (C:\Users\tfort\Desktop\Projects\the-pickard\scripts\populate-vehicle-data.ts:175:22)
    at main (C:\Users\tfort\Desktop\Projects\the-pickard\scripts\populate-vehicle-data.ts:353:7)
      Found 0 models
      ✅ Added models for BARON MOTORCYCLES, INC.

   🔍 Fetching models for BARON USA INC...
      Found 1 models
      ✅ Added models for BARON USA INC

   🔍 Fetching models for BARRETO MANUFACTURING...
      Found 1 models
      ✅ Added models for BARRETO MANUFACTURING

   🔍 Fetching models for BARRETT TRAILERS...
      Found 3 models
      ✅ Added models for BARRETT TRAILERS

   🔍 Fetching models for BARRETT TRAILERS, INC....
Error fetching models for BARRETT TRAILERS, INC. from NHTSA vPIC: SyntaxError: Unexpected token '<', "<!DOCTYPE "... is not valid JSON
    at JSON.parse (<anonymous>)
    at parseJSONFromBytes (node:internal/deps/undici/undici:5419:19)
    at successSteps (node:internal/deps/undici/undici:5390:27)
    at fullyReadBody (node:internal/deps/undici/undici:1501:9)
    at process.processTicksAndRejections (node:internal/process/task_queues:95:5)
    at async specConsumeBody (node:internal/deps/undici/undici:5399:7)
    at Object.getModelsForMake (C:\Users\tfort\Desktop\Projects\the-pickard\src\lib\nhtsa-vpic-api.ts:78:18)
    at populateModels (C:\Users\tfort\Desktop\Projects\the-pickard\scripts\populate-vehicle-data.ts:175:22)
    at main (C:\Users\tfort\Desktop\Projects\the-pickard\scripts\populate-vehicle-data.ts:353:7)
      Found 0 models
      ✅ Added models for BARRETT TRAILERS, INC.

   🔍 Fetching models for BARRETT TRAILERS, LLC...
      Found 1 models
      ✅ Added models for BARRETT TRAILERS, LLC

   🔍 Fetching models for BARRIER SYSTEMS...
      Found 1 models
      ✅ Added models for BARRIER SYSTEMS

   🔍 Fetching models for BARRO AG WELDING AND TRAILER REPAIR...
      Found 1 models
      ✅ Added models for BARRO AG WELDING AND TRAILER REPAIR

   🔍 Fetching models for BARRY'S TRAILERS...
      Found 1 models
      ✅ Added models for BARRY'S TRAILERS

   🔍 Fetching models for BARSTOW KUSTOM ...
Error fetching models for BARSTOW KUSTOM  from NHTSA vPIC: SyntaxError: Unexpected token '<', "<!DOCTYPE "... is not valid JSON
    at JSON.parse (<anonymous>)
    at parseJSONFromBytes (node:internal/deps/undici/undici:5419:19)
    at successSteps (node:internal/deps/undici/undici:5390:27)
    at fullyReadBody (node:internal/deps/undici/undici:1501:9)
    at process.processTicksAndRejections (node:internal/process/task_queues:95:5)
    at async specConsumeBody (node:internal/deps/undici/undici:5399:7)
    at Object.getModelsForMake (C:\Users\tfort\Desktop\Projects\the-pickard\src\lib\nhtsa-vpic-api.ts:78:18)
    at populateModels (C:\Users\tfort\Desktop\Projects\the-pickard\scripts\populate-vehicle-data.ts:175:22)
    at main (C:\Users\tfort\Desktop\Projects\the-pickard\scripts\populate-vehicle-data.ts:353:7)
      Found 0 models
      ✅ Added models for BARSTOW KUSTOM 

   🔍 Fetching models for BARTEL WELDING...
      Found 3 models
      ✅ Added models for BARTEL WELDING

   🔍 Fetching models for BARTLEY CORPORATION...
      Found 1 models
      ✅ Added models for BARTLEY CORPORATION

   🔍 Fetching models for BARTON INVESTMENT GROUP MANUFACTURING, LLC...
      Found 4 models
      ✅ Added models for BARTON INVESTMENT GROUP MANUFACTURING, LLC

   🔍 Fetching models for BASE CAMP RECREATIONAL VEHICLES...
      Found 3 models
      ✅ Added models for BASE CAMP RECREATIONAL VEHICLES

   🔍 Fetching models for BASECAMP...
      Found 1 models
      ✅ Added models for BASECAMP

   🔍 Fetching models for BASHAN...
      Found 43 models
      ✅ Added models for BASHAN

   🔍 Fetching models for BASHAN/BMS...
Error fetching models for BASHAN/BMS from NHTSA vPIC: SyntaxError: Unexpected token '<', "<!DOCTYPE "... is not valid JSON
    at JSON.parse (<anonymous>)
    at parseJSONFromBytes (node:internal/deps/undici/undici:5419:19)
    at successSteps (node:internal/deps/undici/undici:5390:27)
    at fullyReadBody (node:internal/deps/undici/undici:1501:9)
    at process.processTicksAndRejections (node:internal/process/task_queues:95:5)
    at async specConsumeBody (node:internal/deps/undici/undici:5399:7)
    at Object.getModelsForMake (C:\Users\tfort\Desktop\Projects\the-pickard\src\lib\nhtsa-vpic-api.ts:78:18)
    at populateModels (C:\Users\tfort\Desktop\Projects\the-pickard\scripts\populate-vehicle-data.ts:175:22)
    at main (C:\Users\tfort\Desktop\Projects\the-pickard\scripts\populate-vehicle-data.ts:353:7)
      Found 0 models
      ✅ Added models for BASHAN/BMS

   🔍 Fetching models for BASHAN/RAVEN...
Error fetching models for BASHAN/RAVEN from NHTSA vPIC: SyntaxError: Unexpected token '<', "<!DOCTYPE "... is not valid JSON
    at JSON.parse (<anonymous>)
    at parseJSONFromBytes (node:internal/deps/undici/undici:5419:19)
    at successSteps (node:internal/deps/undici/undici:5390:27)
    at fullyReadBody (node:internal/deps/undici/undici:1501:9)
    at process.processTicksAndRejections (node:internal/process/task_queues:95:5)
    at async specConsumeBody (node:internal/deps/undici/undici:5399:7)
    at Object.getModelsForMake (C:\Users\tfort\Desktop\Projects\the-pickard\src\lib\nhtsa-vpic-api.ts:78:18)
    at populateModels (C:\Users\tfort\Desktop\Projects\the-pickard\scripts\populate-vehicle-data.ts:175:22)
    at main (C:\Users\tfort\Desktop\Projects\the-pickard\scripts\populate-vehicle-data.ts:353:7)
      Found 0 models
      ✅ Added models for BASHAN/RAVEN

   🔍 Fetching models for BASHI...
      Found 33 models
      ✅ Added models for BASHI

   🔍 Fetching models for BASOGLU KARAVAN SANAYI VE TICARET A.S....
Error fetching models for BASOGLU KARAVAN SANAYI VE TICARET A.S. from NHTSA vPIC: SyntaxError: Unexpected token '<', "<!DOCTYPE "... is not valid JSON
    at JSON.parse (<anonymous>)
    at parseJSONFromBytes (node:internal/deps/undici/undici:5419:19)
    at successSteps (node:internal/deps/undici/undici:5390:27)
    at fullyReadBody (node:internal/deps/undici/undici:1501:9)
    at process.processTicksAndRejections (node:internal/process/task_queues:95:5)
    at async specConsumeBody (node:internal/deps/undici/undici:5399:7)
    at Object.getModelsForMake (C:\Users\tfort\Desktop\Projects\the-pickard\src\lib\nhtsa-vpic-api.ts:78:18)
    at populateModels (C:\Users\tfort\Desktop\Projects\the-pickard\scripts\populate-vehicle-data.ts:175:22)
    at main (C:\Users\tfort\Desktop\Projects\the-pickard\scripts\populate-vehicle-data.ts:353:7)
      Found 0 models
      ✅ Added models for BASOGLU KARAVAN SANAYI VE TICARET A.S.

   🔍 Fetching models for BASSCAT...
      Found 0 models
      ✅ Added models for BASSCAT

   🔍 Fetching models for BATCO...
      Found 1 models
      ✅ Added models for BATCO

   🔍 Fetching models for BATTLE WAGON TRAILERS...
      Found 2 models
      ✅ Added models for BATTLE WAGON TRAILERS

   🔍 Fetching models for BATTLE WAGON TRAILERS (KTD INDUSTRIES)...
      Found 1 models
      ✅ Added models for BATTLE WAGON TRAILERS (KTD INDUSTRIES)

   🔍 Fetching models for BAUER...
      Found 19 models
      ✅ Added models for BAUER

   🔍 Fetching models for BAUER BUILT MANUFACTURING, INC....
Error fetching models for BAUER BUILT MANUFACTURING, INC. from NHTSA vPIC: SyntaxError: Unexpected token '<', "<!DOCTYPE "... is not valid JSON
    at JSON.parse (<anonymous>)
    at parseJSONFromBytes (node:internal/deps/undici/undici:5419:19)
    at successSteps (node:internal/deps/undici/undici:5390:27)
    at fullyReadBody (node:internal/deps/undici/undici:1501:9)
    at process.processTicksAndRejections (node:internal/process/task_queues:95:5)
    at async specConsumeBody (node:internal/deps/undici/undici:5399:7)
    at Object.getModelsForMake (C:\Users\tfort\Desktop\Projects\the-pickard\src\lib\nhtsa-vpic-api.ts:78:18)
    at populateModels (C:\Users\tfort\Desktop\Projects\the-pickard\scripts\populate-vehicle-data.ts:175:22)
    at main (C:\Users\tfort\Desktop\Projects\the-pickard\scripts\populate-vehicle-data.ts:353:7)
      Found 0 models
      ✅ Added models for BAUER BUILT MANUFACTURING, INC.

   🔍 Fetching models for BAUGHMAN PRODUCTS...
      Found 1 models
      ✅ Added models for BAUGHMAN PRODUCTS

   🔍 Fetching models for BAUSS MANUFACTURING INC....
Error fetching models for BAUSS MANUFACTURING INC. from NHTSA vPIC: SyntaxError: Unexpected token '<', "<!DOCTYPE "... is not valid JSON
    at JSON.parse (<anonymous>)
    at parseJSONFromBytes (node:internal/deps/undici/undici:5419:19)
    at successSteps (node:internal/deps/undici/undici:5390:27)
    at fullyReadBody (node:internal/deps/undici/undici:1501:9)
    at process.processTicksAndRejections (node:internal/process/task_queues:95:5)
    at async specConsumeBody (node:internal/deps/undici/undici:5399:7)
    at Object.getModelsForMake (C:\Users\tfort\Desktop\Projects\the-pickard\src\lib\nhtsa-vpic-api.ts:78:18)
    at populateModels (C:\Users\tfort\Desktop\Projects\the-pickard\scripts\populate-vehicle-data.ts:175:22)
    at main (C:\Users\tfort\Desktop\Projects\the-pickard\scripts\populate-vehicle-data.ts:353:7)
      Found 0 models
      ✅ Added models for BAUSS MANUFACTURING INC.

   🔍 Fetching models for BAUTISTA WELDING & CUSTOM TRAILERS MANUFACTURING LLC...
      Found 1 models
      ✅ Added models for BAUTISTA WELDING & CUSTOM TRAILERS MANUFACTURING LLC

   🔍 Fetching models for BAUXLITE...
      Found 1 models
      ✅ Added models for BAUXLITE

   🔍 Fetching models for BAY AREA METAL FABRICATION...
      Found 1 models
      ✅ Added models for BAY AREA METAL FABRICATION

   🔍 Fetching models for BAY BRIDGE MANUFACTURING...
      Found 1 models
      ✅ Added models for BAY BRIDGE MANUFACTURING

   🔍 Fetching models for BAY CITY CHOPPERS...
      Found 1 models
      ✅ Added models for BAY CITY CHOPPERS

   🔍 Fetching models for BAY EQUIPMENT AND REPAIR (BEAR)...
      Found 1 models
      ✅ Added models for BAY EQUIPMENT AND REPAIR (BEAR)

   🔍 Fetching models for BAY MANUFACTURING...
      Found 2 models
      ✅ Added models for BAY MANUFACTURING

   🔍 Fetching models for BAY TOWN CHOPPERS...
      Found 1 models
      ✅ Added models for BAY TOWN CHOPPERS

   🔍 Fetching models for BAYER TRAILERS...
      Found 1 models
      ✅ Added models for BAYER TRAILERS

   🔍 Fetching models for BAYSHORE...
      Found 2 models
      ✅ Added models for BAYSHORE

   🔍 Fetching models for BAYSHORE SYSTEMS, INC...
      Found 1 models
      ✅ Added models for BAYSHORE SYSTEMS, INC

   🔍 Fetching models for BAZ MFG....
Error fetching models for BAZ MFG. from NHTSA vPIC: SyntaxError: Unexpected token '<', "<!DOCTYPE "... is not valid JSON
    at JSON.parse (<anonymous>)
    at parseJSONFromBytes (node:internal/deps/undici/undici:5419:19)
    at successSteps (node:internal/deps/undici/undici:5390:27)
    at fullyReadBody (node:internal/deps/undici/undici:1501:9)
    at process.processTicksAndRejections (node:internal/process/task_queues:95:5)
    at async specConsumeBody (node:internal/deps/undici/undici:5399:7)
    at Object.getModelsForMake (C:\Users\tfort\Desktop\Projects\the-pickard\src\lib\nhtsa-vpic-api.ts:78:18)
    at populateModels (C:\Users\tfort\Desktop\Projects\the-pickard\scripts\populate-vehicle-data.ts:175:22)
    at main (C:\Users\tfort\Desktop\Projects\the-pickard\scripts\populate-vehicle-data.ts:353:7)
      Found 0 models
      ✅ Added models for BAZ MFG.

   🔍 Fetching models for BAZOOKA FARMSTAR TRAILERS...
      Found 1 models
      ✅ Added models for BAZOOKA FARMSTAR TRAILERS

   🔍 Fetching models for BAZZELL'S...
      Found 1 models
      ✅ Added models for BAZZELL'S

   🔍 Fetching models for BB BUGGIES...
      Found 9 models
      ✅ Added models for BB BUGGIES

   🔍 Fetching models for BB ROLLAHOME...
      Found 1 models
      ✅ Added models for BB ROLLAHOME

   🔍 Fetching models for BBC...
      Found 2 models
      ✅ Added models for BBC

   🔍 Fetching models for BBK...
      Found 1 models
      ✅ Added models for BBK

   🔍 Fetching models for BBQ PITS BY KLOSE...
      Found 1 models
      ✅ Added models for BBQ PITS BY KLOSE

   🔍 Fetching models for BC...
      Found 31 models
      ✅ Added models for BC

   🔍 Fetching models for BC TRAILERS...
      Found 1 models
      ✅ Added models for BC TRAILERS

   🔍 Fetching models for BCA FABRICATION LLC...
      Found 1 models
      ✅ Added models for BCA FABRICATION LLC

   🔍 Fetching models for BCA INDUSTRIES...
      Found 1 models
      ✅ Added models for BCA INDUSTRIES

   🔍 Fetching models for BCD TRAILER LLC...
      Found 1 models
      ✅ Added models for BCD TRAILER LLC

   🔍 Fetching models for BCI MANUFACTURING...
      Found 2 models
      ✅ Added models for BCI MANUFACTURING

   🔍 Fetching models for BCI TRAILERS...
      Found 1 models
      ✅ Added models for BCI TRAILERS

   🔍 Fetching models for BCL FABRICATION...
      Found 1 models
      ✅ Added models for BCL FABRICATION

   🔍 Fetching models for BCT...
      Found 4 models
      ✅ Added models for BCT

   🔍 Fetching models for BE SEEN ADVERTISING AND CUSTOM DESIGNS...
      Found 1 models
      ✅ Added models for BE SEEN ADVERTISING AND CUSTOM DESIGNS

   🔍 Fetching models for BEACH CITY MOTORCYCLES...
      Found 1 models
      ✅ Added models for BEACH CITY MOTORCYCLES

   🔍 Fetching models for BEACH KING INC...
      Found 1 models
      ✅ Added models for BEACH KING INC

   🔍 Fetching models for BEALL TRAILERS...
      Found 1 models
      ✅ Added models for BEALL TRAILERS

   🔍 Fetching models for BEAM GLOBAL...
      Found 5 models
      ✅ Added models for BEAM GLOBAL

   🔍 Fetching models for BEAMCO...
      Found 1 models
      ✅ Added models for BEAMCO

   🔍 Fetching models for BEAN & CONQUEST, INC....
Error fetching models for BEAN & CONQUEST, INC. from NHTSA vPIC: SyntaxError: Unexpected token '<', "<!DOCTYPE "... is not valid JSON
    at JSON.parse (<anonymous>)
    at parseJSONFromBytes (node:internal/deps/undici/undici:5419:19)
    at successSteps (node:internal/deps/undici/undici:5390:27)
    at fullyReadBody (node:internal/deps/undici/undici:1501:9)
    at process.processTicksAndRejections (node:internal/process/task_queues:95:5)
    at async specConsumeBody (node:internal/deps/undici/undici:5399:7)
    at Object.getModelsForMake (C:\Users\tfort\Desktop\Projects\the-pickard\src\lib\nhtsa-vpic-api.ts:78:18)
    at populateModels (C:\Users\tfort\Desktop\Projects\the-pickard\scripts\populate-vehicle-data.ts:175:22)
    at main (C:\Users\tfort\Desktop\Projects\the-pickard\scripts\populate-vehicle-data.ts:353:7)
      Found 0 models
      ✅ Added models for BEAN & CONQUEST, INC.

   🔍 Fetching models for BEAN TRAILER...
      Found 1 models
      ✅ Added models for BEAN TRAILER

   🔍 Fetching models for BEAR...
      Found 65 models
      ✅ Added models for BEAR

   🔍 Fetching models for BEAR BONES...
      Found 1 models
      ✅ Added models for BEAR BONES

   🔍 Fetching models for BEAR RIVER FABRICATION & MACHINE...
      Found 1 models
      ✅ Added models for BEAR RIVER FABRICATION & MACHINE

   🔍 Fetching models for BEAR RIVER TRAILERS...
      Found 2 models
      ✅ Added models for BEAR RIVER TRAILERS

   🔍 Fetching models for BEAR RIVER TRAILERS LLC...
      Found 1 models
      ✅ Added models for BEAR RIVER TRAILERS LLC

   🔍 Fetching models for BEAR STEEL...
      Found 1 models
      ✅ Added models for BEAR STEEL

   🔍 Fetching models for BEAR TEARDROPS LLC...
      Found 1 models
      ✅ Added models for BEAR TEARDROPS LLC

   🔍 Fetching models for BEAR TRACK PRODUCTS...
      Found 1 models
      ✅ Added models for BEAR TRACK PRODUCTS

   🔍 Fetching models for BEAR TRAILER MANUFACTURING...
      Found 1 models
      ✅ Added models for BEAR TRAILER MANUFACTURING

   🔍 Fetching models for BEARCAT...
      Found 12 models
      ✅ Added models for BEARCAT

   🔍 Fetching models for BEARCO...
      Found 1 models
      ✅ Added models for BEARCO

   🔍 Fetching models for BEARDS...
      Found 1 models
      ✅ Added models for BEARDS

   🔍 Fetching models for BEARTRAILER...
      Found 1 models
      ✅ Added models for BEARTRAILER

   🔍 Fetching models for BEAST...
      Found 19 models
      ✅ Added models for BEAST

   🔍 Fetching models for BEAST CUSTOM CYCLE...
      Found 16 models
      ✅ Added models for BEAST CUSTOM CYCLE

   🔍 Fetching models for BEAST MODE...
      Found 1 models
      ✅ Added models for BEAST MODE

   🔍 Fetching models for BEATS TRAILERS...
      Found 1 models
      ✅ Added models for BEATS TRAILERS

   🔍 Fetching models for BEAUER...
      Found 1 models
      ✅ Added models for BEAUER

   🔍 Fetching models for BEAVERFIT USA...
      Found 1 models
      ✅ Added models for BEAVERFIT USA

   🔍 Fetching models for BEAVERS...
      Found 1 models
      ✅ Added models for BEAVERS

   🔍 Fetching models for BECK TRAILER MANUFACTURING INC...
      Found 1 models
      ✅ Added models for BECK TRAILER MANUFACTURING INC

   🔍 Fetching models for BECK'S MOBILE HOME AND RV CENTER...
      Found 3 models
      ✅ Added models for BECK'S MOBILE HOME AND RV CENTER

   🔍 Fetching models for BECKENRIDGE...
      Found 4 models
      ✅ Added models for BECKENRIDGE

   🔍 Fetching models for BEDARD TANKERS INC...
      Found 14 models
      ✅ Added models for BEDARD TANKERS INC

   🔍 Fetching models for BEE TRAILERS...
      Found 2 models
      ✅ Added models for BEE TRAILERS

   🔍 Fetching models for BEEHIVE ROAD WELDING...
      Found 1 models
      ✅ Added models for BEEHIVE ROAD WELDING

   🔍 Fetching models for BEHNKE ENTERPRISES...
      Found 1 models
      ✅ Added models for BEHNKE ENTERPRISES

   🔍 Fetching models for BEIJING NORTH HUADE NEOPLAN BUS...
      Found 1 models
      ✅ Added models for BEIJING NORTH HUADE NEOPLAN BUS

   🔍 Fetching models for BEILER MACHINE...
      Found 1 models
      ✅ Added models for BEILER MACHINE

   🔍 Fetching models for BEIQI FOTON MOTOR / BEIJING BUS BRANCH...
Error fetching models for BEIQI FOTON MOTOR / BEIJING BUS BRANCH from NHTSA vPIC: SyntaxError: Unexpected token '<', "<!DOCTYPE "... is not valid JSON
    at JSON.parse (<anonymous>)
    at parseJSONFromBytes (node:internal/deps/undici/undici:5419:19)
    at successSteps (node:internal/deps/undici/undici:5390:27)
    at fullyReadBody (node:internal/deps/undici/undici:1501:9)
    at process.processTicksAndRejections (node:internal/process/task_queues:95:5)
    at async specConsumeBody (node:internal/deps/undici/undici:5399:7)
    at Object.getModelsForMake (C:\Users\tfort\Desktop\Projects\the-pickard\src\lib\nhtsa-vpic-api.ts:78:18)
    at populateModels (C:\Users\tfort\Desktop\Projects\the-pickard\scripts\populate-vehicle-data.ts:175:22)
    at main (C:\Users\tfort\Desktop\Projects\the-pickard\scripts\populate-vehicle-data.ts:353:7)
      Found 0 models
      ✅ Added models for BEIQI FOTON MOTOR / BEIJING BUS BRANCH

   🔍 Fetching models for BELL CUSTOM PRODUCTS...
      Found 1 models
      ✅ Added models for BELL CUSTOM PRODUCTS

   🔍 Fetching models for BELL MACHINE & FABRICATION...
      Found 1 models
      ✅ Added models for BELL MACHINE & FABRICATION

   🔍 Fetching models for BELL POWER SYSTEMS, INC....
Error fetching models for BELL POWER SYSTEMS, INC. from NHTSA vPIC: SyntaxError: Unexpected token '<', "<!DOCTYPE "... is not valid JSON
    at JSON.parse (<anonymous>)
    at parseJSONFromBytes (node:internal/deps/undici/undici:5419:19)
    at successSteps (node:internal/deps/undici/undici:5390:27)
    at fullyReadBody (node:internal/deps/undici/undici:1501:9)
    at process.processTicksAndRejections (node:internal/process/task_queues:95:5)
    at async specConsumeBody (node:internal/deps/undici/undici:5399:7)
    at Object.getModelsForMake (C:\Users\tfort\Desktop\Projects\the-pickard\src\lib\nhtsa-vpic-api.ts:78:18)
    at populateModels (C:\Users\tfort\Desktop\Projects\the-pickard\scripts\populate-vehicle-data.ts:175:22)
    at main (C:\Users\tfort\Desktop\Projects\the-pickard\scripts\populate-vehicle-data.ts:353:7)
      Found 0 models
      ✅ Added models for BELL POWER SYSTEMS, INC.

   🔍 Fetching models for BELLA CYCLES...
      Found 3 models
      ✅ Added models for BELLA CYCLES

   🔍 Fetching models for BELLACAR...
      Found 12 models
      ✅ Added models for BELLACAR

   🔍 Fetching models for BELLUE'S WELDING...
      Found 1 models
      ✅ Added models for BELLUE'S WELDING

   🔍 Fetching models for BELLWETHER / PREMIER...
Error fetching models for BELLWETHER / PREMIER from NHTSA vPIC: SyntaxError: Unexpected token '<', "<!DOCTYPE "... is not valid JSON
    at JSON.parse (<anonymous>)
    at parseJSONFromBytes (node:internal/deps/undici/undici:5419:19)
    at successSteps (node:internal/deps/undici/undici:5390:27)
    at fullyReadBody (node:internal/deps/undici/undici:1501:9)
    at process.processTicksAndRejections (node:internal/process/task_queues:95:5)
    at async specConsumeBody (node:internal/deps/undici/undici:5399:7)
    at Object.getModelsForMake (C:\Users\tfort\Desktop\Projects\the-pickard\src\lib\nhtsa-vpic-api.ts:78:18)
    at populateModels (C:\Users\tfort\Desktop\Projects\the-pickard\scripts\populate-vehicle-data.ts:175:22)
    at main (C:\Users\tfort\Desktop\Projects\the-pickard\scripts\populate-vehicle-data.ts:353:7)
      Found 0 models
      ✅ Added models for BELLWETHER / PREMIER

   🔍 Fetching models for BELMONT MACHINE...
      Found 1 models
      ✅ Added models for BELMONT MACHINE

   🔍 Fetching models for BELMONT TRAILERS...
      Found 1 models
      ✅ Added models for BELMONT TRAILERS

   🔍 Fetching models for BELOTTI MFG. INC....
Error fetching models for BELOTTI MFG. INC. from NHTSA vPIC: SyntaxError: Unexpected token '<', "<!DOCTYPE "... is not valid JSON
    at JSON.parse (<anonymous>)
    at parseJSONFromBytes (node:internal/deps/undici/undici:5419:19)
    at successSteps (node:internal/deps/undici/undici:5390:27)
    at fullyReadBody (node:internal/deps/undici/undici:1501:9)
    at process.processTicksAndRejections (node:internal/process/task_queues:95:5)
    at async specConsumeBody (node:internal/deps/undici/undici:5399:7)
    at Object.getModelsForMake (C:\Users\tfort\Desktop\Projects\the-pickard\src\lib\nhtsa-vpic-api.ts:78:18)
    at populateModels (C:\Users\tfort\Desktop\Projects\the-pickard\scripts\populate-vehicle-data.ts:175:22)
    at main (C:\Users\tfort\Desktop\Projects\the-pickard\scripts\populate-vehicle-data.ts:353:7)
      Found 0 models
      ✅ Added models for BELOTTI MFG. INC.

   🔍 Fetching models for BELSHE INDUSTRIES...
      Found 1 models
      ✅ Added models for BELSHE INDUSTRIES

   🔍 Fetching models for BELYOO...
      Found 1 models
      ✅ Added models for BELYOO

   🔍 Fetching models for BENCHMARK...
      Found 3 models
      ✅ Added models for BENCHMARK

   🔍 Fetching models for BENCHMARK MOTORCYCLES AND UTILITY TRAILERS...
      Found 1 models
      ✅ Added models for BENCHMARK MOTORCYCLES AND UTILITY TRAILERS

   🔍 Fetching models for BENCHMARK TRAILERS...
      Found 1 models
      ✅ Added models for BENCHMARK TRAILERS

   🔍 Fetching models for BEND TRAILERS...
      Found 1 models
      ✅ Added models for BEND TRAILERS

   🔍 Fetching models for BENDA...
      Found 6 models
      ✅ Added models for BENDA

   🔍 Fetching models for BENELLI...
      Found 16 models
      ✅ Added models for BENELLI

   🔍 Fetching models for BENELLI Q.J. SRL...
Error fetching models for BENELLI Q.J. SRL from NHTSA vPIC: SyntaxError: Unexpected token '<', "<!DOCTYPE "... is not valid JSON
    at JSON.parse (<anonymous>)
    at parseJSONFromBytes (node:internal/deps/undici/undici:5419:19)
    at successSteps (node:internal/deps/undici/undici:5390:27)
    at fullyReadBody (node:internal/deps/undici/undici:1501:9)
    at process.processTicksAndRejections (node:internal/process/task_queues:95:5)
    at async specConsumeBody (node:internal/deps/undici/undici:5399:7)
    at Object.getModelsForMake (C:\Users\tfort\Desktop\Projects\the-pickard\src\lib\nhtsa-vpic-api.ts:78:18)
    at populateModels (C:\Users\tfort\Desktop\Projects\the-pickard\scripts\populate-vehicle-data.ts:175:22)
    at main (C:\Users\tfort\Desktop\Projects\the-pickard\scripts\populate-vehicle-data.ts:353:7)
      Found 0 models
      ✅ Added models for BENELLI Q.J. SRL

   🔍 Fetching models for BENNETT...
      Found 2 models
      ✅ Added models for BENNETT

   🔍 Fetching models for BENNETT ENTERPRISES...
      Found 1 models
      ✅ Added models for BENNETT ENTERPRISES

   🔍 Fetching models for BENSON...
      Found 4 models
      ✅ Added models for BENSON

   🔍 Fetching models for BENSON/WABASH...
Error fetching models for BENSON/WABASH from NHTSA vPIC: SyntaxError: Unexpected token '<', "<!DOCTYPE "... is not valid JSON
    at JSON.parse (<anonymous>)
    at parseJSONFromBytes (node:internal/deps/undici/undici:5419:19)
    at successSteps (node:internal/deps/undici/undici:5390:27)
    at fullyReadBody (node:internal/deps/undici/undici:1501:9)
    at process.processTicksAndRejections (node:internal/process/task_queues:95:5)
    at async specConsumeBody (node:internal/deps/undici/undici:5399:7)
    at Object.getModelsForMake (C:\Users\tfort\Desktop\Projects\the-pickard\src\lib\nhtsa-vpic-api.ts:78:18)
    at populateModels (C:\Users\tfort\Desktop\Projects\the-pickard\scripts\populate-vehicle-data.ts:175:22)
    at main (C:\Users\tfort\Desktop\Projects\the-pickard\scripts\populate-vehicle-data.ts:353:7)
      Found 0 models
      ✅ Added models for BENSON/WABASH

   🔍 Fetching models for BENTECH INDUSTRIES...
      Found 1 models
      ✅ Added models for BENTECH INDUSTRIES

   🔍 Fetching models for BENTLEY...
      Found 15 models
      ✅ Added models for BENTLEY

   🔍 Fetching models for BENTLEY INDUSTRIES, LLC...
      Found 1 models
      ✅ Added models for BENTLEY INDUSTRIES, LLC

   🔍 Fetching models for BENTLEY TRAILERS & CUSTOM COACHES...
      Found 1 models
      ✅ Added models for BENTLEY TRAILERS & CUSTOM COACHES

   🔍 Fetching models for BENZHOU VEHICLE INDUSTRY GROUP CO....
Error fetching models for BENZHOU VEHICLE INDUSTRY GROUP CO. from NHTSA vPIC: SyntaxError: Unexpected token '<', "<!DOCTYPE "... is not valid JSON
    at JSON.parse (<anonymous>)
    at parseJSONFromBytes (node:internal/deps/undici/undici:5419:19)
    at successSteps (node:internal/deps/undici/undici:5390:27)
    at fullyReadBody (node:internal/deps/undici/undici:1501:9)
    at process.processTicksAndRejections (node:internal/process/task_queues:95:5)
    at async specConsumeBody (node:internal/deps/undici/undici:5399:7)
    at Object.getModelsForMake (C:\Users\tfort\Desktop\Projects\the-pickard\src\lib\nhtsa-vpic-api.ts:78:18)
    at populateModels (C:\Users\tfort\Desktop\Projects\the-pickard\scripts\populate-vehicle-data.ts:175:22)
    at main (C:\Users\tfort\Desktop\Projects\the-pickard\scripts\populate-vehicle-data.ts:353:7)
      Found 0 models
      ✅ Added models for BENZHOU VEHICLE INDUSTRY GROUP CO.

   🔍 Fetching models for BEP...
      Found 1 models
      ✅ Added models for BEP

   🔍 Fetching models for BERG EQUIPMENT CORPORATION...
      Found 1 models
      ✅ Added models for BERG EQUIPMENT CORPORATION

   🔍 Fetching models for BERGEI'S BAD BOYZ BIKES...
      Found 1 models
      ✅ Added models for BERGEI'S BAD BOYZ BIKES

   🔍 Fetching models for BERGGIE...
      Found 1 models
      ✅ Added models for BERGGIE

   🔍 Fetching models for BERGKAMP...
      Found 1 models
      ✅ Added models for BERGKAMP

   🔍 Fetching models for BERING TRUCK CORPORATION...
      Found 8 models
      ✅ Added models for BERING TRUCK CORPORATION

   🔍 Fetching models for BERKELMANS WELDING AND MFG. INC....
Error fetching models for BERKELMANS WELDING AND MFG. INC. from NHTSA vPIC: SyntaxError: Unexpected token '<', "<!DOCTYPE "... is not valid JSON
    at JSON.parse (<anonymous>)
    at parseJSONFromBytes (node:internal/deps/undici/undici:5419:19)
    at successSteps (node:internal/deps/undici/undici:5390:27)
    at fullyReadBody (node:internal/deps/undici/undici:1501:9)
    at process.processTicksAndRejections (node:internal/process/task_queues:95:5)
    at async specConsumeBody (node:internal/deps/undici/undici:5399:7)
    at Object.getModelsForMake (C:\Users\tfort\Desktop\Projects\the-pickard\src\lib\nhtsa-vpic-api.ts:78:18)
    at populateModels (C:\Users\tfort\Desktop\Projects\the-pickard\scripts\populate-vehicle-data.ts:175:22)
    at main (C:\Users\tfort\Desktop\Projects\the-pickard\scripts\populate-vehicle-data.ts:353:7)
      Found 0 models
      ✅ Added models for BERKELMANS WELDING AND MFG. INC.

   🔍 Fetching models for BERKON...
      Found 1 models
      ✅ Added models for BERKON

   🔍 Fetching models for BERLON INDUSTRIES, LLC...
      Found 1 models
      ✅ Added models for BERLON INDUSTRIES, LLC

   🔍 Fetching models for BERNIER TRAILER...
      Found 1 models
      ✅ Added models for BERNIER TRAILER

   🔍 Fetching models for BERT JENSEN & SONS, INC...
      Found 1 models
      ✅ Added models for BERT JENSEN & SONS, INC

   🔍 Fetching models for BERT WALTERS AND SONS...
      Found 1 models
      ✅ Added models for BERT WALTERS AND SONS

   🔍 Fetching models for BERTOLINI...
      Found 1 models
      ✅ Added models for BERTOLINI

   🔍 Fetching models for BERTONE...
      Found 1 models
      ✅ Added models for BERTONE

   🔍 Fetching models for BES&T INC...
      Found 1 models
      ✅ Added models for BES&T INC

   🔍 Fetching models for BESLER INDUSTRIES...
      Found 1 models
      ✅ Added models for BESLER INDUSTRIES

   🔍 Fetching models for BEST ALUMINUM STRIPING EQUIPMENT...
      Found 1 models
      ✅ Added models for BEST ALUMINUM STRIPING EQUIPMENT

   🔍 Fetching models for BEST BET FABRICATION INC...
      Found 1 models
      ✅ Added models for BEST BET FABRICATION INC

   🔍 Fetching models for BEST BILT INC....
Error fetching models for BEST BILT INC. from NHTSA vPIC: SyntaxError: Unexpected token '<', "<!DOCTYPE "... is not valid JSON
    at JSON.parse (<anonymous>)
    at parseJSONFromBytes (node:internal/deps/undici/undici:5419:19)
    at successSteps (node:internal/deps/undici/undici:5390:27)
    at fullyReadBody (node:internal/deps/undici/undici:1501:9)
    at process.processTicksAndRejections (node:internal/process/task_queues:95:5)
    at async specConsumeBody (node:internal/deps/undici/undici:5399:7)
    at Object.getModelsForMake (C:\Users\tfort\Desktop\Projects\the-pickard\src\lib\nhtsa-vpic-api.ts:78:18)
    at populateModels (C:\Users\tfort\Desktop\Projects\the-pickard\scripts\populate-vehicle-data.ts:175:22)
    at main (C:\Users\tfort\Desktop\Projects\the-pickard\scripts\populate-vehicle-data.ts:353:7)
      Found 0 models
      ✅ Added models for BEST BILT INC.

   🔍 Fetching models for BEST BUILT...
      Found 3 models
      ✅ Added models for BEST BUILT

   🔍 Fetching models for BEST BUILT MANUFACTURING INC....
Error fetching models for BEST BUILT MANUFACTURING INC. from NHTSA vPIC: SyntaxError: Unexpected token '<', "<!DOCTYPE "... is not valid JSON
    at JSON.parse (<anonymous>)
    at parseJSONFromBytes (node:internal/deps/undici/undici:5419:19)
    at successSteps (node:internal/deps/undici/undici:5390:27)
    at fullyReadBody (node:internal/deps/undici/undici:1501:9)
    at process.processTicksAndRejections (node:internal/process/task_queues:95:5)
    at async specConsumeBody (node:internal/deps/undici/undici:5399:7)
    at Object.getModelsForMake (C:\Users\tfort\Desktop\Projects\the-pickard\src\lib\nhtsa-vpic-api.ts:78:18)
    at populateModels (C:\Users\tfort\Desktop\Projects\the-pickard\scripts\populate-vehicle-data.ts:175:22)
    at main (C:\Users\tfort\Desktop\Projects\the-pickard\scripts\populate-vehicle-data.ts:353:7)
      Found 0 models
      ✅ Added models for BEST BUILT MANUFACTURING INC.

   🔍 Fetching models for BEST BUILT TRAILERS...
      Found 1 models
      ✅ Added models for BEST BUILT TRAILERS

   🔍 Fetching models for BEST CARTS USA...
      Found 1 models
      ✅ Added models for BEST CARTS USA

   🔍 Fetching models for BEST LANE ENTERPRISES DBA RAMP FREE...
      Found 1 models
      ✅ Added models for BEST LANE ENTERPRISES DBA RAMP FREE

   🔍 Fetching models for BEST OF SHOW DETAILING SYSTEMS...
      Found 1 models
      ✅ Added models for BEST OF SHOW DETAILING SYSTEMS

   🔍 Fetching models for BEST TRAILER...
      Found 2 models
      ✅ Added models for BEST TRAILER

   🔍 Fetching models for BEST TRAILERS...
      Found 1 models
      ✅ Added models for BEST TRAILERS

   🔍 Fetching models for BESTBILT TRAILERS...
      Found 1 models
      ✅ Added models for BESTBILT TRAILERS

   🔍 Fetching models for BESTMADE...
      Found 1 models
      ✅ Added models for BESTMADE

   🔍 Fetching models for BESTRAILERS...
      Found 1 models
      ✅ Added models for BESTRAILERS

   🔍 Fetching models for BESTWAY...
      Found 2 models
      ✅ Added models for BESTWAY

   🔍 Fetching models for BESTWAY SALES...
      Found 1 models
      ✅ Added models for BESTWAY SALES

   🔍 Fetching models for BETA...
      Found 11 models
      ✅ Added models for BETA

   🔍 Fetching models for BETHANY WELDING INC....
Error fetching models for BETHANY WELDING INC. from NHTSA vPIC: SyntaxError: Unexpected token '<', "<!DOCTYPE "... is not valid JSON
    at JSON.parse (<anonymous>)
    at parseJSONFromBytes (node:internal/deps/undici/undici:5419:19)
    at successSteps (node:internal/deps/undici/undici:5390:27)
    at fullyReadBody (node:internal/deps/undici/undici:1501:9)
    at process.processTicksAndRejections (node:internal/process/task_queues:95:5)
    at async specConsumeBody (node:internal/deps/undici/undici:5399:7)
    at Object.getModelsForMake (C:\Users\tfort\Desktop\Projects\the-pickard\src\lib\nhtsa-vpic-api.ts:78:18)
    at populateModels (C:\Users\tfort\Desktop\Projects\the-pickard\scripts\populate-vehicle-data.ts:175:22)
    at main (C:\Users\tfort\Desktop\Projects\the-pickard\scripts\populate-vehicle-data.ts:353:7)
      Found 0 models
      ✅ Added models for BETHANY WELDING INC.

   🔍 Fetching models for BETTER BILT CUSTOM FABRICATION & REPAIR...
      Found 1 models
      ✅ Added models for BETTER BILT CUSTOM FABRICATION & REPAIR

   🔍 Fetching models for BETTER BUILT TRAILERS...
      Found 2 models
      ✅ Added models for BETTER BUILT TRAILERS

   🔍 Fetching models for BETTER MADE TRAILERS...
      Found 1 models
      ✅ Added models for BETTER MADE TRAILERS

   🔍 Fetching models for BETTER WEIGH MFG...
      Found 1 models
      ✅ Added models for BETTER WEIGH MFG

   🔍 Fetching models for BETTER-BILT...
      Found 1 models
      ✅ Added models for BETTER-BILT

   🔍 Fetching models for BETTERBUILT TRAILERS...
      Found 1 models
      ✅ Added models for BETTERBUILT TRAILERS

   🔍 Fetching models for BEVERLY TRAILER SUPPLY...
      Found 1 models
      ✅ Added models for BEVERLY TRAILER SUPPLY

   🔍 Fetching models for BEWAY BRAND...
      Found 1 models
      ✅ Added models for BEWAY BRAND

   🔍 Fetching models for BEWAY MINI CAMPERS...
      Found 0 models
      ✅ Added models for BEWAY MINI CAMPERS

   🔍 Fetching models for BEYER TRAILERS...
      Found 1 models
      ✅ Added models for BEYER TRAILERS

   🔍 Fetching models for BEYOND EXTREME, LLC DBA EXTREME CYCLE WORKS...
      Found 2 models
      ✅ Added models for BEYOND EXTREME, LLC DBA EXTREME CYCLE WORKS

   🔍 Fetching models for BEYOND ROADS...
      Found 2 models
      ✅ Added models for BEYOND ROADS

   🔍 Fetching models for BG AUTOMOTIVE GROUP...
      Found 3 models
      ✅ Added models for BG AUTOMOTIVE GROUP

   🔍 Fetching models for BG CUSTOM WELDING...
      Found 1 models
      ✅ Added models for BG CUSTOM WELDING

   🔍 Fetching models for BG CYCLES...
      Found 2 models
      ✅ Added models for BG CYCLES

   🔍 Fetching models for BGRS INC...
      Found 1 models
      ✅ Added models for BGRS INC

   🔍 Fetching models for BHW LSV...
      Found 1 models
      ✅ Added models for BHW LSV

   🔍 Fetching models for BI...
      Found 743 models
      ✅ Added models for BI

   🔍 Fetching models for BI TRAILERS...
      Found 1 models
      ✅ Added models for BI TRAILERS

   🔍 Fetching models for BICKNELL RACING PRODUCTS...
      Found 1 models
      ✅ Added models for BICKNELL RACING PRODUCTS

   🔍 Fetching models for BIENVILLE...
      Found 1 models
      ✅ Added models for BIENVILLE

   🔍 Fetching models for BIG "T" TRAILERS...
      Found 1 models
      ✅ Added models for BIG "T" TRAILERS

   🔍 Fetching models for BIG 4 RENTS, INC....
Error fetching models for BIG 4 RENTS, INC. from NHTSA vPIC: SyntaxError: Unexpected token '<', "<!DOCTYPE "... is not valid JSON
    at JSON.parse (<anonymous>)
    at parseJSONFromBytes (node:internal/deps/undici/undici:5419:19)
    at successSteps (node:internal/deps/undici/undici:5390:27)
    at fullyReadBody (node:internal/deps/undici/undici:1501:9)
    at process.processTicksAndRejections (node:internal/process/task_queues:95:5)
    at async specConsumeBody (node:internal/deps/undici/undici:5399:7)
    at Object.getModelsForMake (C:\Users\tfort\Desktop\Projects\the-pickard\src\lib\nhtsa-vpic-api.ts:78:18)
    at populateModels (C:\Users\tfort\Desktop\Projects\the-pickard\scripts\populate-vehicle-data.ts:175:22)
    at main (C:\Users\tfort\Desktop\Projects\the-pickard\scripts\populate-vehicle-data.ts:353:7)
      Found 0 models
      ✅ Added models for BIG 4 RENTS, INC.

   🔍 Fetching models for BIG A MFG....
Error fetching models for BIG A MFG. from NHTSA vPIC: SyntaxError: Unexpected token '<', "<!DOCTYPE "... is not valid JSON
    at JSON.parse (<anonymous>)
    at parseJSONFromBytes (node:internal/deps/undici/undici:5419:19)
    at successSteps (node:internal/deps/undici/undici:5390:27)
    at fullyReadBody (node:internal/deps/undici/undici:1501:9)
    at process.processTicksAndRejections (node:internal/process/task_queues:95:5)
    at async specConsumeBody (node:internal/deps/undici/undici:5399:7)
    at Object.getModelsForMake (C:\Users\tfort\Desktop\Projects\the-pickard\src\lib\nhtsa-vpic-api.ts:78:18)
    at populateModels (C:\Users\tfort\Desktop\Projects\the-pickard\scripts\populate-vehicle-data.ts:175:22)
    at main (C:\Users\tfort\Desktop\Projects\the-pickard\scripts\populate-vehicle-data.ts:353:7)
      Found 0 models
      ✅ Added models for BIG A MFG.

   🔍 Fetching models for BIG A MFG. CO....
Error fetching models for BIG A MFG. CO. from NHTSA vPIC: SyntaxError: Unexpected token '<', "<!DOCTYPE "... is not valid JSON
    at JSON.parse (<anonymous>)
    at parseJSONFromBytes (node:internal/deps/undici/undici:5419:19)
    at successSteps (node:internal/deps/undici/undici:5390:27)
    at fullyReadBody (node:internal/deps/undici/undici:1501:9)
    at process.processTicksAndRejections (node:internal/process/task_queues:95:5)
    at async specConsumeBody (node:internal/deps/undici/undici:5399:7)
    at Object.getModelsForMake (C:\Users\tfort\Desktop\Projects\the-pickard\src\lib\nhtsa-vpic-api.ts:78:18)
    at populateModels (C:\Users\tfort\Desktop\Projects\the-pickard\scripts\populate-vehicle-data.ts:175:22)
    at main (C:\Users\tfort\Desktop\Projects\the-pickard\scripts\populate-vehicle-data.ts:353:7)
      Found 0 models
      ✅ Added models for BIG A MFG. CO.

   🔍 Fetching models for BIG BEAR...
      Found 14 models
      ✅ Added models for BIG BEAR

   🔍 Fetching models for BIG BEAR AMERICAN MADE CHOPPER DBA BIG BEAR CHOPPERS...
      Found 11 models
      ✅ Added models for BIG BEAR AMERICAN MADE CHOPPER DBA BIG BEAR CHOPPERS

   🔍 Fetching models for BIG BEAR TRAILERS...
      Found 2 models
      ✅ Added models for BIG BEAR TRAILERS

   🔍 Fetching models for BIG BOAR CUSTOM CYCLES...
      Found 1 models
      ✅ Added models for BIG BOAR CUSTOM CYCLES

   🔍 Fetching models for BIG BOY...
      Found 3 models
      ✅ Added models for BIG BOY

   🔍 Fetching models for BIG BOY MANUFACTURING...
      Found 1 models
      ✅ Added models for BIG BOY MANUFACTURING

   🔍 Fetching models for BIG BOY TRAILERS...
      Found 1 models
      ✅ Added models for BIG BOY TRAILERS

   🔍 Fetching models for BIG BUBBA'S TRAILER SALES...
      Found 1 models
      ✅ Added models for BIG BUBBA'S TRAILER SALES

   🔍 Fetching models for BIG BULLY...
      Found 1 models
      ✅ Added models for BIG BULLY

   🔍 Fetching models for BIG CITY CYCLE...
      Found 1 models
      ✅ Added models for BIG CITY CYCLE

   🔍 Fetching models for BIG D'S PRODUCTS...
      Found 1 models
      ✅ Added models for BIG D'S PRODUCTS

   🔍 Fetching models for BIG D'S TRAILERS...
      Found 1 models
      ✅ Added models for BIG D'S TRAILERS

   🔍 Fetching models for BIG DADDY...
      Found 1 models
      ✅ Added models for BIG DADDY

   🔍 Fetching models for BIG DOG INDUSTRIES...
      Found 1 models
      ✅ Added models for BIG DOG INDUSTRIES

   🔍 Fetching models for BIG DOG MOTORCYCLES...
      Found 21 models
      ✅ Added models for BIG DOG MOTORCYCLES

   🔍 Fetching models for BIG DOG TRAILER MFG...
      Found 1 models
      ✅ Added models for BIG DOG TRAILER MFG

   🔍 Fetching models for BIG DOG TRAILERS...
      Found 1 models
      ✅ Added models for BIG DOG TRAILERS

   🔍 Fetching models for BIG E TRAILERS...
      Found 1 models
      ✅ Added models for BIG E TRAILERS

   🔍 Fetching models for BIG EASY CHOPPERS...
      Found 1 models
      ✅ Added models for BIG EASY CHOPPERS

   🔍 Fetching models for BIG ERN...
      Found 1 models
      ✅ Added models for BIG ERN

   🔍 Fetching models for BIG HORN...
      Found 1 models
      ✅ Added models for BIG HORN

   🔍 Fetching models for BIG JOHN...
      Found 6 models
      ✅ Added models for BIG JOHN

   🔍 Fetching models for BIG JOHN CORP...
      Found 3 models
      ✅ Added models for BIG JOHN CORP

   🔍 Fetching models for BIG JOHN MANUFACTURING...
      Found 2 models
      ✅ Added models for BIG JOHN MANUFACTURING

   🔍 Fetching models for BIG JOHN MANUFACTURING CO. INC...
Error fetching models for BIG JOHN MANUFACTURING CO. INC from NHTSA vPIC: SyntaxError: Unexpected token '<', "<!DOCTYPE "... is not valid JSON
    at JSON.parse (<anonymous>)
    at parseJSONFromBytes (node:internal/deps/undici/undici:5419:19)
    at successSteps (node:internal/deps/undici/undici:5390:27)
    at fullyReadBody (node:internal/deps/undici/undici:1501:9)
    at process.processTicksAndRejections (node:internal/process/task_queues:95:5)
    at async specConsumeBody (node:internal/deps/undici/undici:5399:7)
    at Object.getModelsForMake (C:\Users\tfort\Desktop\Projects\the-pickard\src\lib\nhtsa-vpic-api.ts:78:18)
    at populateModels (C:\Users\tfort\Desktop\Projects\the-pickard\scripts\populate-vehicle-data.ts:175:22)
    at main (C:\Users\tfort\Desktop\Projects\the-pickard\scripts\populate-vehicle-data.ts:353:7)
      Found 0 models
      ✅ Added models for BIG JOHN MANUFACTURING CO. INC

   🔍 Fetching models for BIG LOW BOY...
      Found 1 models
      ✅ Added models for BIG LOW BOY

   🔍 Fetching models for BIG MAC...
      Found 1 models
      ✅ Added models for BIG MAC

   🔍 Fetching models for BIG MO...
      Found 1 models
      ✅ Added models for BIG MO

   🔍 Fetching models for BIG O'S MANUFACTURING,INC...
      Found 1 models
      ✅ Added models for BIG O'S MANUFACTURING,INC

   🔍 Fetching models for BIG RED ENGINEERING...
      Found 1 models
      ✅ Added models for BIG RED ENGINEERING

   🔍 Fetching models for BIG ROCK TRAILERS...
      Found 1 models
      ✅ Added models for BIG ROCK TRAILERS

   🔍 Fetching models for BIG SMITH SALES & SERVICE...
      Found 1 models
      ✅ Added models for BIG SMITH SALES & SERVICE

   🔍 Fetching models for BIG SUR...
      Found 1 models
      ✅ Added models for BIG SUR

   🔍 Fetching models for BIG TEX...
      Found 2 models
      ✅ Added models for BIG TEX

   🔍 Fetching models for BIG TEX/SUN TRAILERS/VENTURE...
Error fetching models for BIG TEX/SUN TRAILERS/VENTURE from NHTSA vPIC: SyntaxError: Unexpected token '<', "<!DOCTYPE "... is not valid JSON
    at JSON.parse (<anonymous>)
    at parseJSONFromBytes (node:internal/deps/undici/undici:5419:19)
    at successSteps (node:internal/deps/undici/undici:5390:27)
    at fullyReadBody (node:internal/deps/undici/undici:1501:9)
    at process.processTicksAndRejections (node:internal/process/task_queues:95:5)
    at async specConsumeBody (node:internal/deps/undici/undici:5399:7)
    at Object.getModelsForMake (C:\Users\tfort\Desktop\Projects\the-pickard\src\lib\nhtsa-vpic-api.ts:78:18)
    at populateModels (C:\Users\tfort\Desktop\Projects\the-pickard\scripts\populate-vehicle-data.ts:175:22)
    at main (C:\Users\tfort\Desktop\Projects\the-pickard\scripts\populate-vehicle-data.ts:353:7)
      Found 0 models
      ✅ Added models for BIG TEX/SUN TRAILERS/VENTURE

   🔍 Fetching models for BIG TONY'S CHOPPERS...
      Found 4 models
      ✅ Added models for BIG TONY'S CHOPPERS

   🔍 Fetching models for BIG W SALES...
      Found 1 models
      ✅ Added models for BIG W SALES

   🔍 Fetching models for BIGASS GRILLS AND SMOKERS...
      Found 1 models
      ✅ Added models for BIGASS GRILLS AND SMOKERS

   🔍 Fetching models for BIGBEE TRAILERS, INC....
Error fetching models for BIGBEE TRAILERS, INC. from NHTSA vPIC: SyntaxError: Unexpected token '<', "<!DOCTYPE "... is not valid JSON
    at JSON.parse (<anonymous>)
    at parseJSONFromBytes (node:internal/deps/undici/undici:5419:19)
    at successSteps (node:internal/deps/undici/undici:5390:27)
    at fullyReadBody (node:internal/deps/undici/undici:1501:9)
    at process.processTicksAndRejections (node:internal/process/task_queues:95:5)
    at async specConsumeBody (node:internal/deps/undici/undici:5399:7)
    at Object.getModelsForMake (C:\Users\tfort\Desktop\Projects\the-pickard\src\lib\nhtsa-vpic-api.ts:78:18)
    at populateModels (C:\Users\tfort\Desktop\Projects\the-pickard\scripts\populate-vehicle-data.ts:175:22)
    at main (C:\Users\tfort\Desktop\Projects\the-pickard\scripts\populate-vehicle-data.ts:353:7)
      Found 0 models
      ✅ Added models for BIGBEE TRAILERS, INC.

   🔍 Fetching models for BIGBOY TRAILER, MFG....
Error fetching models for BIGBOY TRAILER, MFG. from NHTSA vPIC: SyntaxError: Unexpected token '<', "<!DOCTYPE "... is not valid JSON
    at JSON.parse (<anonymous>)
    at parseJSONFromBytes (node:internal/deps/undici/undici:5419:19)
    at successSteps (node:internal/deps/undici/undici:5390:27)
    at fullyReadBody (node:internal/deps/undici/undici:1501:9)
    at process.processTicksAndRejections (node:internal/process/task_queues:95:5)
    at async specConsumeBody (node:internal/deps/undici/undici:5399:7)
    at Object.getModelsForMake (C:\Users\tfort\Desktop\Projects\the-pickard\src\lib\nhtsa-vpic-api.ts:78:18)
    at populateModels (C:\Users\tfort\Desktop\Projects\the-pickard\scripts\populate-vehicle-data.ts:175:22)
    at main (C:\Users\tfort\Desktop\Projects\the-pickard\scripts\populate-vehicle-data.ts:353:7)
      Found 0 models
      ✅ Added models for BIGBOY TRAILER, MFG.

   🔍 Fetching models for BIGFOOT INDUSTRIES (2010) INC....
Error fetching models for BIGFOOT INDUSTRIES (2010) INC. from NHTSA vPIC: SyntaxError: Unexpected token '<', "<!DOCTYPE "... is not valid JSON
    at JSON.parse (<anonymous>)
    at parseJSONFromBytes (node:internal/deps/undici/undici:5419:19)
    at successSteps (node:internal/deps/undici/undici:5390:27)
    at fullyReadBody (node:internal/deps/undici/undici:1501:9)
    at process.processTicksAndRejections (node:internal/process/task_queues:95:5)
    at async specConsumeBody (node:internal/deps/undici/undici:5399:7)
    at Object.getModelsForMake (C:\Users\tfort\Desktop\Projects\the-pickard\src\lib\nhtsa-vpic-api.ts:78:18)
    at populateModels (C:\Users\tfort\Desktop\Projects\the-pickard\scripts\populate-vehicle-data.ts:175:22)
    at main (C:\Users\tfort\Desktop\Projects\the-pickard\scripts\populate-vehicle-data.ts:353:7)
      Found 0 models
      ✅ Added models for BIGFOOT INDUSTRIES (2010) INC.

   🔍 Fetching models for BIGFOOT INDUSTRIES LTD....
Error fetching models for BIGFOOT INDUSTRIES LTD. from NHTSA vPIC: SyntaxError: Unexpected token '<', "<!DOCTYPE "... is not valid JSON
    at JSON.parse (<anonymous>)
    at parseJSONFromBytes (node:internal/deps/undici/undici:5419:19)
    at successSteps (node:internal/deps/undici/undici:5390:27)
    at fullyReadBody (node:internal/deps/undici/undici:1501:9)
    at process.processTicksAndRejections (node:internal/process/task_queues:95:5)
    at async specConsumeBody (node:internal/deps/undici/undici:5399:7)
    at Object.getModelsForMake (C:\Users\tfort\Desktop\Projects\the-pickard\src\lib\nhtsa-vpic-api.ts:78:18)
    at populateModels (C:\Users\tfort\Desktop\Projects\the-pickard\scripts\populate-vehicle-data.ts:175:22)
    at main (C:\Users\tfort\Desktop\Projects\the-pickard\scripts\populate-vehicle-data.ts:353:7)
      Found 0 models
      ✅ Added models for BIGFOOT INDUSTRIES LTD.

   🔍 Fetching models for BIGFOOT TRAILERS LLC...
      Found 1 models
      ✅ Added models for BIGFOOT TRAILERS LLC

   🔍 Fetching models for BIGHORN...
      Found 10 models
      ✅ Added models for BIGHORN

   🔍 Fetching models for BIGHORN LLC...
      Found 1 models
      ✅ Added models for BIGHORN LLC

   🔍 Fetching models for BIGHORN MANUFACTURING LLC...
      Found 1 models
      ✅ Added models for BIGHORN MANUFACTURING LLC

   🔍 Fetching models for BIGHORN, BIGHORN TRAVELER, BIG COUNTRY, & LANDMARK...
      Found 1 models
      ✅ Added models for BIGHORN, BIGHORN TRAVELER, BIG COUNTRY, & LANDMARK

   🔍 Fetching models for BIGLUG TRAILER WORKS...
      Found 1 models
      ✅ Added models for BIGLUG TRAILER WORKS

   🔍 Fetching models for BIKE PERFORMANCE & ACCESSORIES...
      Found 1 models
      ✅ Added models for BIKE PERFORMANCE & ACCESSORIES

   🔍 Fetching models for BIKER BARN...
      Found 1 models
      ✅ Added models for BIKER BARN

   🔍 Fetching models for BIKETOO...
      Found 1 models
      ✅ Added models for BIKETOO

   🔍 Fetching models for BIL-JAX...
      Found 1 models
      ✅ Added models for BIL-JAX

   🔍 Fetching models for BILDON INC...
      Found 1 models
      ✅ Added models for BILDON INC

   🔍 Fetching models for BILL'S TRAILER SALES...
      Found 1 models
      ✅ Added models for BILL'S TRAILER SALES

   🔍 Fetching models for BILL'S TRALIER SALES...
      Found 1 models
      ✅ Added models for BILL'S TRALIER SALES

   🔍 Fetching models for BILL'S WELDING & REPAIR...
      Found 1 models
      ✅ Added models for BILL'S WELDING & REPAIR

   🔍 Fetching models for BILLINGS TRAILER FABRICATION...
      Found 1 models
      ✅ Added models for BILLINGS TRAILER FABRICATION

   🔍 Fetching models for BILLS...
      Found 1 models
      ✅ Added models for BILLS

   🔍 Fetching models for BILLS PERFORMANCE AUTOMOTIVE...
      Found 0 models
      ✅ Added models for BILLS PERFORMANCE AUTOMOTIVE

   🔍 Fetching models for BILLY BOB'S TRAILER...
      Found 1 models
      ✅ Added models for BILLY BOB'S TRAILER

   🔍 Fetching models for BILLY GOAT INDUSTRIES...
      Found 1 models
      ✅ Added models for BILLY GOAT INDUSTRIES

   🔍 Fetching models for BILLY'S HOT ROD CYCLES...
      Found 1 models
      ✅ Added models for BILLY'S HOT ROD CYCLES

   🔍 Fetching models for BILT-REDI CORPORATION...
      Found 1 models
      ✅ Added models for BILT-REDI CORPORATION

   🔍 Fetching models for BIMOTA...
      Found 2 models
      ✅ Added models for BIMOTA

   🔍 Fetching models for BINDER TRAILER MFG....
Error fetching models for BINDER TRAILER MFG. from NHTSA vPIC: SyntaxError: Unexpected token '<', "<!DOCTYPE "... is not valid JSON
    at JSON.parse (<anonymous>)
    at parseJSONFromBytes (node:internal/deps/undici/undici:5419:19)
    at successSteps (node:internal/deps/undici/undici:5390:27)
    at fullyReadBody (node:internal/deps/undici/undici:1501:9)
    at process.processTicksAndRejections (node:internal/process/task_queues:95:5)
    at async specConsumeBody (node:internal/deps/undici/undici:5399:7)
    at Object.getModelsForMake (C:\Users\tfort\Desktop\Projects\the-pickard\src\lib\nhtsa-vpic-api.ts:78:18)
    at populateModels (C:\Users\tfort\Desktop\Projects\the-pickard\scripts\populate-vehicle-data.ts:175:22)
    at main (C:\Users\tfort\Desktop\Projects\the-pickard\scripts\populate-vehicle-data.ts:353:7)
      Found 0 models
      ✅ Added models for BINDER TRAILER MFG.

   🔍 Fetching models for BINTELLI...
      Found 6 models
      ✅ Added models for BINTELLI

   🔍 Fetching models for BIOHAZARD CYCLES...
      Found 1 models
      ✅ Added models for BIOHAZARD CYCLES

   🔍 Fetching models for BIOTECH SYSTEMS, INC...
      Found 1 models
      ✅ Added models for BIOTECH SYSTEMS, INC

   🔍 Fetching models for BIRSCHBACH MFG....
Error fetching models for BIRSCHBACH MFG. from NHTSA vPIC: SyntaxError: Unexpected token '<', "<!DOCTYPE "... is not valid JSON
    at JSON.parse (<anonymous>)
    at parseJSONFromBytes (node:internal/deps/undici/undici:5419:19)
    at successSteps (node:internal/deps/undici/undici:5390:27)
    at fullyReadBody (node:internal/deps/undici/undici:1501:9)
    at process.processTicksAndRejections (node:internal/process/task_queues:95:5)
    at async specConsumeBody (node:internal/deps/undici/undici:5399:7)
    at Object.getModelsForMake (C:\Users\tfort\Desktop\Projects\the-pickard\src\lib\nhtsa-vpic-api.ts:78:18)
    at populateModels (C:\Users\tfort\Desktop\Projects\the-pickard\scripts\populate-vehicle-data.ts:175:22)
    at main (C:\Users\tfort\Desktop\Projects\the-pickard\scripts\populate-vehicle-data.ts:353:7)
      Found 0 models
      ✅ Added models for BIRSCHBACH MFG.

   🔍 Fetching models for BISCAMP'S TRAILER SALES...
      Found 1 models
      ✅ Added models for BISCAMP'S TRAILER SALES

   🔍 Fetching models for BISON...
      Found 7 models
      ✅ Added models for BISON

   🔍 Fetching models for BISON COACH...
      Found 1 models
      ✅ Added models for BISON COACH

   🔍 Fetching models for BISON FABRICATION LLC...
      Found 1 models
      ✅ Added models for BISON FABRICATION LLC

   🔍 Fetching models for BISON HOOKLIFT SYSTEMS...
      Found 1 models
      ✅ Added models for BISON HOOKLIFT SYSTEMS

   🔍 Fetching models for BISON MOTORS...
      Found 1 models
      ✅ Added models for BISON MOTORS

   🔍 Fetching models for BISON TOWABLE TRAILER...
      Found 1 models
      ✅ Added models for BISON TOWABLE TRAILER

   🔍 Fetching models for BITTER END - OLD SCHOOL CHOPPERS...
      Found 1 models
      ✅ Added models for BITTER END - OLD SCHOOL CHOPPERS

   🔍 Fetching models for BITTERCREEK HUNTING BLINDS & DOG BOXES, INC....
Error fetching models for BITTERCREEK HUNTING BLINDS & DOG BOXES, INC. from NHTSA vPIC: SyntaxError: Unexpected token '<', "<!DOCTYPE "... is not valid JSON
    at JSON.parse (<anonymous>)
    at parseJSONFromBytes (node:internal/deps/undici/undici:5419:19)
    at successSteps (node:internal/deps/undici/undici:5390:27)
    at fullyReadBody (node:internal/deps/undici/undici:1501:9)
    at process.processTicksAndRejections (node:internal/process/task_queues:95:5)
    at async specConsumeBody (node:internal/deps/undici/undici:5399:7)
    at Object.getModelsForMake (C:\Users\tfort\Desktop\Projects\the-pickard\src\lib\nhtsa-vpic-api.ts:78:18)
    at populateModels (C:\Users\tfort\Desktop\Projects\the-pickard\scripts\populate-vehicle-data.ts:175:22)
    at main (C:\Users\tfort\Desktop\Projects\the-pickard\scripts\populate-vehicle-data.ts:353:7)
      Found 0 models
      ✅ Added models for BITTERCREEK HUNTING BLINDS & DOG BOXES, INC.

   🔍 Fetching models for BIVOUAC COMMERCIAL VEHICLES...
      Found 1 models
      ✅ Added models for BIVOUAC COMMERCIAL VEHICLES

   🔍 Fetching models for BIVOUAC OVERLAND...
      Found 1 models
      ✅ Added models for BIVOUAC OVERLAND

   🔍 Fetching models for BIVY...
      Found 1 models
      ✅ Added models for BIVY

   🔍 Fetching models for BIZ BUGGY...
      Found 1 models
      ✅ Added models for BIZ BUGGY

   🔍 Fetching models for BIZNESS ON WHEELS LLC...
      Found 1 models
      ✅ Added models for BIZNESS ON WHEELS LLC

   🔍 Fetching models for BJ AND K...
      Found 1 models
      ✅ Added models for BJ AND K

   🔍 Fetching models for BJN MANUFACTURING...
      Found 1 models
      ✅ Added models for BJN MANUFACTURING

   🔍 Fetching models for BK DEVELOPMENTS LTD....
Error fetching models for BK DEVELOPMENTS LTD. from NHTSA vPIC: SyntaxError: Unexpected token '<', "<!DOCTYPE "... is not valid JSON
    at JSON.parse (<anonymous>)
    at parseJSONFromBytes (node:internal/deps/undici/undici:5419:19)
    at successSteps (node:internal/deps/undici/undici:5390:27)
    at fullyReadBody (node:internal/deps/undici/undici:1501:9)
    at process.processTicksAndRejections (node:internal/process/task_queues:95:5)
    at async specConsumeBody (node:internal/deps/undici/undici:5399:7)
    at Object.getModelsForMake (C:\Users\tfort\Desktop\Projects\the-pickard\src\lib\nhtsa-vpic-api.ts:78:18)
    at populateModels (C:\Users\tfort\Desktop\Projects\the-pickard\scripts\populate-vehicle-data.ts:175:22)
    at main (C:\Users\tfort\Desktop\Projects\the-pickard\scripts\populate-vehicle-data.ts:353:7)
      Found 0 models
      ✅ Added models for BK DEVELOPMENTS LTD.

   🔍 Fetching models for BL SOLUTIONS...
      Found 1 models
      ✅ Added models for BL SOLUTIONS

   🔍 Fetching models for BLACK BEAR FISH HOUSE...
      Found 1 models
      ✅ Added models for BLACK BEAR FISH HOUSE

   🔍 Fetching models for BLACK BROTHERS EQUIPMENT SALES...
      Found 1 models
      ✅ Added models for BLACK BROTHERS EQUIPMENT SALES

   🔍 Fetching models for BLACK DIAMOND FABRICATION...
      Found 1 models
      ✅ Added models for BLACK DIAMOND FABRICATION

   🔍 Fetching models for BLACK DOG CUSTOM CYCLE MFG LLC...
      Found 1 models
      ✅ Added models for BLACK DOG CUSTOM CYCLE MFG LLC

   🔍 Fetching models for BLACK DRAGON CHOPPERS...
      Found 1 models
      ✅ Added models for BLACK DRAGON CHOPPERS

   🔍 Fetching models for BLACK HAWK...
      Found 3 models
      ✅ Added models for BLACK HAWK

   🔍 Fetching models for BLACK HAWK TRAILER CORPORATION...
      Found 1 models
      ✅ Added models for BLACK HAWK TRAILER CORPORATION

   🔍 Fetching models for BLACK HAWK TRAILERS...
      Found 1 models
      ✅ Added models for BLACK HAWK TRAILERS

   🔍 Fetching models for BLACK HORSE FORESTRY TRAILERS...
      Found 1 models
      ✅ Added models for BLACK HORSE FORESTRY TRAILERS

   🔍 Fetching models for BLACK HORSE TRAILER...
      Found 1 models
      ✅ Added models for BLACK HORSE TRAILER

   🔍 Fetching models for BLACK IRON CHOPPERS LTD...
      Found 3 models
      ✅ Added models for BLACK IRON CHOPPERS LTD

   🔍 Fetching models for BLACK IRON PRODUCTS...
      Found 1 models
      ✅ Added models for BLACK IRON PRODUCTS

   🔍 Fetching models for BLACK JACK CHOPPERS...
      Found 1 models
      ✅ Added models for BLACK JACK CHOPPERS

   🔍 Fetching models for BLACK LABEL CHOPPERS...
      Found 1 models
      ✅ Added models for BLACK LABEL CHOPPERS

   🔍 Fetching models for BLACK LIGHTNING ALUMINUM TRAILERS LTD....
Error fetching models for BLACK LIGHTNING ALUMINUM TRAILERS LTD. from NHTSA vPIC: SyntaxError: Unexpected token '<', "<!DOCTYPE "... is not valid JSON
    at JSON.parse (<anonymous>)
    at parseJSONFromBytes (node:internal/deps/undici/undici:5419:19)
    at successSteps (node:internal/deps/undici/undici:5390:27)
    at fullyReadBody (node:internal/deps/undici/undici:1501:9)
    at process.processTicksAndRejections (node:internal/process/task_queues:95:5)
    at async specConsumeBody (node:internal/deps/undici/undici:5399:7)
    at Object.getModelsForMake (C:\Users\tfort\Desktop\Projects\the-pickard\src\lib\nhtsa-vpic-api.ts:78:18)
    at populateModels (C:\Users\tfort\Desktop\Projects\the-pickard\scripts\populate-vehicle-data.ts:175:22)
    at main (C:\Users\tfort\Desktop\Projects\the-pickard\scripts\populate-vehicle-data.ts:353:7)
      Found 0 models
      ✅ Added models for BLACK LIGHTNING ALUMINUM TRAILERS LTD.

   🔍 Fetching models for BLACK MESA MANUFACTURING...
      Found 1 models
      ✅ Added models for BLACK MESA MANUFACTURING

   🔍 Fetching models for BLACK RHINO TRAILERS...
      Found 1 models
      ✅ Added models for BLACK RHINO TRAILERS

   🔍 Fetching models for BLACK RIVER BOATS...
      Found 1 models
      ✅ Added models for BLACK RIVER BOATS

   🔍 Fetching models for BLACK RIVER CHOPPERS...
      Found 1 models
      ✅ Added models for BLACK RIVER CHOPPERS

   🔍 Fetching models for BLACK SCORPION OFF ROAD...
      Found 1 models
      ✅ Added models for BLACK SCORPION OFF ROAD

   🔍 Fetching models for BLACK STAR...
      Found 2 models
      ✅ Added models for BLACK STAR

   🔍 Fetching models for BLACK STAR TRADING...
      Found 1 models
      ✅ Added models for BLACK STAR TRADING

   🔍 Fetching models for BLACK SUNSHINE CUSTOMS...
      Found 8 models
      ✅ Added models for BLACK SUNSHINE CUSTOMS

   🔍 Fetching models for BLACK TEA MOTORBIKES...
      Found 2 models
      ✅ Added models for BLACK TEA MOTORBIKES

   🔍 Fetching models for BLACK TIE MANUFACTURING...
      Found 1 models
      ✅ Added models for BLACK TIE MANUFACTURING

   🔍 Fetching models for BLACK VENOM...
      Found 1 models
      ✅ Added models for BLACK VENOM

   🔍 Fetching models for BLACK WIDOW CUSTOM MOTORCYCLE WORKS...
      Found 1 models
      ✅ Added models for BLACK WIDOW CUSTOM MOTORCYCLE WORKS

   🔍 Fetching models for BLACKED OUT CARTS...
      Found 1 models
      ✅ Added models for BLACKED OUT CARTS

   🔍 Fetching models for BLACKHAWK BIKES...
      Found 1 models
      ✅ Added models for BLACKHAWK BIKES

   🔍 Fetching models for BLACKJACK SERVICES, LLC...
      Found 1 models
      ✅ Added models for BLACKJACK SERVICES, LLC

   🔍 Fetching models for BLACKROCK TRAILERS CORPORATION...
      Found 1 models
      ✅ Added models for BLACKROCK TRAILERS CORPORATION

   🔍 Fetching models for BLACKSERIES CAMPERS INC....
Error fetching models for BLACKSERIES CAMPERS INC. from NHTSA vPIC: SyntaxError: Unexpected token '<', "<!DOCTYPE "... is not valid JSON
    at JSON.parse (<anonymous>)
    at parseJSONFromBytes (node:internal/deps/undici/undici:5419:19)
    at successSteps (node:internal/deps/undici/undici:5390:27)
    at fullyReadBody (node:internal/deps/undici/undici:1501:9)
    at process.processTicksAndRejections (node:internal/process/task_queues:95:5)
    at async specConsumeBody (node:internal/deps/undici/undici:5399:7)
    at Object.getModelsForMake (C:\Users\tfort\Desktop\Projects\the-pickard\src\lib\nhtsa-vpic-api.ts:78:18)
    at populateModels (C:\Users\tfort\Desktop\Projects\the-pickard\scripts\populate-vehicle-data.ts:175:22)
    at main (C:\Users\tfort\Desktop\Projects\the-pickard\scripts\populate-vehicle-data.ts:353:7)
      Found 0 models
      ✅ Added models for BLACKSERIES CAMPERS INC.

   🔍 Fetching models for BLACKSERIES INTELLIGENT EQUIPMENT INC....
Error fetching models for BLACKSERIES INTELLIGENT EQUIPMENT INC. from NHTSA vPIC: SyntaxError: Unexpected token '<', "<!DOCTYPE "... is not valid JSON
    at JSON.parse (<anonymous>)
    at parseJSONFromBytes (node:internal/deps/undici/undici:5419:19)
    at successSteps (node:internal/deps/undici/undici:5390:27)
    at fullyReadBody (node:internal/deps/undici/undici:1501:9)
    at process.processTicksAndRejections (node:internal/process/task_queues:95:5)
    at async specConsumeBody (node:internal/deps/undici/undici:5399:7)
    at Object.getModelsForMake (C:\Users\tfort\Desktop\Projects\the-pickard\src\lib\nhtsa-vpic-api.ts:78:18)
    at populateModels (C:\Users\tfort\Desktop\Projects\the-pickard\scripts\populate-vehicle-data.ts:175:22)
    at main (C:\Users\tfort\Desktop\Projects\the-pickard\scripts\populate-vehicle-data.ts:353:7)
      Found 0 models
      ✅ Added models for BLACKSERIES INTELLIGENT EQUIPMENT INC.

   🔍 Fetching models for BLACKSMITH CHOPPERS...
      Found 0 models
      ✅ Added models for BLACKSMITH CHOPPERS

   🔍 Fetching models for BLACKSMITH TRAILERS...
      Found 1 models
      ✅ Added models for BLACKSMITH TRAILERS

   🔍 Fetching models for BLACKSTONE TRAILER COMPANY...
      Found 1 models
      ✅ Added models for BLACKSTONE TRAILER COMPANY

   🔍 Fetching models for BLACKWATER...
      Found 5 models
      ✅ Added models for BLACKWATER

   🔍 Fetching models for BLACKWATER IRONWORKS, LLC...
      Found 1 models
      ✅ Added models for BLACKWATER IRONWORKS, LLC

   🔍 Fetching models for BLACKWATER TARGET SYSTEMS...
      Found 1 models
      ✅ Added models for BLACKWATER TARGET SYSTEMS

   🔍 Fetching models for BLACKWOOD'S WELDING & TRAILER SALES...
      Found 1 models
      ✅ Added models for BLACKWOOD'S WELDING & TRAILER SALES

   🔍 Fetching models for BLAIR TRAILERS...
      Found 1 models
      ✅ Added models for BLAIR TRAILERS

   🔍 Fetching models for BLAIRZ HOMES...
      Found 1 models
      ✅ Added models for BLAIRZ HOMES

   🔍 Fetching models for BLANCHAT MANUFACTURING, INC....
Error fetching models for BLANCHAT MANUFACTURING, INC. from NHTSA vPIC: SyntaxError: Unexpected token '<', "<!DOCTYPE "... is not valid JSON
    at JSON.parse (<anonymous>)
    at parseJSONFromBytes (node:internal/deps/undici/undici:5419:19)
    at successSteps (node:internal/deps/undici/undici:5390:27)
    at fullyReadBody (node:internal/deps/undici/undici:1501:9)
    at process.processTicksAndRejections (node:internal/process/task_queues:95:5)
    at async specConsumeBody (node:internal/deps/undici/undici:5399:7)
    at Object.getModelsForMake (C:\Users\tfort\Desktop\Projects\the-pickard\src\lib\nhtsa-vpic-api.ts:78:18)
    at populateModels (C:\Users\tfort\Desktop\Projects\the-pickard\scripts\populate-vehicle-data.ts:175:22)
    at main (C:\Users\tfort\Desktop\Projects\the-pickard\scripts\populate-vehicle-data.ts:353:7)
      Found 0 models
      ✅ Added models for BLANCHAT MANUFACTURING, INC.

   🔍 Fetching models for BLASTCRETE EQUIPMENT...
      Found 1 models
      ✅ Added models for BLASTCRETE EQUIPMENT

   🔍 Fetching models for BLASTRAC NA INC....
Error fetching models for BLASTRAC NA INC. from NHTSA vPIC: SyntaxError: Unexpected token '<', "<!DOCTYPE "... is not valid JSON
    at JSON.parse (<anonymous>)
    at parseJSONFromBytes (node:internal/deps/undici/undici:5419:19)
    at successSteps (node:internal/deps/undici/undici:5390:27)
    at fullyReadBody (node:internal/deps/undici/undici:1501:9)
    at process.processTicksAndRejections (node:internal/process/task_queues:95:5)
    at async specConsumeBody (node:internal/deps/undici/undici:5399:7)
    at Object.getModelsForMake (C:\Users\tfort\Desktop\Projects\the-pickard\src\lib\nhtsa-vpic-api.ts:78:18)
    at populateModels (C:\Users\tfort\Desktop\Projects\the-pickard\scripts\populate-vehicle-data.ts:175:22)
    at main (C:\Users\tfort\Desktop\Projects\the-pickard\scripts\populate-vehicle-data.ts:353:7)
      Found 0 models
      ✅ Added models for BLASTRAC NA INC.

   🔍 Fetching models for BLAZER...
      Found 4 models
      ✅ Added models for BLAZER

   🔍 Fetching models for BLAZING GLORY...
      Found 1 models
      ✅ Added models for BLAZING GLORY

   🔍 Fetching models for BLAZING TECHNOLOGIES...
      Found 1 models
      ✅ Added models for BLAZING TECHNOLOGIES

   🔍 Fetching models for BLEACHERS INTERNATIONAL...
      Found 1 models
      ✅ Added models for BLEACHERS INTERNATIONAL

   🔍 Fetching models for BLING'S CYCLES...
      Found 1 models
      ✅ Added models for BLING'S CYCLES

   🔍 Fetching models for BLITZ ELECTRICRIDE...
      Found 1 models
      ✅ Added models for BLITZ ELECTRICRIDE

   🔍 Fetching models for BLITZ MOTORS...
      Found 1 models
      ✅ Added models for BLITZ MOTORS

   🔍 Fetching models for BLK LABEL...
      Found 1 models
      ✅ Added models for BLK LABEL

   🔍 Fetching models for BLOCKBUSTER, INC...
      Found 2 models
      ✅ Added models for BLOCKBUSTER, INC

   🔍 Fetching models for BLOOMER TRAILER MANUFACTURING...
      Found 1 models
      ✅ Added models for BLOOMER TRAILER MANUFACTURING

   🔍 Fetching models for BLOOMFIELD CUSTOM FABRICATION INC...
      Found 1 models
      ✅ Added models for BLOOMFIELD CUSTOM FABRICATION INC

   🔍 Fetching models for BLUE ARC...
      Found 14 models
      ✅ Added models for BLUE ARC

   🔍 Fetching models for BLUE BARN...
      Found 1 models
      ✅ Added models for BLUE BARN

   🔍 Fetching models for BLUE BIRD...
      Found 18 models
      ✅ Added models for BLUE BIRD

   🔍 Fetching models for BLUE COLLAR TRAILERS (BCTR)...
      Found 1 models
      ✅ Added models for BLUE COLLAR TRAILERS (BCTR)

   🔍 Fetching models for BLUE COYOTE...
      Found 2 models
      ✅ Added models for BLUE COYOTE

   🔍 Fetching models for BLUE COYOTE TRAILERS...
      Found 1 models
      ✅ Added models for BLUE COYOTE TRAILERS

   🔍 Fetching models for BLUE FIRE MOTORSPORTS...
      Found 1 models
      ✅ Added models for BLUE FIRE MOTORSPORTS

   🔍 Fetching models for BLUE GHOST CYCLES...
      Found 2 models
      ✅ Added models for BLUE GHOST CYCLES

   🔍 Fetching models for BLUE LAKE INDUSTRIES...
      Found 1 models
      ✅ Added models for BLUE LAKE INDUSTRIES

   🔍 Fetching models for BLUE LINE INDUSTRIES...
      Found 4 models
      ✅ Added models for BLUE LINE INDUSTRIES

   🔍 Fetching models for BLUE MIST HOLDINGS...
      Found 2 models
      ✅ Added models for BLUE MIST HOLDINGS

   🔍 Fetching models for BLUE MOUNTAIN METALWORKS LLC...
      Found 1 models
      ✅ Added models for BLUE MOUNTAIN METALWORKS LLC

   🔍 Fetching models for BLUE RIBBON CUSTOMS...
      Found 3 models
      ✅ Added models for BLUE RIBBON CUSTOMS

   🔍 Fetching models for BLUE RIDGE EXPEDITION TRAILERS, LLC...
      Found 1 models
      ✅ Added models for BLUE RIDGE EXPEDITION TRAILERS, LLC

   🔍 Fetching models for BLUE RIDGE MANUFACTURING...
      Found 1 models
      ✅ Added models for BLUE RIDGE MANUFACTURING

   🔍 Fetching models for BLUE RIDGE MOUNTAIN TRAILERS...
      Found 1 models
      ✅ Added models for BLUE RIDGE MOUNTAIN TRAILERS

   🔍 Fetching models for BLUE RIDGE TRAILERS...
      Found 1 models
      ✅ Added models for BLUE RIDGE TRAILERS

   🔍 Fetching models for BLUE STEEL AXLE & FABRICATION...
      Found 1 models
      ✅ Added models for BLUE STEEL AXLE & FABRICATION

   🔍 Fetching models for BLUE STEEL MANUFACTURING...
      Found 1 models
      ✅ Added models for BLUE STEEL MANUFACTURING

   🔍 Fetching models for BLUE STREAK MANUFACTURING LLC...
      Found 1 models
      ✅ Added models for BLUE STREAK MANUFACTURING LLC

   🔍 Fetching models for BLUE THUNDER CUSTOM MOTORCYCLES INC....
Error fetching models for BLUE THUNDER CUSTOM MOTORCYCLES INC. from NHTSA vPIC: SyntaxError: Unexpected token '<', "<!DOCTYPE "... is not valid JSON
    at JSON.parse (<anonymous>)
    at parseJSONFromBytes (node:internal/deps/undici/undici:5419:19)
    at successSteps (node:internal/deps/undici/undici:5390:27)
    at fullyReadBody (node:internal/deps/undici/undici:1501:9)
    at process.processTicksAndRejections (node:internal/process/task_queues:95:5)
    at async specConsumeBody (node:internal/deps/undici/undici:5399:7)
    at Object.getModelsForMake (C:\Users\tfort\Desktop\Projects\the-pickard\src\lib\nhtsa-vpic-api.ts:78:18)
    at populateModels (C:\Users\tfort\Desktop\Projects\the-pickard\scripts\populate-vehicle-data.ts:175:22)
    at main (C:\Users\tfort\Desktop\Projects\the-pickard\scripts\populate-vehicle-data.ts:353:7)
      Found 0 models
      ✅ Added models for BLUE THUNDER CUSTOM MOTORCYCLES INC.

   🔍 Fetching models for BLUEBIRD TRAILER...
      Found 1 models
      ✅ Added models for BLUEBIRD TRAILER

   🔍 Fetching models for BLUECAR...
      Found 1 models
      ✅ Added models for BLUECAR

   🔍 Fetching models for BLUEFIN TRAILERS...
      Found 1 models
      ✅ Added models for BLUEFIN TRAILERS

   🔍 Fetching models for BLUEGRASS INDUSTRIES, INC...
      Found 6 models
      ✅ Added models for BLUEGRASS INDUSTRIES, INC

   🔍 Fetching models for BLUEGRASS TANK & EQUIPMENT CO, INC...
      Found 1 models
      ✅ Added models for BLUEGRASS TANK & EQUIPMENT CO, INC

   🔍 Fetching models for BLUELINE MANUFACTURING COMPANY...
      Found 1 models
      ✅ Added models for BLUELINE MANUFACTURING COMPANY

   🔍 Fetching models for BLUERIDGE EXOTIC TRANSPORT...
      Found 1 models
      ✅ Added models for BLUERIDGE EXOTIC TRANSPORT

   🔍 Fetching models for BLUERIDGE TRAILER...
      Found 2 models
      ✅ Added models for BLUERIDGE TRAILER

   🔍 Fetching models for BLUERIDGE TRAILERS...
      Found 1 models
      ✅ Added models for BLUERIDGE TRAILERS

   🔍 Fetching models for BLUEWATER MARINE...
      Found 1 models
      ✅ Added models for BLUEWATER MARINE

   🔍 Fetching models for BLUFF CITY...
      Found 1 models
      ✅ Added models for BLUFF CITY

   🔍 Fetching models for BLUM'S FAB & DESIGN...
      Found 1 models
      ✅ Added models for BLUM'S FAB & DESIGN

   🔍 Fetching models for BMC...
      Found 3 models
      ✅ Added models for BMC

   🔍 Fetching models for BMC MOTORCYCLE CO....
Error fetching models for BMC MOTORCYCLE CO. from NHTSA vPIC: SyntaxError: Unexpected token '<', "<!DOCTYPE "... is not valid JSON
    at JSON.parse (<anonymous>)
    at parseJSONFromBytes (node:internal/deps/undici/undici:5419:19)
    at successSteps (node:internal/deps/undici/undici:5390:27)
    at fullyReadBody (node:internal/deps/undici/undici:1501:9)
    at process.processTicksAndRejections (node:internal/process/task_queues:95:5)
    at async specConsumeBody (node:internal/deps/undici/undici:5399:7)
    at Object.getModelsForMake (C:\Users\tfort\Desktop\Projects\the-pickard\src\lib\nhtsa-vpic-api.ts:78:18)
    at populateModels (C:\Users\tfort\Desktop\Projects\the-pickard\scripts\populate-vehicle-data.ts:175:22)
    at main (C:\Users\tfort\Desktop\Projects\the-pickard\scripts\populate-vehicle-data.ts:353:7)
      Found 0 models
      ✅ Added models for BMC MOTORCYCLE CO.

   🔍 Fetching models for BMF TRAILER WORKS, LLC...
      Found 1 models
      ✅ Added models for BMF TRAILER WORKS, LLC

   🔍 Fetching models for BMFD PRODUCT...
      Found 1 models
      ✅ Added models for BMFD PRODUCT

   🔍 Fetching models for BMS...
      Found 4 models
      ✅ Added models for BMS

   🔍 Fetching models for BMW...
      Found 258 models
      ✅ Added models for BMW

   🔍 Fetching models for BND TRAILERS LLC...
      Found 1 models
      ✅ Added models for BND TRAILERS LLC

   🔍 Fetching models for BNECOZONE...
      Found 1 models
      ✅ Added models for BNECOZONE

   🔍 Fetching models for BNM TRAILER SALES...
      Found 1 models
      ✅ Added models for BNM TRAILER SALES

   🔍 Fetching models for BO MANUFACTURING...
      Found 1 models
      ✅ Added models for BO MANUFACTURING

   🔍 Fetching models for BOATHOUSE DISCOUNT MARINE DBA CAPTAIN'S CHOICE TRAILERS...
      Found 1 models
      ✅ Added models for BOATHOUSE DISCOUNT MARINE DBA CAPTAIN'S CHOICE TRAILERS

   🔍 Fetching models for BOATMATE TRAILERS...
      Found 1 models
      ✅ Added models for BOATMATE TRAILERS

   🔍 Fetching models for BOB BAXTER WELDING, INC....
Error fetching models for BOB BAXTER WELDING, INC. from NHTSA vPIC: SyntaxError: Unexpected token '<', "<!DOCTYPE "... is not valid JSON
    at JSON.parse (<anonymous>)
    at parseJSONFromBytes (node:internal/deps/undici/undici:5419:19)
    at successSteps (node:internal/deps/undici/undici:5390:27)
    at fullyReadBody (node:internal/deps/undici/undici:1501:9)
    at process.processTicksAndRejections (node:internal/process/task_queues:95:5)
    at async specConsumeBody (node:internal/deps/undici/undici:5399:7)
    at Object.getModelsForMake (C:\Users\tfort\Desktop\Projects\the-pickard\src\lib\nhtsa-vpic-api.ts:78:18)
    at populateModels (C:\Users\tfort\Desktop\Projects\the-pickard\scripts\populate-vehicle-data.ts:175:22)
    at main (C:\Users\tfort\Desktop\Projects\the-pickard\scripts\populate-vehicle-data.ts:353:7)
      Found 0 models
      ✅ Added models for BOB BAXTER WELDING, INC.

   🔍 Fetching models for BOB BISSELL TRUCKING LLC...
      Found 1 models
      ✅ Added models for BOB BISSELL TRUCKING LLC

   🔍 Fetching models for BOB BOERSMA CO....
Error fetching models for BOB BOERSMA CO. from NHTSA vPIC: SyntaxError: Unexpected token '<', "<!DOCTYPE "... is not valid JSON
    at JSON.parse (<anonymous>)
    at parseJSONFromBytes (node:internal/deps/undici/undici:5419:19)
    at successSteps (node:internal/deps/undici/undici:5390:27)
    at fullyReadBody (node:internal/deps/undici/undici:1501:9)
    at process.processTicksAndRejections (node:internal/process/task_queues:95:5)
    at async specConsumeBody (node:internal/deps/undici/undici:5399:7)
    at Object.getModelsForMake (C:\Users\tfort\Desktop\Projects\the-pickard\src\lib\nhtsa-vpic-api.ts:78:18)
    at populateModels (C:\Users\tfort\Desktop\Projects\the-pickard\scripts\populate-vehicle-data.ts:175:22)
    at main (C:\Users\tfort\Desktop\Projects\the-pickard\scripts\populate-vehicle-data.ts:353:7)
      Found 0 models
      ✅ Added models for BOB BOERSMA CO.

   🔍 Fetching models for BOB GERENA FABRICATING INC...
      Found 1 models
      ✅ Added models for BOB GERENA FABRICATING INC

   🔍 Fetching models for BOB'S CUSTOM CREATIONS...
      Found 1 models
      ✅ Added models for BOB'S CUSTOM CREATIONS

   🔍 Fetching models for BOB'S TRAILER SALES AND SERVICE...
      Found 1 models
      ✅ Added models for BOB'S TRAILER SALES AND SERVICE

   🔍 Fetching models for BOB'S USED CARS, INC. DBA COBRA MANUFACTURING...
Error fetching models for BOB'S USED CARS, INC. DBA COBRA MANUFACTURING from NHTSA vPIC: SyntaxError: Unexpected token '<', "<!DOCTYPE "... is not valid JSON
    at JSON.parse (<anonymous>)
    at parseJSONFromBytes (node:internal/deps/undici/undici:5419:19)
    at successSteps (node:internal/deps/undici/undici:5390:27)
    at fullyReadBody (node:internal/deps/undici/undici:1501:9)
    at process.processTicksAndRejections (node:internal/process/task_queues:95:5)
    at async specConsumeBody (node:internal/deps/undici/undici:5399:7)
    at Object.getModelsForMake (C:\Users\tfort\Desktop\Projects\the-pickard\src\lib\nhtsa-vpic-api.ts:78:18)
    at populateModels (C:\Users\tfort\Desktop\Projects\the-pickard\scripts\populate-vehicle-data.ts:175:22)
    at main (C:\Users\tfort\Desktop\Projects\the-pickard\scripts\populate-vehicle-data.ts:353:7)
      Found 0 models
      ✅ Added models for BOB'S USED CARS, INC. DBA COBRA MANUFACTURING

   🔍 Fetching models for BOB'S WELDING & FABRICATION...
      Found 1 models
      ✅ Added models for BOB'S WELDING & FABRICATION

   🔍 Fetching models for BOBBY'S RULE...
      Found 1 models
      ✅ Added models for BOBBY'S RULE

   🔍 Fetching models for BOBCAT TRAILER COMPANY, INC....
Error fetching models for BOBCAT TRAILER COMPANY, INC. from NHTSA vPIC: SyntaxError: Unexpected token '<', "<!DOCTYPE "... is not valid JSON
    at JSON.parse (<anonymous>)
    at parseJSONFromBytes (node:internal/deps/undici/undici:5419:19)
    at successSteps (node:internal/deps/undici/undici:5390:27)
    at fullyReadBody (node:internal/deps/undici/undici:1501:9)
    at process.processTicksAndRejections (node:internal/process/task_queues:95:5)
    at async specConsumeBody (node:internal/deps/undici/undici:5399:7)
    at Object.getModelsForMake (C:\Users\tfort\Desktop\Projects\the-pickard\src\lib\nhtsa-vpic-api.ts:78:18)
    at populateModels (C:\Users\tfort\Desktop\Projects\the-pickard\scripts\populate-vehicle-data.ts:175:22)
    at main (C:\Users\tfort\Desktop\Projects\the-pickard\scripts\populate-vehicle-data.ts:353:7)
      Found 0 models
      ✅ Added models for BOBCAT TRAILER COMPANY, INC.

   🔍 Fetching models for BOCATS...
      Found 1 models
      ✅ Added models for BOCATS

   🔍 Fetching models for BOCEBIKE...
      Found 11 models
      ✅ Added models for BOCEBIKE

   🔍 Fetching models for BOCK INDUSTRIES...
      Found 1 models
      ✅ Added models for BOCK INDUSTRIES

   🔍 Fetching models for BOCKMANN FAHRZEUGWERKE GMBH...
      Found 1 models
      ✅ Added models for BOCKMANN FAHRZEUGWERKE GMBH

   🔍 Fetching models for BODEANN INC...
      Found 1 models
      ✅ Added models for BODEANN INC

   🔍 Fetching models for BODHOLT BROTHERS MANUFACTURING...
      Found 1 models
      ✅ Added models for BODHOLT BROTHERS MANUFACTURING

   🔍 Fetching models for BODINEBUILT...
      Found 1 models
      ✅ Added models for BODINEBUILT

   🔍 Fetching models for BOGGS STEEL FABRICATION, INC....
Error fetching models for BOGGS STEEL FABRICATION, INC. from NHTSA vPIC: SyntaxError: Unexpected token '<', "<!DOCTYPE "... is not valid JSON
    at JSON.parse (<anonymous>)
    at parseJSONFromBytes (node:internal/deps/undici/undici:5419:19)
    at successSteps (node:internal/deps/undici/undici:5390:27)
    at fullyReadBody (node:internal/deps/undici/undici:1501:9)
    at process.processTicksAndRejections (node:internal/process/task_queues:95:5)
    at async specConsumeBody (node:internal/deps/undici/undici:5399:7)
    at Object.getModelsForMake (C:\Users\tfort\Desktop\Projects\the-pickard\src\lib\nhtsa-vpic-api.ts:78:18)
    at populateModels (C:\Users\tfort\Desktop\Projects\the-pickard\scripts\populate-vehicle-data.ts:175:22)
    at main (C:\Users\tfort\Desktop\Projects\the-pickard\scripts\populate-vehicle-data.ts:353:7)
      Found 0 models
      ✅ Added models for BOGGS STEEL FABRICATION, INC.

   🔍 Fetching models for BOGO...
      Found 1 models
      ✅ Added models for BOGO

   🔍 Fetching models for BOHNENKAMP'S WHITEWATER CUSTOMS...
      Found 1 models
      ✅ Added models for BOHNENKAMP'S WHITEWATER CUSTOMS

   🔍 Fetching models for BOHNERT WELDING...
      Found 7 models
      ✅ Added models for BOHNERT WELDING

   🔍 Fetching models for BOICE MARINE, INC...
      Found 1 models
      ✅ Added models for BOICE MARINE, INC

   🔍 Fetching models for BOKI CONCESSION TRAILERS...
      Found 1 models
      ✅ Added models for BOKI CONCESSION TRAILERS

   🔍 Fetching models for BOLD TRAILER CO....
Error fetching models for BOLD TRAILER CO. from NHTSA vPIC: SyntaxError: Unexpected token '<', "<!DOCTYPE "... is not valid JSON
    at JSON.parse (<anonymous>)
    at parseJSONFromBytes (node:internal/deps/undici/undici:5419:19)
    at successSteps (node:internal/deps/undici/undici:5390:27)
    at fullyReadBody (node:internal/deps/undici/undici:1501:9)
    at process.processTicksAndRejections (node:internal/process/task_queues:95:5)
    at async specConsumeBody (node:internal/deps/undici/undici:5399:7)
    at Object.getModelsForMake (C:\Users\tfort\Desktop\Projects\the-pickard\src\lib\nhtsa-vpic-api.ts:78:18)
    at populateModels (C:\Users\tfort\Desktop\Projects\the-pickard\scripts\populate-vehicle-data.ts:175:22)
    at main (C:\Users\tfort\Desktop\Projects\the-pickard\scripts\populate-vehicle-data.ts:353:7)
      Found 0 models
      ✅ Added models for BOLD TRAILER CO.

   🔍 Fetching models for BOLINGER INC....
Error fetching models for BOLINGER INC. from NHTSA vPIC: SyntaxError: Unexpected token '<', "<!DOCTYPE "... is not valid JSON
    at JSON.parse (<anonymous>)
    at parseJSONFromBytes (node:internal/deps/undici/undici:5419:19)
    at successSteps (node:internal/deps/undici/undici:5390:27)
    at fullyReadBody (node:internal/deps/undici/undici:1501:9)
    at process.processTicksAndRejections (node:internal/process/task_queues:95:5)
    at async specConsumeBody (node:internal/deps/undici/undici:5399:7)
    at Object.getModelsForMake (C:\Users\tfort\Desktop\Projects\the-pickard\src\lib\nhtsa-vpic-api.ts:78:18)
    at populateModels (C:\Users\tfort\Desktop\Projects\the-pickard\scripts\populate-vehicle-data.ts:175:22)
    at main (C:\Users\tfort\Desktop\Projects\the-pickard\scripts\populate-vehicle-data.ts:353:7)
      Found 0 models
      ✅ Added models for BOLINGER INC.

   🔍 Fetching models for BOLLIN TILE STRINGER...
      Found 1 models
      ✅ Added models for BOLLIN TILE STRINGER

   🔍 Fetching models for BOLLINGER MOTORS, INC....
Error fetching models for BOLLINGER MOTORS, INC. from NHTSA vPIC: SyntaxError: Unexpected token '<', "<!DOCTYPE "... is not valid JSON
    at JSON.parse (<anonymous>)
    at parseJSONFromBytes (node:internal/deps/undici/undici:5419:19)
    at successSteps (node:internal/deps/undici/undici:5390:27)
    at fullyReadBody (node:internal/deps/undici/undici:1501:9)
    at process.processTicksAndRejections (node:internal/process/task_queues:95:5)
    at async specConsumeBody (node:internal/deps/undici/undici:5399:7)
    at Object.getModelsForMake (C:\Users\tfort\Desktop\Projects\the-pickard\src\lib\nhtsa-vpic-api.ts:78:18)
    at populateModels (C:\Users\tfort\Desktop\Projects\the-pickard\scripts\populate-vehicle-data.ts:175:22)
    at main (C:\Users\tfort\Desktop\Projects\the-pickard\scripts\populate-vehicle-data.ts:353:7)
      Found 0 models
      ✅ Added models for BOLLINGER MOTORS, INC.

   🔍 Fetching models for BOLLINGER-ONKEN INC...
      Found 1 models
      ✅ Added models for BOLLINGER-ONKEN INC

   🔍 Fetching models for BOLT EV...
      Found 1 models
      ✅ Added models for BOLT EV

   🔍 Fetching models for BOMAG PAVING PRODUCTS...
      Found 1 models
      ✅ Added models for BOMAG PAVING PRODUCTS

   🔍 Fetching models for BONACASSIO LIGHTING...
      Found 1 models
      ✅ Added models for BONACASSIO LIGHTING

   🔍 Fetching models for BONANZA TRAILERS...
      Found 1 models
      ✅ Added models for BONANZA TRAILERS

   🔍 Fetching models for BONAPARTE USA...
      Found 1 models
      ✅ Added models for BONAPARTE USA

   🔍 Fetching models for BONNELL INDUSTRIES...
      Found 1 models
      ✅ Added models for BONNELL INDUSTRIES

   🔍 Fetching models for BONNER METAL & FABRICATION, INC....
Error fetching models for BONNER METAL & FABRICATION, INC. from NHTSA vPIC: SyntaxError: Unexpected token '<', "<!DOCTYPE "... is not valid JSON
    at JSON.parse (<anonymous>)
    at parseJSONFromBytes (node:internal/deps/undici/undici:5419:19)
    at successSteps (node:internal/deps/undici/undici:5390:27)
    at fullyReadBody (node:internal/deps/undici/undici:1501:9)
    at process.processTicksAndRejections (node:internal/process/task_queues:95:5)
    at async specConsumeBody (node:internal/deps/undici/undici:5399:7)
    at Object.getModelsForMake (C:\Users\tfort\Desktop\Projects\the-pickard\src\lib\nhtsa-vpic-api.ts:78:18)
    at populateModels (C:\Users\tfort\Desktop\Projects\the-pickard\scripts\populate-vehicle-data.ts:175:22)
    at main (C:\Users\tfort\Desktop\Projects\the-pickard\scripts\populate-vehicle-data.ts:353:7)
      Found 0 models
      ✅ Added models for BONNER METAL & FABRICATION, INC.

   🔍 Fetching models for BONTRAGER OUTDOORS...
      Found 1 models
      ✅ Added models for BONTRAGER OUTDOORS

   🔍 Fetching models for BOOM...
      Found 24 models
      ✅ Added models for BOOM

   🔍 Fetching models for BOOM TRIKES...
      Found 2 models
      ✅ Added models for BOOM TRIKES

   🔍 Fetching models for BOOM TRIKES USA...
      Found 1 models
      ✅ Added models for BOOM TRIKES USA

   🔍 Fetching models for BOOMER'S TRIKES...
      Found 1 models
      ✅ Added models for BOOMER'S TRIKES

   🔍 Fetching models for BOONDOCK CAMPERS LLC...
      Found 1 models
      ✅ Added models for BOONDOCK CAMPERS LLC

   🔍 Fetching models for BOONDOCKER TRAILERS...
      Found 1 models
      ✅ Added models for BOONDOCKER TRAILERS

   🔍 Fetching models for BOONEDOX...
      Found 1 models
      ✅ Added models for BOONEDOX

   🔍 Fetching models for BOOT HILL TRAILER...
      Found 1 models
      ✅ Added models for BOOT HILL TRAILER

   🔍 Fetching models for BOOTH SPECIALTY MANUFACTURING...
      Found 1 models
      ✅ Added models for BOOTH SPECIALTY MANUFACTURING

   🔍 Fetching models for BOOTHEEL CUSTOM TRAILERS...
      Found 1 models
      ✅ Added models for BOOTHEEL CUSTOM TRAILERS

   🔍 Fetching models for BOOTSTRAP INC...
      Found 1 models
      ✅ Added models for BOOTSTRAP INC

   🔍 Fetching models for BORAH...
      Found 1 models
      ✅ Added models for BORAH

   🔍 Fetching models for BORCO TRAILERS...
      Found 0 models
      ✅ Added models for BORCO TRAILERS

   🔍 Fetching models for BOREK BROTHERS AUTOMOTIVE...
      Found 1 models
      ✅ Added models for BOREK BROTHERS AUTOMOTIVE

   🔍 Fetching models for BORREGO BROTHERS, INC...
      Found 1 models
      ✅ Added models for BORREGO BROTHERS, INC

   🔍 Fetching models for BOSCHER...
      Found 1 models
      ✅ Added models for BOSCHER

   🔍 Fetching models for BOSHENG...
      Found 3 models
      ✅ Added models for BOSHENG

   🔍 Fetching models for BOSS...
      Found 23 models
      ✅ Added models for BOSS

   🔍 Fetching models for BOSS EQUIPMENT TRAILER...
      Found 1 models
      ✅ Added models for BOSS EQUIPMENT TRAILER

   🔍 Fetching models for BOSS HAWG MOTORCYCLES...
      Found 5 models
      ✅ Added models for BOSS HAWG MOTORCYCLES

   🔍 Fetching models for BOSS HOSS...
      Found 3 models
      ✅ Added models for BOSS HOSS

   🔍 Fetching models for BOSS MOTOR...
      Found 2 models
      ✅ Added models for BOSS MOTOR

   🔍 Fetching models for BOSS POWERSPORTS...
      Found 1 models
      ✅ Added models for BOSS POWERSPORTS

   🔍 Fetching models for BOSS PRODUCTS, INC....
Error fetching models for BOSS PRODUCTS, INC. from NHTSA vPIC: SyntaxError: Unexpected token '<', "<!DOCTYPE "... is not valid JSON
    at JSON.parse (<anonymous>)
    at parseJSONFromBytes (node:internal/deps/undici/undici:5419:19)
    at successSteps (node:internal/deps/undici/undici:5390:27)
    at fullyReadBody (node:internal/deps/undici/undici:1501:9)
    at process.processTicksAndRejections (node:internal/process/task_queues:95:5)
    at async specConsumeBody (node:internal/deps/undici/undici:5399:7)
    at Object.getModelsForMake (C:\Users\tfort\Desktop\Projects\the-pickard\src\lib\nhtsa-vpic-api.ts:78:18)
    at populateModels (C:\Users\tfort\Desktop\Projects\the-pickard\scripts\populate-vehicle-data.ts:175:22)
    at main (C:\Users\tfort\Desktop\Projects\the-pickard\scripts\populate-vehicle-data.ts:353:7)
      Found 0 models
      ✅ Added models for BOSS PRODUCTS, INC.

   🔍 Fetching models for BOSS TRAILERS...
      Found 2 models
      ✅ Added models for BOSS TRAILERS

   🔍 Fetching models for BOSS VAC...
      Found 1 models
      ✅ Added models for BOSS VAC

   🔍 Fetching models for BOSS-LTG...
      Found 1 models
      ✅ Added models for BOSS-LTG

   🔍 Fetching models for BOSSELMAN ...
Error fetching models for BOSSELMAN  from NHTSA vPIC: SyntaxError: Unexpected token '<', "<!DOCTYPE "... is not valid JSON
    at JSON.parse (<anonymous>)
    at parseJSONFromBytes (node:internal/deps/undici/undici:5419:19)
    at successSteps (node:internal/deps/undici/undici:5390:27)
    at fullyReadBody (node:internal/deps/undici/undici:1501:9)
    at process.processTicksAndRejections (node:internal/process/task_queues:95:5)
    at async specConsumeBody (node:internal/deps/undici/undici:5399:7)
    at Object.getModelsForMake (C:\Users\tfort\Desktop\Projects\the-pickard\src\lib\nhtsa-vpic-api.ts:78:18)
    at populateModels (C:\Users\tfort\Desktop\Projects\the-pickard\scripts\populate-vehicle-data.ts:175:22)
    at main (C:\Users\tfort\Desktop\Projects\the-pickard\scripts\populate-vehicle-data.ts:353:7)
      Found 0 models
      ✅ Added models for BOSSELMAN 

   🔍 Fetching models for BOSTON MOTORCYCLE COMPANY...
      Found 1 models
      ✅ Added models for BOSTON MOTORCYCLE COMPANY

   🔍 Fetching models for BOSTON STEEL & MFG. CO....
Error fetching models for BOSTON STEEL & MFG. CO. from NHTSA vPIC: SyntaxError: Unexpected token '<', "<!DOCTYPE "... is not valid JSON
    at JSON.parse (<anonymous>)
    at parseJSONFromBytes (node:internal/deps/undici/undici:5419:19)
    at successSteps (node:internal/deps/undici/undici:5390:27)
    at fullyReadBody (node:internal/deps/undici/undici:1501:9)
    at process.processTicksAndRejections (node:internal/process/task_queues:95:5)
    at async specConsumeBody (node:internal/deps/undici/undici:5399:7)
    at Object.getModelsForMake (C:\Users\tfort\Desktop\Projects\the-pickard\src\lib\nhtsa-vpic-api.ts:78:18)
    at populateModels (C:\Users\tfort\Desktop\Projects\the-pickard\scripts\populate-vehicle-data.ts:175:22)
    at main (C:\Users\tfort\Desktop\Projects\the-pickard\scripts\populate-vehicle-data.ts:353:7)
      Found 0 models
      ✅ Added models for BOSTON STEEL & MFG. CO.

   🔍 Fetching models for BOTERO...
      Found 2 models
      ✅ Added models for BOTERO

   🔍 Fetching models for BOTERO CARTS...
      Found 1 models
      ✅ Added models for BOTERO CARTS

   🔍 Fetching models for BOULDER CHOPPERS...
      Found 1 models
      ✅ Added models for BOULDER CHOPPERS

   🔍 Fetching models for BOULDER ELECTRIC VEHICLE...
      Found 1 models
      ✅ Added models for BOULDER ELECTRIC VEHICLE

   🔍 Fetching models for BOULDER ELECTRORIDE...
      Found 1 models
      ✅ Added models for BOULDER ELECTRORIDE

   🔍 Fetching models for BOULDING & LAWSON, INC....
Error fetching models for BOULDING & LAWSON, INC. from NHTSA vPIC: SyntaxError: Unexpected token '<', "<!DOCTYPE "... is not valid JSON
    at JSON.parse (<anonymous>)
    at parseJSONFromBytes (node:internal/deps/undici/undici:5419:19)
    at successSteps (node:internal/deps/undici/undici:5390:27)
    at fullyReadBody (node:internal/deps/undici/undici:1501:9)
    at process.processTicksAndRejections (node:internal/process/task_queues:95:5)
    at async specConsumeBody (node:internal/deps/undici/undici:5399:7)
    at Object.getModelsForMake (C:\Users\tfort\Desktop\Projects\the-pickard\src\lib\nhtsa-vpic-api.ts:78:18)
    at populateModels (C:\Users\tfort\Desktop\Projects\the-pickard\scripts\populate-vehicle-data.ts:175:22)
    at main (C:\Users\tfort\Desktop\Projects\the-pickard\scripts\populate-vehicle-data.ts:353:7)
      Found 0 models
      ✅ Added models for BOULDING & LAWSON, INC.

   🔍 Fetching models for BOULTON BUILT...
      Found 1 models
      ✅ Added models for BOULTON BUILT

   🔍 Fetching models for BOUNCE BACK SERVICES...
      Found 1 models
      ✅ Added models for BOUNCE BACK SERVICES

   🔍 Fetching models for BOURBON TRAILER...
      Found 2 models
      ✅ Added models for BOURBON TRAILER

   🔍 Fetching models for BOURBON TRAILERS...
      Found 1 models
      ✅ Added models for BOURBON TRAILERS

   🔍 Fetching models for BOURG CHEMICAL DISTRIBUTING, INC...
      Found 1 models
      ✅ Added models for BOURG CHEMICAL DISTRIBUTING, INC

   🔍 Fetching models for BOURGET'S...
      Found 11 models
      ✅ Added models for BOURGET'S

   🔍 Fetching models for BOVINE PEDICURE INDUSTRIES...
      Found 1 models
      ✅ Added models for BOVINE PEDICURE INDUSTRIES

   🔍 Fetching models for BOWE METAL FABRICATION & REPAIR INC....
Error fetching models for BOWE METAL FABRICATION & REPAIR INC. from NHTSA vPIC: SyntaxError: Unexpected token '<', "<!DOCTYPE "... is not valid JSON
    at JSON.parse (<anonymous>)
    at parseJSONFromBytes (node:internal/deps/undici/undici:5419:19)
    at successSteps (node:internal/deps/undici/undici:5390:27)
    at fullyReadBody (node:internal/deps/undici/undici:1501:9)
    at process.processTicksAndRejections (node:internal/process/task_queues:95:5)
    at async specConsumeBody (node:internal/deps/undici/undici:5399:7)
    at Object.getModelsForMake (C:\Users\tfort\Desktop\Projects\the-pickard\src\lib\nhtsa-vpic-api.ts:78:18)
    at populateModels (C:\Users\tfort\Desktop\Projects\the-pickard\scripts\populate-vehicle-data.ts:175:22)
    at main (C:\Users\tfort\Desktop\Projects\the-pickard\scripts\populate-vehicle-data.ts:353:7)
      Found 0 models
      ✅ Added models for BOWE METAL FABRICATION & REPAIR INC.

   🔍 Fetching models for BOWE-BUILT...
      Found 0 models
      ✅ Added models for BOWE-BUILT

   🔍 Fetching models for BOWIE INDUSTRIES...
      Found 1 models
      ✅ Added models for BOWIE INDUSTRIES

   🔍 Fetching models for BOWLUS ROAD CHIEF...
      Found 6 models
      ✅ Added models for BOWLUS ROAD CHIEF

   🔍 Fetching models for BOWMAN MANUFACTURING CO., INC....
Error fetching models for BOWMAN MANUFACTURING CO., INC. from NHTSA vPIC: SyntaxError: Unexpected token '<', "<!DOCTYPE "... is not valid JSON
    at JSON.parse (<anonymous>)
    at parseJSONFromBytes (node:internal/deps/undici/undici:5419:19)
    at successSteps (node:internal/deps/undici/undici:5390:27)
    at fullyReadBody (node:internal/deps/undici/undici:1501:9)
    at process.processTicksAndRejections (node:internal/process/task_queues:95:5)
    at async specConsumeBody (node:internal/deps/undici/undici:5399:7)
    at Object.getModelsForMake (C:\Users\tfort\Desktop\Projects\the-pickard\src\lib\nhtsa-vpic-api.ts:78:18)
    at populateModels (C:\Users\tfort\Desktop\Projects\the-pickard\scripts\populate-vehicle-data.ts:175:22)
    at main (C:\Users\tfort\Desktop\Projects\the-pickard\scripts\populate-vehicle-data.ts:353:7)
      Found 0 models
      ✅ Added models for BOWMAN MANUFACTURING CO., INC.

   🔍 Fetching models for BOXABL INC....
Error fetching models for BOXABL INC. from NHTSA vPIC: SyntaxError: Unexpected token '<', "<!DOCTYPE "... is not valid JSON
    at JSON.parse (<anonymous>)
    at parseJSONFromBytes (node:internal/deps/undici/undici:5419:19)
    at successSteps (node:internal/deps/undici/undici:5390:27)
    at fullyReadBody (node:internal/deps/undici/undici:1501:9)
    at process.processTicksAndRejections (node:internal/process/task_queues:95:5)
    at async specConsumeBody (node:internal/deps/undici/undici:5399:7)
    at Object.getModelsForMake (C:\Users\tfort\Desktop\Projects\the-pickard\src\lib\nhtsa-vpic-api.ts:78:18)
    at populateModels (C:\Users\tfort\Desktop\Projects\the-pickard\scripts\populate-vehicle-data.ts:175:22)
    at main (C:\Users\tfort\Desktop\Projects\the-pickard\scripts\populate-vehicle-data.ts:353:7)
      Found 0 models
      ✅ Added models for BOXABL INC.

   🔍 Fetching models for BOXED UTILITY TRAILER TECHNOLOGIES...
      Found 1 models
      ✅ Added models for BOXED UTILITY TRAILER TECHNOLOGIES

   🔍 Fetching models for BOXES CREEK FABRICATING & WELDING...
      Found 1 models
      ✅ Added models for BOXES CREEK FABRICATING & WELDING

   🔍 Fetching models for BOXHOUSE...
      Found 1 models
      ✅ Added models for BOXHOUSE

   🔍 Fetching models for BOYDSTUN METAL WORKS...
      Found 1 models
      ✅ Added models for BOYDSTUN METAL WORKS

   🔍 Fetching models for BOYLAN SIGNATURE...
      Found 1 models
      ✅ Added models for BOYLAN SIGNATURE

   🔍 Fetching models for BOZ DESIGNS / TAYLORMADE TRAILERS...
Error fetching models for BOZ DESIGNS / TAYLORMADE TRAILERS from NHTSA vPIC: SyntaxError: Unexpected token '<', "<!DOCTYPE "... is not valid JSON
    at JSON.parse (<anonymous>)
    at parseJSONFromBytes (node:internal/deps/undici/undici:5419:19)
    at successSteps (node:internal/deps/undici/undici:5390:27)
    at fullyReadBody (node:internal/deps/undici/undici:1501:9)
    at process.processTicksAndRejections (node:internal/process/task_queues:95:5)
    at async specConsumeBody (node:internal/deps/undici/undici:5399:7)
    at Object.getModelsForMake (C:\Users\tfort\Desktop\Projects\the-pickard\src\lib\nhtsa-vpic-api.ts:78:18)
    at populateModels (C:\Users\tfort\Desktop\Projects\the-pickard\scripts\populate-vehicle-data.ts:175:22)
    at main (C:\Users\tfort\Desktop\Projects\the-pickard\scripts\populate-vehicle-data.ts:353:7)
      Found 0 models
      ✅ Added models for BOZ DESIGNS / TAYLORMADE TRAILERS

   🔍 Fetching models for BOZEMAN TRAILERS...
      Found 1 models
      ✅ Added models for BOZEMAN TRAILERS

   🔍 Fetching models for BQ GRILLS...
      Found 1 models
      ✅ Added models for BQ GRILLS

   🔍 Fetching models for BRAAAP MOTORCYCLES...
      Found 4 models
      ✅ Added models for BRAAAP MOTORCYCLES

   🔍 Fetching models for BRACO TRAILERS...
      Found 1 models
      ✅ Added models for BRACO TRAILERS

   🔍 Fetching models for BRAD'S WELDING SHOP, LLC...
      Found 1 models
      ✅ Added models for BRAD'S WELDING SHOP, LLC

   🔍 Fetching models for BRADANNA...
      Found 1 models
      ✅ Added models for BRADANNA

   🔍 Fetching models for BRADFORD #1...
      Found 1 models
      ✅ Added models for BRADFORD #1

   🔍 Fetching models for BRADFORD BUILT...
      Found 1 models
      ✅ Added models for BRADFORD BUILT

   🔍 Fetching models for BRADLEY...
      Found 1 models
      ✅ Added models for BRADLEY

   🔍 Fetching models for BRADY MFG, LLC...
      Found 1 models
      ✅ Added models for BRADY MFG, LLC

   🔍 Fetching models for BRAHMA...
      Found 1 models
      ✅ Added models for BRAHMA

   🔍 Fetching models for BRAIN UNLIMITED...
      Found 2 models
      ✅ Added models for BRAIN UNLIMITED

   🔍 Fetching models for BRAINARD KILMAN DRILL COMPANY...
      Found 1 models
      ✅ Added models for BRAINARD KILMAN DRILL COMPANY

   🔍 Fetching models for BRAMMO...
      Found 5 models
      ✅ Added models for BRAMMO

   🔍 Fetching models for BRAND M, LLC...
      Found 1 models
      ✅ Added models for BRAND M, LLC

   🔍 Fetching models for BRANDS BUILT...
      Found 1 models
      ✅ Added models for BRANDS BUILT

   🔍 Fetching models for BRANDT...
      Found 1 models
      ✅ Added models for BRANDT

   🔍 Fetching models for BRANDY INDUSTRIES...
      Found 1 models
      ✅ Added models for BRANDY INDUSTRIES

   🔍 Fetching models for BRASS KNUCKLE CHOPPERS...
      Found 1 models
      ✅ Added models for BRASS KNUCKLE CHOPPERS

   🔍 Fetching models for BRAUN...
      Found 3 models
      ✅ Added models for BRAUN

   🔍 Fetching models for BRAUN NORTHWEST...
      Found 1 models
      ✅ Added models for BRAUN NORTHWEST

   🔍 Fetching models for BRAVE...
      Found 1 models
      ✅ Added models for BRAVE

   🔍 Fetching models for BRAVO...
      Found 4 models
      ✅ Added models for BRAVO

   🔍 Fetching models for BRAVO TRAILERS...
      Found 2 models
      ✅ Added models for BRAVO TRAILERS

   🔍 Fetching models for BRAVO TRAILERS INC....
Error fetching models for BRAVO TRAILERS INC. from NHTSA vPIC: SyntaxError: Unexpected token '<', "<!DOCTYPE "... is not valid JSON
    at JSON.parse (<anonymous>)
    at parseJSONFromBytes (node:internal/deps/undici/undici:5419:19)
    at successSteps (node:internal/deps/undici/undici:5390:27)
    at fullyReadBody (node:internal/deps/undici/undici:1501:9)
    at process.processTicksAndRejections (node:internal/process/task_queues:95:5)
    at async specConsumeBody (node:internal/deps/undici/undici:5399:7)
    at Object.getModelsForMake (C:\Users\tfort\Desktop\Projects\the-pickard\src\lib\nhtsa-vpic-api.ts:78:18)
    at populateModels (C:\Users\tfort\Desktop\Projects\the-pickard\scripts\populate-vehicle-data.ts:175:22)
    at main (C:\Users\tfort\Desktop\Projects\the-pickard\scripts\populate-vehicle-data.ts:353:7)
      Found 0 models
      ✅ Added models for BRAVO TRAILERS INC.

   🔍 Fetching models for BRAVO ZULU...
      Found 1 models
      ✅ Added models for BRAVO ZULU

   🔍 Fetching models for BRAXTON CREEK...
      Found 1 models
      ✅ Added models for BRAXTON CREEK

   🔍 Fetching models for BRAXTON TRAILERS...
      Found 1 models
      ✅ Added models for BRAXTON TRAILERS

   🔍 Fetching models for BRAY'S METAL WORKS...
      Found 1 models
      ✅ Added models for BRAY'S METAL WORKS

   🔍 Fetching models for BRAZIER TRAILERS...
      Found 1 models
      ✅ Added models for BRAZIER TRAILERS

   🔍 Fetching models for BRAZOS...
      Found 2 models
      ✅ Added models for BRAZOS

   🔍 Fetching models for BRAZOSIRONWORKS...
      Found 1 models
      ✅ Added models for BRAZOSIRONWORKS

   🔍 Fetching models for BRB...
      Found 1 models
      ✅ Added models for BRB

   🔍 Fetching models for BRC CUSTOM COACHES & TRAILERS...
      Found 1 models
      ✅ Added models for BRC CUSTOM COACHES & TRAILERS

   🔍 Fetching models for BREAK-A-WAY, INC....
Error fetching models for BREAK-A-WAY, INC. from NHTSA vPIC: SyntaxError: Unexpected token '<', "<!DOCTYPE "... is not valid JSON
    at JSON.parse (<anonymous>)
    at parseJSONFromBytes (node:internal/deps/undici/undici:5419:19)
    at successSteps (node:internal/deps/undici/undici:5390:27)
    at fullyReadBody (node:internal/deps/undici/undici:1501:9)
    at process.processTicksAndRejections (node:internal/process/task_queues:95:5)
    at async specConsumeBody (node:internal/deps/undici/undici:5399:7)
    at Object.getModelsForMake (C:\Users\tfort\Desktop\Projects\the-pickard\src\lib\nhtsa-vpic-api.ts:78:18)
    at populateModels (C:\Users\tfort\Desktop\Projects\the-pickard\scripts\populate-vehicle-data.ts:175:22)
    at main (C:\Users\tfort\Desktop\Projects\the-pickard\scripts\populate-vehicle-data.ts:353:7)
      Found 0 models
      ✅ Added models for BREAK-A-WAY, INC.

   🔍 Fetching models for BREAKPOINT OFFROAD...
      Found 1 models
      ✅ Added models for BREAKPOINT OFFROAD

   🔍 Fetching models for BRECKENRIDGE...
      Found 0 models
      ✅ Added models for BRECKENRIDGE

   🔍 Fetching models for BREEDLOVE MOTOR WORKS INC...
      Found 1 models
      ✅ Added models for BREEDLOVE MOTOR WORKS INC

   🔍 Fetching models for BREEZE...
      Found 4 models
      ✅ Added models for BREEZE

   🔍 Fetching models for BREEZY...
      Found 2 models
      ✅ Added models for BREEZY

   🔍 Fetching models for BREEZY EV LLC / SHELBY...
Error fetching models for BREEZY EV LLC / SHELBY from NHTSA vPIC: SyntaxError: Unexpected token '<', "<!DOCTYPE "... is not valid JSON
    at JSON.parse (<anonymous>)
    at parseJSONFromBytes (node:internal/deps/undici/undici:5419:19)
    at successSteps (node:internal/deps/undici/undici:5390:27)
    at fullyReadBody (node:internal/deps/undici/undici:1501:9)
    at process.processTicksAndRejections (node:internal/process/task_queues:95:5)
    at async specConsumeBody (node:internal/deps/undici/undici:5399:7)
    at Object.getModelsForMake (C:\Users\tfort\Desktop\Projects\the-pickard\src\lib\nhtsa-vpic-api.ts:78:18)
    at populateModels (C:\Users\tfort\Desktop\Projects\the-pickard\scripts\populate-vehicle-data.ts:175:22)
    at main (C:\Users\tfort\Desktop\Projects\the-pickard\scripts\populate-vehicle-data.ts:353:7)
      Found 0 models
      ✅ Added models for BREEZY EV LLC / SHELBY

   🔍 Fetching models for BREHMER...
      Found 1 models
      ✅ Added models for BREHMER

   🔍 Fetching models for BREMACH...
      Found 5 models
      ✅ Added models for BREMACH

   🔍 Fetching models for BREMARK...
      Found 7 models
      ✅ Added models for BREMARK

   🔍 Fetching models for BRENDERUP TRAILERS...
      Found 1 models
      ✅ Added models for BRENDERUP TRAILERS

   🔍 Fetching models for BRENNER...
      Found 24 models
      ✅ Added models for BRENNER

   🔍 Fetching models for BRENNER TANK...
      Found 1 models
      ✅ Added models for BRENNER TANK

   🔍 Fetching models for BRENNER/BEALL/LAFAYETTE...
Error fetching models for BRENNER/BEALL/LAFAYETTE from NHTSA vPIC: SyntaxError: Unexpected token '<', "<!DOCTYPE "... is not valid JSON
    at JSON.parse (<anonymous>)
    at parseJSONFromBytes (node:internal/deps/undici/undici:5419:19)
    at successSteps (node:internal/deps/undici/undici:5390:27)
    at fullyReadBody (node:internal/deps/undici/undici:1501:9)
    at process.processTicksAndRejections (node:internal/process/task_queues:95:5)
    at async specConsumeBody (node:internal/deps/undici/undici:5399:7)
    at Object.getModelsForMake (C:\Users\tfort\Desktop\Projects\the-pickard\src\lib\nhtsa-vpic-api.ts:78:18)
    at populateModels (C:\Users\tfort\Desktop\Projects\the-pickard\scripts\populate-vehicle-data.ts:175:22)
    at main (C:\Users\tfort\Desktop\Projects\the-pickard\scripts\populate-vehicle-data.ts:353:7)
      Found 0 models
      ✅ Added models for BRENNER/BEALL/LAFAYETTE

   🔍 Fetching models for BRENON CUSTOM CYCLES...
      Found 1 models
      ✅ Added models for BRENON CUSTOM CYCLES

   🔍 Fetching models for BRENT INDUSTRIES, INC....
Error fetching models for BRENT INDUSTRIES, INC. from NHTSA vPIC: SyntaxError: Unexpected token '<', "<!DOCTYPE "... is not valid JSON
    at JSON.parse (<anonymous>)
    at parseJSONFromBytes (node:internal/deps/undici/undici:5419:19)
    at successSteps (node:internal/deps/undici/undici:5390:27)
    at fullyReadBody (node:internal/deps/undici/undici:1501:9)
    at process.processTicksAndRejections (node:internal/process/task_queues:95:5)
    at async specConsumeBody (node:internal/deps/undici/undici:5399:7)
    at Object.getModelsForMake (C:\Users\tfort\Desktop\Projects\the-pickard\src\lib\nhtsa-vpic-api.ts:78:18)
    at populateModels (C:\Users\tfort\Desktop\Projects\the-pickard\scripts\populate-vehicle-data.ts:175:22)
    at main (C:\Users\tfort\Desktop\Projects\the-pickard\scripts\populate-vehicle-data.ts:353:7)
      Found 0 models
      ✅ Added models for BRENT INDUSTRIES, INC.

   🔍 Fetching models for BRESEE MANUFACTURING...
      Found 1 models
      ✅ Added models for BRESEE MANUFACTURING

   🔍 Fetching models for BREWER AUTOMOTIVE EQUIPMENT...
      Found 1 models
      ✅ Added models for BREWER AUTOMOTIVE EQUIPMENT

   🔍 Fetching models for BREWER COTE SOUTHWEST...
      Found 1 models
      ✅ Added models for BREWER COTE SOUTHWEST

   🔍 Fetching models for BRIAB...
      Found 1 models
      ✅ Added models for BRIAB

   🔍 Fetching models for BRIAN JAMES TRAILERS...
      Found 1 models
      ✅ Added models for BRIAN JAMES TRAILERS

   🔍 Fetching models for BRIANS CHOPPERS...
      Found 1 models
      ✅ Added models for BRIANS CHOPPERS

   🔍 Fetching models for BRIANS WELDING SERVICE...
      Found 1 models
      ✅ Added models for BRIANS WELDING SERVICE

   🔍 Fetching models for BRIDGE CITY CYCLES...
      Found 4 models
      ✅ Added models for BRIDGE CITY CYCLES

   🔍 Fetching models for BRIDGER FABRICATION LLC...
      Found 1 models
      ✅ Added models for BRIDGER FABRICATION LLC

   🔍 Fetching models for BRIDGEWATER STEEL LLC...
      Found 1 models
      ✅ Added models for BRIDGEWATER STEEL LLC

   🔍 Fetching models for BRIGHTDROP...
      Found 1 models
      ✅ Added models for BRIGHTDROP

   🔍 Fetching models for BRILLIANT CREATIVE CAMPERS...
      Found 2 models
      ✅ Added models for BRILLIANT CREATIVE CAMPERS

   🔍 Fetching models for BRIMSTONE CYCLES...
      Found 1 models
      ✅ Added models for BRIMSTONE CYCLES

   🔍 Fetching models for BRINDLE PRODUCTS, INC....
Error fetching models for BRINDLE PRODUCTS, INC. from NHTSA vPIC: SyntaxError: Unexpected token '<', "<!DOCTYPE "... is not valid JSON
    at JSON.parse (<anonymous>)
    at parseJSONFromBytes (node:internal/deps/undici/undici:5419:19)
    at successSteps (node:internal/deps/undici/undici:5390:27)
    at fullyReadBody (node:internal/deps/undici/undici:1501:9)
    at process.processTicksAndRejections (node:internal/process/task_queues:95:5)
    at async specConsumeBody (node:internal/deps/undici/undici:5399:7)
    at Object.getModelsForMake (C:\Users\tfort\Desktop\Projects\the-pickard\src\lib\nhtsa-vpic-api.ts:78:18)
    at populateModels (C:\Users\tfort\Desktop\Projects\the-pickard\scripts\populate-vehicle-data.ts:175:22)
    at main (C:\Users\tfort\Desktop\Projects\the-pickard\scripts\populate-vehicle-data.ts:353:7)
      Found 0 models
      ✅ Added models for BRINDLE PRODUCTS, INC.

   🔍 Fetching models for BRITTON...
      Found 1 models
      ✅ Added models for BRITTON

   🔍 Fetching models for BRM TRAILERS...
      Found 1 models
      ✅ Added models for BRM TRAILERS

   🔍 Fetching models for BROADWAY CHOPPERS...
      Found 1 models
      ✅ Added models for BROADWAY CHOPPERS

   🔍 Fetching models for BROADWIND ENERGY...
      Found 1 models
      ✅ Added models for BROADWIND ENERGY

   🔍 Fetching models for BROCK'S FIELD SERVICE FABRICATION...
      Found 1 models
      ✅ Added models for BROCK'S FIELD SERVICE FABRICATION

   🔍 Fetching models for BROCK'S TRAILERS...
      Found 1 models
      ✅ Added models for BROCK'S TRAILERS

   🔍 Fetching models for BROCKWAY MINI HOMES...
      Found 1 models
      ✅ Added models for BROCKWAY MINI HOMES

   🔍 Fetching models for BROKEN BONZ...
      Found 1 models
      ✅ Added models for BROKEN BONZ

   🔍 Fetching models for BROKEREASIER...
      Found 1 models
      ✅ Added models for BROKEREASIER

   🔍 Fetching models for BRONCO CART...
      Found 1 models
      ✅ Added models for BRONCO CART

   🔍 Fetching models for BRONTON, LLC...
      Found 1 models
      ✅ Added models for BRONTON, LLC

   🔍 Fetching models for BROOKS BROTHERS...
      Found 1 models
      ✅ Added models for BROOKS BROTHERS

   🔍 Fetching models for BROOKS SALES AND ENGINEERING, INC....
Error fetching models for BROOKS SALES AND ENGINEERING, INC. from NHTSA vPIC: SyntaxError: Unexpected token '<', "<!DOCTYPE "... is not valid JSON
    at JSON.parse (<anonymous>)
    at parseJSONFromBytes (node:internal/deps/undici/undici:5419:19)
    at successSteps (node:internal/deps/undici/undici:5390:27)
    at fullyReadBody (node:internal/deps/undici/undici:1501:9)
    at process.processTicksAndRejections (node:internal/process/task_queues:95:5)
    at async specConsumeBody (node:internal/deps/undici/undici:5399:7)
    at Object.getModelsForMake (C:\Users\tfort\Desktop\Projects\the-pickard\src\lib\nhtsa-vpic-api.ts:78:18)
    at populateModels (C:\Users\tfort\Desktop\Projects\the-pickard\scripts\populate-vehicle-data.ts:175:22)
    at main (C:\Users\tfort\Desktop\Projects\the-pickard\scripts\populate-vehicle-data.ts:353:7)
      Found 0 models
      ✅ Added models for BROOKS SALES AND ENGINEERING, INC.

   🔍 Fetching models for BROTHER'S FLEET SERVICE...
      Found 1 models
      ✅ Added models for BROTHER'S FLEET SERVICE

   🔍 Fetching models for BROTHERHOOD CYCLES...
      Found 1 models
      ✅ Added models for BROTHERHOOD CYCLES

   🔍 Fetching models for BROTHERS BODY AND EQUIPMENT...
      Found 1 models
      ✅ Added models for BROTHERS BODY AND EQUIPMENT

   🔍 Fetching models for BROTHERS EQUIPMENT...
      Found 2 models
      ✅ Added models for BROTHERS EQUIPMENT

   🔍 Fetching models for BROTHERS INDUSTRIES INC....
Error fetching models for BROTHERS INDUSTRIES INC. from NHTSA vPIC: SyntaxError: Unexpected token '<', "<!DOCTYPE "... is not valid JSON
    at JSON.parse (<anonymous>)
    at parseJSONFromBytes (node:internal/deps/undici/undici:5419:19)
    at successSteps (node:internal/deps/undici/undici:5390:27)
    at fullyReadBody (node:internal/deps/undici/undici:1501:9)
    at process.processTicksAndRejections (node:internal/process/task_queues:95:5)
    at async specConsumeBody (node:internal/deps/undici/undici:5399:7)
    at Object.getModelsForMake (C:\Users\tfort\Desktop\Projects\the-pickard\src\lib\nhtsa-vpic-api.ts:78:18)
    at populateModels (C:\Users\tfort\Desktop\Projects\the-pickard\scripts\populate-vehicle-data.ts:175:22)
    at main (C:\Users\tfort\Desktop\Projects\the-pickard\scripts\populate-vehicle-data.ts:353:7)
      Found 0 models
      ✅ Added models for BROTHERS INDUSTRIES INC.

   🔍 Fetching models for BROUGHAM BRIDGER...
      Found 1 models
      ✅ Added models for BROUGHAM BRIDGER

   🔍 Fetching models for BROWER EQUIPMENT SALES...
      Found 1 models
      ✅ Added models for BROWER EQUIPMENT SALES

   🔍 Fetching models for BROWN & HUBERT CONTRACTING LLC...
      Found 1 models
      ✅ Added models for BROWN & HUBERT CONTRACTING LLC

   🔍 Fetching models for BROWN & REESE ENTERPRISES, INC....
Error fetching models for BROWN & REESE ENTERPRISES, INC. from NHTSA vPIC: SyntaxError: Unexpected token '<', "<!DOCTYPE "... is not valid JSON
    at JSON.parse (<anonymous>)
    at parseJSONFromBytes (node:internal/deps/undici/undici:5419:19)
    at successSteps (node:internal/deps/undici/undici:5390:27)
    at fullyReadBody (node:internal/deps/undici/undici:1501:9)
    at process.processTicksAndRejections (node:internal/process/task_queues:95:5)
    at async specConsumeBody (node:internal/deps/undici/undici:5399:7)
    at Object.getModelsForMake (C:\Users\tfort\Desktop\Projects\the-pickard\src\lib\nhtsa-vpic-api.ts:78:18)
    at populateModels (C:\Users\tfort\Desktop\Projects\the-pickard\scripts\populate-vehicle-data.ts:175:22)
    at main (C:\Users\tfort\Desktop\Projects\the-pickard\scripts\populate-vehicle-data.ts:353:7)
      Found 0 models
      ✅ Added models for BROWN & REESE ENTERPRISES, INC.

   🔍 Fetching models for BROWN EQUIPMENT COMPANY...
      Found 0 models
      ✅ Added models for BROWN EQUIPMENT COMPANY

   🔍 Fetching models for BROWN INDUSTRIES...
      Found 1 models
      ✅ Added models for BROWN INDUSTRIES

   🔍 Fetching models for BROWN MANUFACTURING...
      Found 1 models
      ✅ Added models for BROWN MANUFACTURING

   🔍 Fetching models for BROWN'S WELDING AND STEEL INC. DBA NORTH FORCE MFG....
Error fetching models for BROWN'S WELDING AND STEEL INC. DBA NORTH FORCE MFG. from NHTSA vPIC: SyntaxError: Unexpected token '<', "<!DOCTYPE "... is not valid JSON
    at JSON.parse (<anonymous>)
    at parseJSONFromBytes (node:internal/deps/undici/undici:5419:19)
    at successSteps (node:internal/deps/undici/undici:5390:27)
    at fullyReadBody (node:internal/deps/undici/undici:1501:9)
    at process.processTicksAndRejections (node:internal/process/task_queues:95:5)
    at async specConsumeBody (node:internal/deps/undici/undici:5399:7)
    at Object.getModelsForMake (C:\Users\tfort\Desktop\Projects\the-pickard\src\lib\nhtsa-vpic-api.ts:78:18)
    at populateModels (C:\Users\tfort\Desktop\Projects\the-pickard\scripts\populate-vehicle-data.ts:175:22)
    at main (C:\Users\tfort\Desktop\Projects\the-pickard\scripts\populate-vehicle-data.ts:353:7)
      Found 0 models
      ✅ Added models for BROWN'S WELDING AND STEEL INC. DBA NORTH FORCE MFG.

   🔍 Fetching models for BROWNELL BOAT TRAILERS, INC....
Error fetching models for BROWNELL BOAT TRAILERS, INC. from NHTSA vPIC: SyntaxError: Unexpected token '<', "<!DOCTYPE "... is not valid JSON
    at JSON.parse (<anonymous>)
    at parseJSONFromBytes (node:internal/deps/undici/undici:5419:19)
    at successSteps (node:internal/deps/undici/undici:5390:27)
    at fullyReadBody (node:internal/deps/undici/undici:1501:9)
    at process.processTicksAndRejections (node:internal/process/task_queues:95:5)
    at async specConsumeBody (node:internal/deps/undici/undici:5399:7)
    at Object.getModelsForMake (C:\Users\tfort\Desktop\Projects\the-pickard\src\lib\nhtsa-vpic-api.ts:78:18)
    at populateModels (C:\Users\tfort\Desktop\Projects\the-pickard\scripts\populate-vehicle-data.ts:175:22)
    at main (C:\Users\tfort\Desktop\Projects\the-pickard\scripts\populate-vehicle-data.ts:353:7)
      Found 0 models
      ✅ Added models for BROWNELL BOAT TRAILERS, INC.

   🔍 Fetching models for BROWNELL HYDRAULIC TRAILERS INC...
      Found 1 models
      ✅ Added models for BROWNELL HYDRAULIC TRAILERS INC

   🔍 Fetching models for BROYHILL...
      Found 1 models
      ✅ Added models for BROYHILL

   🔍 Fetching models for BRP...
      Found 3 models
      ✅ Added models for BRP

   🔍 Fetching models for BRS OFFROAD...
      Found 1 models
      ✅ Added models for BRS OFFROAD

   🔍 Fetching models for BRUDER EXPEDITION...
      Found 1 models
      ✅ Added models for BRUDER EXPEDITION

   🔍 Fetching models for BRUDER TRAILERS...
      Found 1 models
      ✅ Added models for BRUDER TRAILERS

   🔍 Fetching models for BRUMBY IRON HORSE CYCLES...
      Found 1 models
      ✅ Added models for BRUMBY IRON HORSE CYCLES

   🔍 Fetching models for BRUMLEY MANUFACTURING...
      Found 1 models
      ✅ Added models for BRUMLEY MANUFACTURING

   🔍 Fetching models for BRUMLEY'S WELDING...
      Found 1 models
      ✅ Added models for BRUMLEY'S WELDING

   🔍 Fetching models for BRUNNER'S FABRICATION, INC....
Error fetching models for BRUNNER'S FABRICATION, INC. from NHTSA vPIC: SyntaxError: Unexpected token '<', "<!DOCTYPE "... is not valid JSON
    at JSON.parse (<anonymous>)
    at parseJSONFromBytes (node:internal/deps/undici/undici:5419:19)
    at successSteps (node:internal/deps/undici/undici:5390:27)
    at fullyReadBody (node:internal/deps/undici/undici:1501:9)
    at process.processTicksAndRejections (node:internal/process/task_queues:95:5)
    at async specConsumeBody (node:internal/deps/undici/undici:5399:7)
    at Object.getModelsForMake (C:\Users\tfort\Desktop\Projects\the-pickard\src\lib\nhtsa-vpic-api.ts:78:18)
    at populateModels (C:\Users\tfort\Desktop\Projects\the-pickard\scripts\populate-vehicle-data.ts:175:22)
    at main (C:\Users\tfort\Desktop\Projects\the-pickard\scripts\populate-vehicle-data.ts:353:7)
      Found 0 models
      ✅ Added models for BRUNNER'S FABRICATION, INC.

   🔍 Fetching models for BRUNO INDEPENDENT LIVING AIDS...
      Found 1 models
      ✅ Added models for BRUNO INDEPENDENT LIVING AIDS

   🔍 Fetching models for BRUNO TRAILER CO....
Error fetching models for BRUNO TRAILER CO. from NHTSA vPIC: SyntaxError: Unexpected token '<', "<!DOCTYPE "... is not valid JSON
    at JSON.parse (<anonymous>)
    at parseJSONFromBytes (node:internal/deps/undici/undici:5419:19)
    at successSteps (node:internal/deps/undici/undici:5390:27)
    at fullyReadBody (node:internal/deps/undici/undici:1501:9)
    at process.processTicksAndRejections (node:internal/process/task_queues:95:5)
    at async specConsumeBody (node:internal/deps/undici/undici:5399:7)
    at Object.getModelsForMake (C:\Users\tfort\Desktop\Projects\the-pickard\src\lib\nhtsa-vpic-api.ts:78:18)
    at populateModels (C:\Users\tfort\Desktop\Projects\the-pickard\scripts\populate-vehicle-data.ts:175:22)
    at main (C:\Users\tfort\Desktop\Projects\the-pickard\scripts\populate-vehicle-data.ts:353:7)
      Found 0 models
      ✅ Added models for BRUNO TRAILER CO.

   🔍 Fetching models for BRUNSWICK TRAILERS PLUS AND MARINE INC....
Error fetching models for BRUNSWICK TRAILERS PLUS AND MARINE INC. from NHTSA vPIC: SyntaxError: Unexpected token '<', "<!DOCTYPE "... is not valid JSON
    at JSON.parse (<anonymous>)
    at parseJSONFromBytes (node:internal/deps/undici/undici:5419:19)
    at successSteps (node:internal/deps/undici/undici:5390:27)
    at fullyReadBody (node:internal/deps/undici/undici:1501:9)
    at process.processTicksAndRejections (node:internal/process/task_queues:95:5)
    at async specConsumeBody (node:internal/deps/undici/undici:5399:7)
    at Object.getModelsForMake (C:\Users\tfort\Desktop\Projects\the-pickard\src\lib\nhtsa-vpic-api.ts:78:18)
    at populateModels (C:\Users\tfort\Desktop\Projects\the-pickard\scripts\populate-vehicle-data.ts:175:22)
    at main (C:\Users\tfort\Desktop\Projects\the-pickard\scripts\populate-vehicle-data.ts:353:7)
      Found 0 models
      ✅ Added models for BRUNSWICK TRAILERS PLUS AND MARINE INC.

   🔍 Fetching models for BRUTE ENGINEERING COMPANY, INC....
Error fetching models for BRUTE ENGINEERING COMPANY, INC. from NHTSA vPIC: SyntaxError: Unexpected token '<', "<!DOCTYPE "... is not valid JSON
    at JSON.parse (<anonymous>)
    at parseJSONFromBytes (node:internal/deps/undici/undici:5419:19)
    at successSteps (node:internal/deps/undici/undici:5390:27)
    at fullyReadBody (node:internal/deps/undici/undici:1501:9)
    at process.processTicksAndRejections (node:internal/process/task_queues:95:5)
    at async specConsumeBody (node:internal/deps/undici/undici:5399:7)
    at Object.getModelsForMake (C:\Users\tfort\Desktop\Projects\the-pickard\src\lib\nhtsa-vpic-api.ts:78:18)
    at populateModels (C:\Users\tfort\Desktop\Projects\the-pickard\scripts\populate-vehicle-data.ts:175:22)
    at main (C:\Users\tfort\Desktop\Projects\the-pickard\scripts\populate-vehicle-data.ts:353:7)
      Found 0 models
      ✅ Added models for BRUTE ENGINEERING COMPANY, INC.

   🔍 Fetching models for BRUTON MANUFACTURING...
      Found 1 models
      ✅ Added models for BRUTON MANUFACTURING

   🔍 Fetching models for BRUTUS...
      Found 2 models
      ✅ Added models for BRUTUS

   🔍 Fetching models for BRYAN POAGE INC....
Error fetching models for BRYAN POAGE INC. from NHTSA vPIC: SyntaxError: Unexpected token '<', "<!DOCTYPE "... is not valid JSON
    at JSON.parse (<anonymous>)
    at parseJSONFromBytes (node:internal/deps/undici/undici:5419:19)
    at successSteps (node:internal/deps/undici/undici:5390:27)
    at fullyReadBody (node:internal/deps/undici/undici:1501:9)
    at process.processTicksAndRejections (node:internal/process/task_queues:95:5)
    at async specConsumeBody (node:internal/deps/undici/undici:5399:7)
    at Object.getModelsForMake (C:\Users\tfort\Desktop\Projects\the-pickard\src\lib\nhtsa-vpic-api.ts:78:18)
    at populateModels (C:\Users\tfort\Desktop\Projects\the-pickard\scripts\populate-vehicle-data.ts:175:22)
    at main (C:\Users\tfort\Desktop\Projects\the-pickard\scripts\populate-vehicle-data.ts:353:7)
      Found 0 models
      ✅ Added models for BRYAN POAGE INC.

   🔍 Fetching models for BRYANT ENTERPRISES, INC....
Error fetching models for BRYANT ENTERPRISES, INC. from NHTSA vPIC: SyntaxError: Unexpected token '<', "<!DOCTYPE "... is not valid JSON
    at JSON.parse (<anonymous>)
    at parseJSONFromBytes (node:internal/deps/undici/undici:5419:19)
    at successSteps (node:internal/deps/undici/undici:5390:27)
    at fullyReadBody (node:internal/deps/undici/undici:1501:9)
    at process.processTicksAndRejections (node:internal/process/task_queues:95:5)
    at async specConsumeBody (node:internal/deps/undici/undici:5399:7)
    at Object.getModelsForMake (C:\Users\tfort\Desktop\Projects\the-pickard\src\lib\nhtsa-vpic-api.ts:78:18)
    at populateModels (C:\Users\tfort\Desktop\Projects\the-pickard\scripts\populate-vehicle-data.ts:175:22)
    at main (C:\Users\tfort\Desktop\Projects\the-pickard\scripts\populate-vehicle-data.ts:353:7)
      Found 0 models
      ✅ Added models for BRYANT ENTERPRISES, INC.

   🔍 Fetching models for BRYANT TRAILERS...
      Found 1 models
      ✅ Added models for BRYANT TRAILERS

   🔍 Fetching models for BRYANT'S TRAILERS, INC...
      Found 1 models
      ✅ Added models for BRYANT'S TRAILERS, INC

   🔍 Fetching models for BRYLAMON...
      Found 1 models
      ✅ Added models for BRYLAMON

   🔍 Fetching models for BSC MOTORSPORTS...
      Found 1 models
      ✅ Added models for BSC MOTORSPORTS

   🔍 Fetching models for BT...
      Found 40 models
      ✅ Added models for BT

   🔍 Fetching models for BT TRAILERS LLC...
      Found 1 models
      ✅ Added models for BT TRAILERS LLC

   🔍 Fetching models for BT&T...
      Found 1 models
      ✅ Added models for BT&T

   🔍 Fetching models for BTL...
      Found 20 models
      ✅ Added models for BTL

   🔍 Fetching models for BTM...
      Found 1 models
      ✅ Added models for BTM

   🔍 Fetching models for BTR...
      Found 1 models
      ✅ Added models for BTR

   🔍 Fetching models for BUBBLE BUDDY...
      Found 1 models
      ✅ Added models for BUBBLE BUDDY

   🔍 Fetching models for BUCHANAN WELDING...
      Found 1 models
      ✅ Added models for BUCHANAN WELDING

   🔍 Fetching models for BUCK...
      Found 14 models
      ✅ Added models for BUCK

   🔍 Fetching models for BUCK DANDY...
      Found 1 models
      ✅ Added models for BUCK DANDY

   🔍 Fetching models for BUCKBILT TRAILERS, INC....
Error fetching models for BUCKBILT TRAILERS, INC. from NHTSA vPIC: SyntaxError: Unexpected token '<', "<!DOCTYPE "... is not valid JSON
    at JSON.parse (<anonymous>)
    at parseJSONFromBytes (node:internal/deps/undici/undici:5419:19)
    at successSteps (node:internal/deps/undici/undici:5390:27)
    at fullyReadBody (node:internal/deps/undici/undici:1501:9)
    at process.processTicksAndRejections (node:internal/process/task_queues:95:5)
    at async specConsumeBody (node:internal/deps/undici/undici:5399:7)
    at Object.getModelsForMake (C:\Users\tfort\Desktop\Projects\the-pickard\src\lib\nhtsa-vpic-api.ts:78:18)
    at populateModels (C:\Users\tfort\Desktop\Projects\the-pickard\scripts\populate-vehicle-data.ts:175:22)
    at main (C:\Users\tfort\Desktop\Projects\the-pickard\scripts\populate-vehicle-data.ts:353:7)
      Found 0 models
      ✅ Added models for BUCKBILT TRAILERS, INC.

   🔍 Fetching models for BUCKEYE...
      Found 5 models
      ✅ Added models for BUCKEYE

   🔍 Fetching models for BUCKEYE CARRIAGE...
      Found 1 models
      ✅ Added models for BUCKEYE CARRIAGE

   🔍 Fetching models for BUCKEYE FIRE...
      Found 1 models
      ✅ Added models for BUCKEYE FIRE

   🔍 Fetching models for BUCKEYE TRAILER MFG. CO....
Error fetching models for BUCKEYE TRAILER MFG. CO. from NHTSA vPIC: SyntaxError: Unexpected token '<', "<!DOCTYPE "... is not valid JSON
    at JSON.parse (<anonymous>)
    at parseJSONFromBytes (node:internal/deps/undici/undici:5419:19)
    at successSteps (node:internal/deps/undici/undici:5390:27)
    at fullyReadBody (node:internal/deps/undici/undici:1501:9)
    at process.processTicksAndRejections (node:internal/process/task_queues:95:5)
    at async specConsumeBody (node:internal/deps/undici/undici:5399:7)
    at Object.getModelsForMake (C:\Users\tfort\Desktop\Projects\the-pickard\src\lib\nhtsa-vpic-api.ts:78:18)
    at populateModels (C:\Users\tfort\Desktop\Projects\the-pickard\scripts\populate-vehicle-data.ts:175:22)
    at main (C:\Users\tfort\Desktop\Projects\the-pickard\scripts\populate-vehicle-data.ts:353:7)
      Found 0 models
      ✅ Added models for BUCKEYE TRAILER MFG. CO.

   🔍 Fetching models for BUCKEYE TRUCK EQUIPMENT INC....
Error fetching models for BUCKEYE TRUCK EQUIPMENT INC. from NHTSA vPIC: SyntaxError: Unexpected token '<', "<!DOCTYPE "... is not valid JSON
    at JSON.parse (<anonymous>)
    at parseJSONFromBytes (node:internal/deps/undici/undici:5419:19)
    at successSteps (node:internal/deps/undici/undici:5390:27)
    at fullyReadBody (node:internal/deps/undici/undici:1501:9)
    at process.processTicksAndRejections (node:internal/process/task_queues:95:5)
    at async specConsumeBody (node:internal/deps/undici/undici:5399:7)
    at Object.getModelsForMake (C:\Users\tfort\Desktop\Projects\the-pickard\src\lib\nhtsa-vpic-api.ts:78:18)
    at populateModels (C:\Users\tfort\Desktop\Projects\the-pickard\scripts\populate-vehicle-data.ts:175:22)
    at main (C:\Users\tfort\Desktop\Projects\the-pickard\scripts\populate-vehicle-data.ts:353:7)
      Found 0 models
      ✅ Added models for BUCKEYE TRUCK EQUIPMENT INC.

   🔍 Fetching models for BUCKNER TRAILERS...
      Found 1 models
      ✅ Added models for BUCKNER TRAILERS

   🔍 Fetching models for BUCKSHOT MFG...
      Found 1 models
      ✅ Added models for BUCKSHOT MFG

   🔍 Fetching models for BUCKSTOP TRUCKWARE, INC...
      Found 1 models
      ✅ Added models for BUCKSTOP TRUCKWARE, INC

   🔍 Fetching models for BUCKWILD...
      Found 1 models
      ✅ Added models for BUCKWILD

   🔍 Fetching models for BUD ANTLE INC...
      Found 1 models
      ✅ Added models for BUD ANTLE INC

   🔍 Fetching models for BUELL...
      Found 38 models
      ✅ Added models for BUELL

   🔍 Fetching models for BUELL (EBR)...
      Found 9 models
      ✅ Added models for BUELL (EBR)

   🔍 Fetching models for BUFFALO CHOPPERS...
      Found 1 models
      ✅ Added models for BUFFALO CHOPPERS

   🔍 Fetching models for BUFFALO TRAILER MANUFACTURING...
      Found 1 models
      ✅ Added models for BUFFALO TRAILER MANUFACTURING

   🔍 Fetching models for BUFFALO TRUCK EQUIPERS, INC...
      Found 1 models
      ✅ Added models for BUFFALO TRUCK EQUIPERS, INC

   🔍 Fetching models for BUG MOTORS...
      Found 1 models
      ✅ Added models for BUG MOTORS

   🔍 Fetching models for BUGATTI...
      Found 6 models
      ✅ Added models for BUGATTI

   🔍 Fetching models for BUICK...
      Found 27 models
      ✅ Added models for BUICK

   🔍 Fetching models for BUILD 2020...
      Found 1 models
      ✅ Added models for BUILD 2020

   🔍 Fetching models for BUILT BY KOCH...
      Found 1 models
      ✅ Added models for BUILT BY KOCH

   🔍 Fetching models for BUILT RIGHT...
      Found 1 models
      ✅ Added models for BUILT RIGHT

   🔍 Fetching models for BUILT RITE...
      Found 3 models
      ✅ Added models for BUILT RITE

   🔍 Fetching models for BUILT RITE COOKERS LLC...
      Found 1 models
      ✅ Added models for BUILT RITE COOKERS LLC

   🔍 Fetching models for BUILT RITE TRAILERS OF NEBRASKA, INC...
      Found 1 models
      ✅ Added models for BUILT RITE TRAILERS OF NEBRASKA, INC

   🔍 Fetching models for BUILT WRIGHT, LLC...
      Found 1 models
      ✅ Added models for BUILT WRIGHT, LLC

   🔍 Fetching models for BUILT-RITE...
      Found 4 models
      ✅ Added models for BUILT-RITE

   🔍 Fetching models for BUILT-RITE FORESTRY EQUIPMENT LLC...
      Found 1 models
      ✅ Added models for BUILT-RITE FORESTRY EQUIPMENT LLC

   🔍 Fetching models for BUILT-RITE TRAILER...
      Found 2 models
      ✅ Added models for BUILT-RITE TRAILER

   🔍 Fetching models for BUILT-RITE TRAILERS, INC...
      Found 1 models
      ✅ Added models for BUILT-RITE TRAILERS, INC

   🔍 Fetching models for BUILTT...
      Found 2 models
      ✅ Added models for BUILTT

   🔍 Fetching models for BUILTTRAILERS...
      Found 1 models
      ✅ Added models for BUILTTRAILERS

   🔍 Fetching models for BUILTWARE...
      Found 1 models
      ✅ Added models for BUILTWARE

   🔍 Fetching models for BUILTWRIGHT FABRICATIONS & CON....
Error fetching models for BUILTWRIGHT FABRICATIONS & CON. from NHTSA vPIC: SyntaxError: Unexpected token '<', "<!DOCTYPE "... is not valid JSON
    at JSON.parse (<anonymous>)
    at parseJSONFromBytes (node:internal/deps/undici/undici:5419:19)
    at successSteps (node:internal/deps/undici/undici:5390:27)
    at fullyReadBody (node:internal/deps/undici/undici:1501:9)
    at process.processTicksAndRejections (node:internal/process/task_queues:95:5)
    at async specConsumeBody (node:internal/deps/undici/undici:5399:7)
    at Object.getModelsForMake (C:\Users\tfort\Desktop\Projects\the-pickard\src\lib\nhtsa-vpic-api.ts:78:18)
    at populateModels (C:\Users\tfort\Desktop\Projects\the-pickard\scripts\populate-vehicle-data.ts:175:22)
    at main (C:\Users\tfort\Desktop\Projects\the-pickard\scripts\populate-vehicle-data.ts:353:7)
      Found 0 models
      ✅ Added models for BUILTWRIGHT FABRICATIONS & CON.

   🔍 Fetching models for BULK...
      Found 18 models
      ✅ Added models for BULK

   🔍 Fetching models for BULK FABRICATED PRODUCTS...
      Found 1 models
      ✅ Added models for BULK FABRICATED PRODUCTS

   🔍 Fetching models for BULK TANK INTERNATIONAL...
      Found 1 models
      ✅ Added models for BULK TANK INTERNATIONAL

   🔍 Fetching models for BULK TEK MANUFACTURING...
      Found 1 models
      ✅ Added models for BULK TEK MANUFACTURING

   🔍 Fetching models for BULL CHASSIS...
      Found 1 models
      ✅ Added models for BULL CHASSIS

   🔍 Fetching models for BULL CREEK...
      Found 1 models
      ✅ Added models for BULL CREEK

   🔍 Fetching models for BULL CYCLES...
      Found 3 models
      ✅ Added models for BULL CYCLES

   🔍 Fetching models for BULL DAWG TRAILER...
      Found 1 models
      ✅ Added models for BULL DAWG TRAILER

   🔍 Fetching models for BULL HEAD TRAILERS...
      Found 1 models
      ✅ Added models for BULL HEAD TRAILERS

   🔍 Fetching models for BULL MANUFACTURING LLC...
      Found 1 models
      ✅ Added models for BULL MANUFACTURING LLC

   🔍 Fetching models for BULL STOUT MANUFACTURING...
      Found 1 models
      ✅ Added models for BULL STOUT MANUFACTURING

   🔍 Fetching models for BULL-DAWG TRAILERS...
      Found 1 models
      ✅ Added models for BULL-DAWG TRAILERS

   🔍 Fetching models for BULLDOG...
      Found 9 models
      ✅ Added models for BULLDOG

   🔍 Fetching models for BULLDOG CARTS...
      Found 4 models
      ✅ Added models for BULLDOG CARTS

   🔍 Fetching models for BULLDOG STEEL FABRICATION LLC...
      Found 1 models
      ✅ Added models for BULLDOG STEEL FABRICATION LLC

   🔍 Fetching models for BULLDOG TRAILERS...
      Found 2 models
      ✅ Added models for BULLDOG TRAILERS

   🔍 Fetching models for BULLDOG TRAILERS INC....
Error fetching models for BULLDOG TRAILERS INC. from NHTSA vPIC: SyntaxError: Unexpected token '<', "<!DOCTYPE "... is not valid JSON
    at JSON.parse (<anonymous>)
    at parseJSONFromBytes (node:internal/deps/undici/undici:5419:19)
    at successSteps (node:internal/deps/undici/undici:5390:27)
    at fullyReadBody (node:internal/deps/undici/undici:1501:9)
    at process.processTicksAndRejections (node:internal/process/task_queues:95:5)
    at async specConsumeBody (node:internal/deps/undici/undici:5399:7)
    at Object.getModelsForMake (C:\Users\tfort\Desktop\Projects\the-pickard\src\lib\nhtsa-vpic-api.ts:78:18)
    at populateModels (C:\Users\tfort\Desktop\Projects\the-pickard\scripts\populate-vehicle-data.ts:175:22)
    at main (C:\Users\tfort\Desktop\Projects\the-pickard\scripts\populate-vehicle-data.ts:353:7)
      Found 0 models
      ✅ Added models for BULLDOG TRAILERS INC.

   🔍 Fetching models for BULLDOG TRAILERWORKS...
      Found 1 models
      ✅ Added models for BULLDOG TRAILERWORKS

   🔍 Fetching models for BULLET...
      Found 5 models
      ✅ Added models for BULLET

   🔍 Fetching models for BULLETPROOF TRAILERS...
      Found 1 models
      ✅ Added models for BULLETPROOF TRAILERS

   🔍 Fetching models for BULLHEAD STEEL FABRICATORS, LLC...
      Found 1 models
      ✅ Added models for BULLHEAD STEEL FABRICATORS, LLC

   🔍 Fetching models for BULLMOBILE TRAILERS INC...
      Found 1 models
      ✅ Added models for BULLMOBILE TRAILERS INC

   🔍 Fetching models for BULLSTON...
      Found 1 models
      ✅ Added models for BULLSTON

   🔍 Fetching models for BULLY BRAND TRAILERS...
      Found 1 models
      ✅ Added models for BULLY BRAND TRAILERS

   🔍 Fetching models for BUMPER BAR PRODUCTS...
      Found 1 models
      ✅ Added models for BUMPER BAR PRODUCTS

   🔍 Fetching models for BUNDIT...
      Found 1 models
      ✅ Added models for BUNDIT

   🔍 Fetching models for BUNKHOUSES...
      Found 1 models
      ✅ Added models for BUNKHOUSES

   🔍 Fetching models for BUONOCO MFR....
Error fetching models for BUONOCO MFR. from NHTSA vPIC: SyntaxError: Unexpected token '<', "<!DOCTYPE "... is not valid JSON
    at JSON.parse (<anonymous>)
    at parseJSONFromBytes (node:internal/deps/undici/undici:5419:19)
    at successSteps (node:internal/deps/undici/undici:5390:27)
    at fullyReadBody (node:internal/deps/undici/undici:1501:9)
    at process.processTicksAndRejections (node:internal/process/task_queues:95:5)
    at async specConsumeBody (node:internal/deps/undici/undici:5399:7)
    at Object.getModelsForMake (C:\Users\tfort\Desktop\Projects\the-pickard\src\lib\nhtsa-vpic-api.ts:78:18)
    at populateModels (C:\Users\tfort\Desktop\Projects\the-pickard\scripts\populate-vehicle-data.ts:175:22)
    at main (C:\Users\tfort\Desktop\Projects\the-pickard\scripts\populate-vehicle-data.ts:353:7)
      Found 0 models
      ✅ Added models for BUONOCO MFR.

   🔍 Fetching models for BURCH BODY WORKS, INC....
Error fetching models for BURCH BODY WORKS, INC. from NHTSA vPIC: SyntaxError: Unexpected token '<', "<!DOCTYPE "... is not valid JSON
    at JSON.parse (<anonymous>)
    at parseJSONFromBytes (node:internal/deps/undici/undici:5419:19)
    at successSteps (node:internal/deps/undici/undici:5390:27)
    at fullyReadBody (node:internal/deps/undici/undici:1501:9)
    at process.processTicksAndRejections (node:internal/process/task_queues:95:5)
    at async specConsumeBody (node:internal/deps/undici/undici:5399:7)
    at Object.getModelsForMake (C:\Users\tfort\Desktop\Projects\the-pickard\src\lib\nhtsa-vpic-api.ts:78:18)
    at populateModels (C:\Users\tfort\Desktop\Projects\the-pickard\scripts\populate-vehicle-data.ts:175:22)
    at main (C:\Users\tfort\Desktop\Projects\the-pickard\scripts\populate-vehicle-data.ts:353:7)
      Found 0 models
      ✅ Added models for BURCH BODY WORKS, INC.

   🔍 Fetching models for BURCH TANK & TRUCK...
      Found 1 models
      ✅ Added models for BURCH TANK & TRUCK

   🔍 Fetching models for BURCH WELDING & TANK...
      Found 0 models
      ✅ Added models for BURCH WELDING & TANK

   🔍 Fetching models for BURCHLAND MFG....
Error fetching models for BURCHLAND MFG. from NHTSA vPIC: SyntaxError: Unexpected token '<', "<!DOCTYPE "... is not valid JSON
    at JSON.parse (<anonymous>)
    at parseJSONFromBytes (node:internal/deps/undici/undici:5419:19)
    at successSteps (node:internal/deps/undici/undici:5390:27)
    at fullyReadBody (node:internal/deps/undici/undici:1501:9)
    at process.processTicksAndRejections (node:internal/process/task_queues:95:5)
    at async specConsumeBody (node:internal/deps/undici/undici:5399:7)
    at Object.getModelsForMake (C:\Users\tfort\Desktop\Projects\the-pickard\src\lib\nhtsa-vpic-api.ts:78:18)
    at populateModels (C:\Users\tfort\Desktop\Projects\the-pickard\scripts\populate-vehicle-data.ts:175:22)
    at main (C:\Users\tfort\Desktop\Projects\the-pickard\scripts\populate-vehicle-data.ts:353:7)
      Found 0 models
      ✅ Added models for BURCHLAND MFG.

   🔍 Fetching models for BURDICK BROS. MACHINE & REPAIR...
Error fetching models for BURDICK BROS. MACHINE & REPAIR from NHTSA vPIC: SyntaxError: Unexpected token '<', "<!DOCTYPE "... is not valid JSON
    at JSON.parse (<anonymous>)
    at parseJSONFromBytes (node:internal/deps/undici/undici:5419:19)
    at successSteps (node:internal/deps/undici/undici:5390:27)
    at fullyReadBody (node:internal/deps/undici/undici:1501:9)
    at process.processTicksAndRejections (node:internal/process/task_queues:95:5)
    at async specConsumeBody (node:internal/deps/undici/undici:5399:7)
    at Object.getModelsForMake (C:\Users\tfort\Desktop\Projects\the-pickard\src\lib\nhtsa-vpic-api.ts:78:18)
    at populateModels (C:\Users\tfort\Desktop\Projects\the-pickard\scripts\populate-vehicle-data.ts:175:22)
    at main (C:\Users\tfort\Desktop\Projects\the-pickard\scripts\populate-vehicle-data.ts:353:7)
      Found 0 models
      ✅ Added models for BURDICK BROS. MACHINE & REPAIR

   🔍 Fetching models for BURK'S BEST MFG LLC...
      Found 1 models
      ✅ Added models for BURK'S BEST MFG LLC

   🔍 Fetching models for BURKE ENTERPRISES...
      Found 1 models
      ✅ Added models for BURKE ENTERPRISES

   🔍 Fetching models for BURKE'S WELDING...
      Found 1 models
      ✅ Added models for BURKE'S WELDING

   🔍 Fetching models for BURKETT'S AUTORAMA...
      Found 1 models
      ✅ Added models for BURKETT'S AUTORAMA

   🔍 Fetching models for BURLINGAME INDUSTRIES, INC....
Error fetching models for BURLINGAME INDUSTRIES, INC. from NHTSA vPIC: SyntaxError: Unexpected token '<', "<!DOCTYPE "... is not valid JSON
    at JSON.parse (<anonymous>)
    at parseJSONFromBytes (node:internal/deps/undici/undici:5419:19)
    at successSteps (node:internal/deps/undici/undici:5390:27)
    at fullyReadBody (node:internal/deps/undici/undici:1501:9)
    at process.processTicksAndRejections (node:internal/process/task_queues:95:5)
    at async specConsumeBody (node:internal/deps/undici/undici:5399:7)
    at Object.getModelsForMake (C:\Users\tfort\Desktop\Projects\the-pickard\src\lib\nhtsa-vpic-api.ts:78:18)
    at populateModels (C:\Users\tfort\Desktop\Projects\the-pickard\scripts\populate-vehicle-data.ts:175:22)
    at main (C:\Users\tfort\Desktop\Projects\the-pickard\scripts\populate-vehicle-data.ts:353:7)
      Found 0 models
      ✅ Added models for BURLINGAME INDUSTRIES, INC.

   🔍 Fetching models for BURNS MFG....
Error fetching models for BURNS MFG. from NHTSA vPIC: SyntaxError: Unexpected token '<', "<!DOCTYPE "... is not valid JSON
    at JSON.parse (<anonymous>)
    at parseJSONFromBytes (node:internal/deps/undici/undici:5419:19)
    at successSteps (node:internal/deps/undici/undici:5390:27)
    at fullyReadBody (node:internal/deps/undici/undici:1501:9)
    at process.processTicksAndRejections (node:internal/process/task_queues:95:5)
    at async specConsumeBody (node:internal/deps/undici/undici:5399:7)
    at Object.getModelsForMake (C:\Users\tfort\Desktop\Projects\the-pickard\src\lib\nhtsa-vpic-api.ts:78:18)
    at populateModels (C:\Users\tfort\Desktop\Projects\the-pickard\scripts\populate-vehicle-data.ts:175:22)
    at main (C:\Users\tfort\Desktop\Projects\the-pickard\scripts\populate-vehicle-data.ts:353:7)
      Found 0 models
      ✅ Added models for BURNS MFG.

   🔍 Fetching models for BURRELL ENTERPRISES...
      Found 1 models
      ✅ Added models for BURRELL ENTERPRISES

   🔍 Fetching models for BURRO TRAVEL TRAILERS, LLC...
      Found 1 models
      ✅ Added models for BURRO TRAVEL TRAILERS, LLC

   🔍 Fetching models for BURTEK INCORPORATED...
      Found 1 models
      ✅ Added models for BURTEK INCORPORATED

   🔍 Fetching models for BUSBY INTERNATIONAL, INC....
Error fetching models for BUSBY INTERNATIONAL, INC. from NHTSA vPIC: SyntaxError: Unexpected token '<', "<!DOCTYPE "... is not valid JSON
    at JSON.parse (<anonymous>)
    at parseJSONFromBytes (node:internal/deps/undici/undici:5419:19)
    at successSteps (node:internal/deps/undici/undici:5390:27)
    at fullyReadBody (node:internal/deps/undici/undici:1501:9)
    at process.processTicksAndRejections (node:internal/process/task_queues:95:5)
    at async specConsumeBody (node:internal/deps/undici/undici:5399:7)
    at Object.getModelsForMake (C:\Users\tfort\Desktop\Projects\the-pickard\src\lib\nhtsa-vpic-api.ts:78:18)
    at populateModels (C:\Users\tfort\Desktop\Projects\the-pickard\scripts\populate-vehicle-data.ts:175:22)
    at main (C:\Users\tfort\Desktop\Projects\the-pickard\scripts\populate-vehicle-data.ts:353:7)
      Found 0 models
      ✅ Added models for BUSBY INTERNATIONAL, INC.

   🔍 Fetching models for BUSH LAPA...
      Found 1 models
      ✅ Added models for BUSH LAPA

   🔍 Fetching models for BUSH TRAILER...
      Found 1 models
      ✅ Added models for BUSH TRAILER

   🔍 Fetching models for BUSHMAN...
      Found 1 models
      ✅ Added models for BUSHMAN

   🔍 Fetching models for BUSHMASTER OF MEXICO S.A. DE C.V....
Error fetching models for BUSHMASTER OF MEXICO S.A. DE C.V. from NHTSA vPIC: SyntaxError: Unexpected token '<', "<!DOCTYPE "... is not valid JSON
    at JSON.parse (<anonymous>)
    at parseJSONFromBytes (node:internal/deps/undici/undici:5419:19)
    at successSteps (node:internal/deps/undici/undici:5390:27)
    at fullyReadBody (node:internal/deps/undici/undici:1501:9)
    at process.processTicksAndRejections (node:internal/process/task_queues:95:5)
    at async specConsumeBody (node:internal/deps/undici/undici:5399:7)
    at Object.getModelsForMake (C:\Users\tfort\Desktop\Projects\the-pickard\src\lib\nhtsa-vpic-api.ts:78:18)
    at populateModels (C:\Users\tfort\Desktop\Projects\the-pickard\scripts\populate-vehicle-data.ts:175:22)
    at main (C:\Users\tfort\Desktop\Projects\the-pickard\scripts\populate-vehicle-data.ts:353:7)
      Found 0 models
      ✅ Added models for BUSHMASTER OF MEXICO S.A. DE C.V.

   🔍 Fetching models for BUSHTEC...
      Found 2 models
      ✅ Added models for BUSHTEC

   🔍 Fetching models for BUSHTEC PRODUCTS...
      Found 1 models
      ✅ Added models for BUSHTEC PRODUCTS

   🔍 Fetching models for BUSHTEE MANUFACTURING & SALES INC....
Error fetching models for BUSHTEE MANUFACTURING & SALES INC. from NHTSA vPIC: SyntaxError: Unexpected token '<', "<!DOCTYPE "... is not valid JSON
    at JSON.parse (<anonymous>)
    at parseJSONFromBytes (node:internal/deps/undici/undici:5419:19)
    at successSteps (node:internal/deps/undici/undici:5390:27)
    at fullyReadBody (node:internal/deps/undici/undici:1501:9)
    at process.processTicksAndRejections (node:internal/process/task_queues:95:5)
    at async specConsumeBody (node:internal/deps/undici/undici:5399:7)
    at Object.getModelsForMake (C:\Users\tfort\Desktop\Projects\the-pickard\src\lib\nhtsa-vpic-api.ts:78:18)
    at populateModels (C:\Users\tfort\Desktop\Projects\the-pickard\scripts\populate-vehicle-data.ts:175:22)
    at main (C:\Users\tfort\Desktop\Projects\the-pickard\scripts\populate-vehicle-data.ts:353:7)
      Found 0 models
      ✅ Added models for BUSHTEE MANUFACTURING & SALES INC.

   🔍 Fetching models for BUSHWAKKA...
      Found 1 models
      ✅ Added models for BUSHWAKKA

   🔍 Fetching models for BUSSCAR...
      Found 9 models
      ✅ Added models for BUSSCAR

   🔍 Fetching models for BUTLER TRAILER MFG. WEST, INC....
Error fetching models for BUTLER TRAILER MFG. WEST, INC. from NHTSA vPIC: SyntaxError: Unexpected token '<', "<!DOCTYPE "... is not valid JSON
    at JSON.parse (<anonymous>)
    at parseJSONFromBytes (node:internal/deps/undici/undici:5419:19)
    at successSteps (node:internal/deps/undici/undici:5390:27)
    at fullyReadBody (node:internal/deps/undici/undici:1501:9)
    at process.processTicksAndRejections (node:internal/process/task_queues:95:5)
    at async specConsumeBody (node:internal/deps/undici/undici:5399:7)
    at Object.getModelsForMake (C:\Users\tfort\Desktop\Projects\the-pickard\src\lib\nhtsa-vpic-api.ts:78:18)
    at populateModels (C:\Users\tfort\Desktop\Projects\the-pickard\scripts\populate-vehicle-data.ts:175:22)
    at main (C:\Users\tfort\Desktop\Projects\the-pickard\scripts\populate-vehicle-data.ts:353:7)
      Found 0 models
      ✅ Added models for BUTLER TRAILER MFG. WEST, INC.

   🔍 Fetching models for BUTLER TRAILER SALES...
      Found 1 models
      ✅ Added models for BUTLER TRAILER SALES

   🔍 Fetching models for BUTTE BUILDOUTS...
      Found 1 models
      ✅ Added models for BUTTE BUILDOUTS

   🔍 Fetching models for BUTTLER BUILT...
      Found 1 models
      ✅ Added models for BUTTLER BUILT

   🔍 Fetching models for BUY ENTERPRISE...
      Found 1 models
      ✅ Added models for BUY ENTERPRISE

   🔍 Fetching models for BUZ'S EQUIPMENT...
      Found 1 models
      ✅ Added models for BUZ'S EQUIPMENT

   🔍 Fetching models for BUZZ BODIES...
      Found 1 models
      ✅ Added models for BUZZ BODIES

   🔍 Fetching models for BVF TRAILER...
      Found 1 models
      ✅ Added models for BVF TRAILER

   🔍 Fetching models for BVSW...
      Found 1 models
      ✅ Added models for BVSW

   🔍 Fetching models for BW SAUNA...
      Found 1 models
      ✅ Added models for BW SAUNA

   🔍 Fetching models for BWI...
      Found 2 models
      ✅ Added models for BWI

   🔍 Fetching models for BWISE MANUFACTURING...
      Found 1 models
      ✅ Added models for BWISE MANUFACTURING

   🔍 Fetching models for BWS TRAILER...
      Found 1 models
      ✅ Added models for BWS TRAILER

   🔍 Fetching models for BXR...
      Found 1 models
      ✅ Added models for BXR

   🔍 Fetching models for BYC...
      Found 1 models
      ✅ Added models for BYC

   🔍 Fetching models for BYD...
      Found 32 models
      ✅ Added models for BYD

   🔍 Fetching models for BYE-RITE TRAILER SALES...
      Found 1 models
      ✅ Added models for BYE-RITE TRAILER SALES

   🔍 Fetching models for BYW TRAILERS...
      Found 1 models
      ✅ Added models for BYW TRAILERS

   🔍 Fetching models for C & A TRAILERS LLC...
      Found 1 models
      ✅ Added models for C & A TRAILERS LLC

   🔍 Fetching models for C & B TRAILERS MANUFACTURING LLC...
      Found 1 models
      ✅ Added models for C & B TRAILERS MANUFACTURING LLC

   🔍 Fetching models for C & C ENT. CUSTOMS...
Error fetching models for C & C ENT. CUSTOMS from NHTSA vPIC: SyntaxError: Unexpected token '<', "<!DOCTYPE "... is not valid JSON
    at JSON.parse (<anonymous>)
    at parseJSONFromBytes (node:internal/deps/undici/undici:5419:19)
    at successSteps (node:internal/deps/undici/undici:5390:27)
    at fullyReadBody (node:internal/deps/undici/undici:1501:9)
    at process.processTicksAndRejections (node:internal/process/task_queues:95:5)
    at async specConsumeBody (node:internal/deps/undici/undici:5399:7)
    at Object.getModelsForMake (C:\Users\tfort\Desktop\Projects\the-pickard\src\lib\nhtsa-vpic-api.ts:78:18)
    at populateModels (C:\Users\tfort\Desktop\Projects\the-pickard\scripts\populate-vehicle-data.ts:175:22)
    at main (C:\Users\tfort\Desktop\Projects\the-pickard\scripts\populate-vehicle-data.ts:353:7)
      Found 0 models
      ✅ Added models for C & C ENT. CUSTOMS

   🔍 Fetching models for C & C MFG....
Error fetching models for C & C MFG. from NHTSA vPIC: SyntaxError: Unexpected token '<', "<!DOCTYPE "... is not valid JSON
    at JSON.parse (<anonymous>)
    at parseJSONFromBytes (node:internal/deps/undici/undici:5419:19)
    at successSteps (node:internal/deps/undici/undici:5390:27)
    at fullyReadBody (node:internal/deps/undici/undici:1501:9)
    at process.processTicksAndRejections (node:internal/process/task_queues:95:5)
    at async specConsumeBody (node:internal/deps/undici/undici:5399:7)
    at Object.getModelsForMake (C:\Users\tfort\Desktop\Projects\the-pickard\src\lib\nhtsa-vpic-api.ts:78:18)
    at populateModels (C:\Users\tfort\Desktop\Projects\the-pickard\scripts\populate-vehicle-data.ts:175:22)
    at main (C:\Users\tfort\Desktop\Projects\the-pickard\scripts\populate-vehicle-data.ts:353:7)
      Found 0 models
      ✅ Added models for C & C MFG.

   🔍 Fetching models for C & C TRAILER & BODY CO., INC....
Error fetching models for C & C TRAILER & BODY CO., INC. from NHTSA vPIC: SyntaxError: Unexpected token '<', "<!DOCTYPE "... is not valid JSON
    at JSON.parse (<anonymous>)
    at parseJSONFromBytes (node:internal/deps/undici/undici:5419:19)
    at successSteps (node:internal/deps/undici/undici:5390:27)
    at fullyReadBody (node:internal/deps/undici/undici:1501:9)
    at process.processTicksAndRejections (node:internal/process/task_queues:95:5)
    at async specConsumeBody (node:internal/deps/undici/undici:5399:7)
    at Object.getModelsForMake (C:\Users\tfort\Desktop\Projects\the-pickard\src\lib\nhtsa-vpic-api.ts:78:18)
    at populateModels (C:\Users\tfort\Desktop\Projects\the-pickard\scripts\populate-vehicle-data.ts:175:22)
    at main (C:\Users\tfort\Desktop\Projects\the-pickard\scripts\populate-vehicle-data.ts:353:7)
      Found 0 models
      ✅ Added models for C & C TRAILER & BODY CO., INC.

   🔍 Fetching models for C & C TRAILER MANUFACTURING...
      Found 1 models
      ✅ Added models for C & C TRAILER MANUFACTURING

   🔍 Fetching models for C & C TRAILERS...
      Found 1 models
      ✅ Added models for C & C TRAILERS

   🔍 Fetching models for C & D TRAILERS...
      Found 1 models
      ✅ Added models for C & D TRAILERS

   🔍 Fetching models for C & H MANUFACTURING INC...
      Found 1 models
      ✅ Added models for C & H MANUFACTURING INC

   🔍 Fetching models for C & H QUALITY TRAILER SALES...
      Found 1 models
      ✅ Added models for C & H QUALITY TRAILER SALES

   🔍 Fetching models for C & H TRAILERS, INC....
Error fetching models for C & H TRAILERS, INC. from NHTSA vPIC: SyntaxError: Unexpected token '<', "<!DOCTYPE "... is not valid JSON
    at JSON.parse (<anonymous>)
    at parseJSONFromBytes (node:internal/deps/undici/undici:5419:19)
    at successSteps (node:internal/deps/undici/undici:5390:27)
    at fullyReadBody (node:internal/deps/undici/undici:1501:9)
    at process.processTicksAndRejections (node:internal/process/task_queues:95:5)
    at async specConsumeBody (node:internal/deps/undici/undici:5399:7)
    at Object.getModelsForMake (C:\Users\tfort\Desktop\Projects\the-pickard\src\lib\nhtsa-vpic-api.ts:78:18)
    at populateModels (C:\Users\tfort\Desktop\Projects\the-pickard\scripts\populate-vehicle-data.ts:175:22)
    at main (C:\Users\tfort\Desktop\Projects\the-pickard\scripts\populate-vehicle-data.ts:353:7)
      Found 0 models
      ✅ Added models for C & H TRAILERS, INC.

   🔍 Fetching models for C & M FABRICATION...
      Found 1 models
      ✅ Added models for C & M FABRICATION

   🔍 Fetching models for C & M FABRICATIONS, INC...
      Found 1 models
      ✅ Added models for C & M FABRICATIONS, INC

   🔍 Fetching models for C & M TRAILERS...
      Found 1 models
      ✅ Added models for C & M TRAILERS

   🔍 Fetching models for C & O MANUFACTURING...
      Found 1 models
      ✅ Added models for C & O MANUFACTURING

   🔍 Fetching models for C & P ENGINEERING AND MANUFACTURING...
      Found 1 models
      ✅ Added models for C & P ENGINEERING AND MANUFACTURING

   🔍 Fetching models for C & S CHOPPERS...
      Found 1 models
      ✅ Added models for C & S CHOPPERS

   🔍 Fetching models for C & S FARMS...
      Found 1 models
      ✅ Added models for C & S FARMS

   🔍 Fetching models for C & S TRAILER DEPOT, INC....
Error fetching models for C & S TRAILER DEPOT, INC. from NHTSA vPIC: SyntaxError: Unexpected token '<', "<!DOCTYPE "... is not valid JSON
    at JSON.parse (<anonymous>)
    at parseJSONFromBytes (node:internal/deps/undici/undici:5419:19)
    at successSteps (node:internal/deps/undici/undici:5390:27)
    at fullyReadBody (node:internal/deps/undici/undici:1501:9)
    at process.processTicksAndRejections (node:internal/process/task_queues:95:5)
    at async specConsumeBody (node:internal/deps/undici/undici:5399:7)
    at Object.getModelsForMake (C:\Users\tfort\Desktop\Projects\the-pickard\src\lib\nhtsa-vpic-api.ts:78:18)
    at populateModels (C:\Users\tfort\Desktop\Projects\the-pickard\scripts\populate-vehicle-data.ts:175:22)
    at main (C:\Users\tfort\Desktop\Projects\the-pickard\scripts\populate-vehicle-data.ts:353:7)
      Found 0 models
      ✅ Added models for C & S TRAILER DEPOT, INC.

   🔍 Fetching models for C & S TRAILER WORLD...
      Found 1 models
      ✅ Added models for C & S TRAILER WORLD

   🔍 Fetching models for C & W ENTERPRISES...
      Found 1 models
      ✅ Added models for C & W ENTERPRISES

   🔍 Fetching models for C & W TRAILERS...
      Found 1 models
      ✅ Added models for C & W TRAILERS

   🔍 Fetching models for C AND A MOTORS, LLC...
      Found 2 models
      ✅ Added models for C AND A MOTORS, LLC

   🔍 Fetching models for C AND C TOOLING...
      Found 1 models
      ✅ Added models for C AND C TOOLING

   🔍 Fetching models for C AND P...
      Found 1 models
      ✅ Added models for C AND P

   🔍 Fetching models for C AND R...
      Found 1 models
      ✅ Added models for C AND R

   🔍 Fetching models for C AND S CUSTOM CYCLES...
      Found 5 models
      ✅ Added models for C AND S CUSTOM CYCLES

   🔍 Fetching models for C B REPAIR & TRAILER MAINTENANCE...
      Found 1 models
      ✅ Added models for C B REPAIR & TRAILER MAINTENANCE

   🔍 Fetching models for C F WELDING & MFG INC...
      Found 1 models
      ✅ Added models for C F WELDING & MFG INC

   🔍 Fetching models for C M MART, INC (PHANTOM TRAILERS)...
      Found 1 models
      ✅ Added models for C M MART, INC (PHANTOM TRAILERS)

   🔍 Fetching models for C N POWER SYSTEMS INC...
      Found 1 models
      ✅ Added models for C N POWER SYSTEMS INC

   🔍 Fetching models for C TRAILERS LLC...
      Found 3 models
      ✅ Added models for C TRAILERS LLC

   🔍 Fetching models for C W WELDING...
      Found 1 models
      ✅ Added models for C W WELDING

   🔍 Fetching models for C&B MANUFACTURING (HITCHDOC)...
      Found 2 models
      ✅ Added models for C&B MANUFACTURING (HITCHDOC)

   🔍 Fetching models for C&B QUALITY TRAILER WORKS...
      Found 1 models
      ✅ Added models for C&B QUALITY TRAILER WORKS

   🔍 Fetching models for C&C FLUID POWER LLC...
      Found 1 models
      ✅ Added models for C&C FLUID POWER LLC

   🔍 Fetching models for C&C INDUSTRIES INC....
Error fetching models for C&C INDUSTRIES INC. from NHTSA vPIC: SyntaxError: Unexpected token '<', "<!DOCTYPE "... is not valid JSON
    at JSON.parse (<anonymous>)
    at parseJSONFromBytes (node:internal/deps/undici/undici:5419:19)
    at successSteps (node:internal/deps/undici/undici:5390:27)
    at fullyReadBody (node:internal/deps/undici/undici:1501:9)
    at process.processTicksAndRejections (node:internal/process/task_queues:95:5)
    at async specConsumeBody (node:internal/deps/undici/undici:5399:7)
    at Object.getModelsForMake (C:\Users\tfort\Desktop\Projects\the-pickard\src\lib\nhtsa-vpic-api.ts:78:18)
    at populateModels (C:\Users\tfort\Desktop\Projects\the-pickard\scripts\populate-vehicle-data.ts:175:22)
    at main (C:\Users\tfort\Desktop\Projects\the-pickard\scripts\populate-vehicle-data.ts:353:7)
      Found 0 models
      ✅ Added models for C&C INDUSTRIES INC.

   🔍 Fetching models for C&C MANUFACTURING CO...
      Found 1 models
      ✅ Added models for C&C MANUFACTURING CO

   🔍 Fetching models for C&M TRAILERS INC...
      Found 1 models
      ✅ Added models for C&M TRAILERS INC

   🔍 Fetching models for C&P TRAILER SALES...
      Found 1 models
      ✅ Added models for C&P TRAILER SALES

   🔍 Fetching models for C&R METALWORKS...
      Found 1 models
      ✅ Added models for C&R METALWORKS

   🔍 Fetching models for C&W INDUSTRIES...
      Found 1 models
      ✅ Added models for C&W INDUSTRIES

   🔍 Fetching models for C&W MANUFACTURING AND SALES CO....
Error fetching models for C&W MANUFACTURING AND SALES CO. from NHTSA vPIC: SyntaxError: Unexpected token '<', "<!DOCTYPE "... is not valid JSON
    at JSON.parse (<anonymous>)
    at parseJSONFromBytes (node:internal/deps/undici/undici:5419:19)
    at successSteps (node:internal/deps/undici/undici:5390:27)
    at fullyReadBody (node:internal/deps/undici/undici:1501:9)
    at process.processTicksAndRejections (node:internal/process/task_queues:95:5)
    at async specConsumeBody (node:internal/deps/undici/undici:5399:7)
    at Object.getModelsForMake (C:\Users\tfort\Desktop\Projects\the-pickard\src\lib\nhtsa-vpic-api.ts:78:18)
    at populateModels (C:\Users\tfort\Desktop\Projects\the-pickard\scripts\populate-vehicle-data.ts:175:22)
    at main (C:\Users\tfort\Desktop\Projects\the-pickard\scripts\populate-vehicle-data.ts:353:7)
      Found 0 models
      ✅ Added models for C&W MANUFACTURING AND SALES CO.

   🔍 Fetching models for C&W TRAILERS...
      Found 1 models
      ✅ Added models for C&W TRAILERS

   🔍 Fetching models for C-ALL MFG., INC....
Error fetching models for C-ALL MFG., INC. from NHTSA vPIC: SyntaxError: Unexpected token '<', "<!DOCTYPE "... is not valid JSON
    at JSON.parse (<anonymous>)
    at parseJSONFromBytes (node:internal/deps/undici/undici:5419:19)
    at successSteps (node:internal/deps/undici/undici:5390:27)
    at fullyReadBody (node:internal/deps/undici/undici:1501:9)
    at process.processTicksAndRejections (node:internal/process/task_queues:95:5)
    at async specConsumeBody (node:internal/deps/undici/undici:5399:7)
    at Object.getModelsForMake (C:\Users\tfort\Desktop\Projects\the-pickard\src\lib\nhtsa-vpic-api.ts:78:18)
    at populateModels (C:\Users\tfort\Desktop\Projects\the-pickard\scripts\populate-vehicle-data.ts:175:22)
    at main (C:\Users\tfort\Desktop\Projects\the-pickard\scripts\populate-vehicle-data.ts:353:7)
      Found 0 models
      ✅ Added models for C-ALL MFG., INC.

   🔍 Fetching models for C-C ENTERPRISE...
      Found 1 models
      ✅ Added models for C-C ENTERPRISE

   🔍 Fetching models for C-HAWK TRAILERS...
      Found 1 models
      ✅ Added models for C-HAWK TRAILERS

   🔍 Fetching models for C-R CHEETAH RACE CARS...
      Found 2 models
      ✅ Added models for C-R CHEETAH RACE CARS

   🔍 Fetching models for C-TRAIL...
      Found 1 models
      ✅ Added models for C-TRAIL

   🔍 Fetching models for C.C. IRONWORKS...
Error fetching models for C.C. IRONWORKS from NHTSA vPIC: SyntaxError: Unexpected token '<', "<!DOCTYPE "... is not valid JSON
    at JSON.parse (<anonymous>)
    at parseJSONFromBytes (node:internal/deps/undici/undici:5419:19)
    at successSteps (node:internal/deps/undici/undici:5390:27)
    at fullyReadBody (node:internal/deps/undici/undici:1501:9)
    at process.processTicksAndRejections (node:internal/process/task_queues:95:5)
    at async specConsumeBody (node:internal/deps/undici/undici:5399:7)
    at Object.getModelsForMake (C:\Users\tfort\Desktop\Projects\the-pickard\src\lib\nhtsa-vpic-api.ts:78:18)
    at populateModels (C:\Users\tfort\Desktop\Projects\the-pickard\scripts\populate-vehicle-data.ts:175:22)
    at main (C:\Users\tfort\Desktop\Projects\the-pickard\scripts\populate-vehicle-data.ts:353:7)
      Found 0 models
      ✅ Added models for C.C. IRONWORKS

   🔍 Fetching models for C.C. RIDER TRAILER CO....
Error fetching models for C.C. RIDER TRAILER CO. from NHTSA vPIC: SyntaxError: Unexpected token '<', "<!DOCTYPE "... is not valid JSON
    at JSON.parse (<anonymous>)
    at parseJSONFromBytes (node:internal/deps/undici/undici:5419:19)
    at successSteps (node:internal/deps/undici/undici:5390:27)
    at fullyReadBody (node:internal/deps/undici/undici:1501:9)
    at process.processTicksAndRejections (node:internal/process/task_queues:95:5)
    at async specConsumeBody (node:internal/deps/undici/undici:5399:7)
    at Object.getModelsForMake (C:\Users\tfort\Desktop\Projects\the-pickard\src\lib\nhtsa-vpic-api.ts:78:18)
    at populateModels (C:\Users\tfort\Desktop\Projects\the-pickard\scripts\populate-vehicle-data.ts:175:22)
    at main (C:\Users\tfort\Desktop\Projects\the-pickard\scripts\populate-vehicle-data.ts:353:7)
      Found 0 models
      ✅ Added models for C.C. RIDER TRAILER CO.

   🔍 Fetching models for C.C.E. TECHNOLOGIES, INC....
Error fetching models for C.C.E. TECHNOLOGIES, INC. from NHTSA vPIC: SyntaxError: Unexpected token '<', "<!DOCTYPE "... is not valid JSON
    at JSON.parse (<anonymous>)
    at parseJSONFromBytes (node:internal/deps/undici/undici:5419:19)
    at successSteps (node:internal/deps/undici/undici:5390:27)
    at fullyReadBody (node:internal/deps/undici/undici:1501:9)
    at process.processTicksAndRejections (node:internal/process/task_queues:95:5)
    at async specConsumeBody (node:internal/deps/undici/undici:5399:7)
    at Object.getModelsForMake (C:\Users\tfort\Desktop\Projects\the-pickard\src\lib\nhtsa-vpic-api.ts:78:18)
    at populateModels (C:\Users\tfort\Desktop\Projects\the-pickard\scripts\populate-vehicle-data.ts:175:22)
    at main (C:\Users\tfort\Desktop\Projects\the-pickard\scripts\populate-vehicle-data.ts:353:7)
      Found 0 models
      ✅ Added models for C.C.E. TECHNOLOGIES, INC.

   🔍 Fetching models for C.D. SPECTRUM INC....
Error fetching models for C.D. SPECTRUM INC. from NHTSA vPIC: SyntaxError: Unexpected token '<', "<!DOCTYPE "... is not valid JSON
    at JSON.parse (<anonymous>)
    at parseJSONFromBytes (node:internal/deps/undici/undici:5419:19)
    at successSteps (node:internal/deps/undici/undici:5390:27)
    at fullyReadBody (node:internal/deps/undici/undici:1501:9)
    at process.processTicksAndRejections (node:internal/process/task_queues:95:5)
    at async specConsumeBody (node:internal/deps/undici/undici:5399:7)
    at Object.getModelsForMake (C:\Users\tfort\Desktop\Projects\the-pickard\src\lib\nhtsa-vpic-api.ts:78:18)
    at populateModels (C:\Users\tfort\Desktop\Projects\the-pickard\scripts\populate-vehicle-data.ts:175:22)
    at main (C:\Users\tfort\Desktop\Projects\the-pickard\scripts\populate-vehicle-data.ts:353:7)
      Found 0 models
      ✅ Added models for C.D. SPECTRUM INC.

   🔍 Fetching models for C.E. SMITH COMPANY...
Error fetching models for C.E. SMITH COMPANY from NHTSA vPIC: SyntaxError: Unexpected token '<', "<!DOCTYPE "... is not valid JSON
    at JSON.parse (<anonymous>)
    at parseJSONFromBytes (node:internal/deps/undici/undici:5419:19)
    at successSteps (node:internal/deps/undici/undici:5390:27)
    at fullyReadBody (node:internal/deps/undici/undici:1501:9)
    at process.processTicksAndRejections (node:internal/process/task_queues:95:5)
    at async specConsumeBody (node:internal/deps/undici/undici:5399:7)
    at Object.getModelsForMake (C:\Users\tfort\Desktop\Projects\the-pickard\src\lib\nhtsa-vpic-api.ts:78:18)
    at populateModels (C:\Users\tfort\Desktop\Projects\the-pickard\scripts\populate-vehicle-data.ts:175:22)
    at main (C:\Users\tfort\Desktop\Projects\the-pickard\scripts\populate-vehicle-data.ts:353:7)
      Found 0 models
      ✅ Added models for C.E. SMITH COMPANY

   🔍 Fetching models for C.E.I. TRUCK AND AG. EQUIPMENT...
Error fetching models for C.E.I. TRUCK AND AG. EQUIPMENT from NHTSA vPIC: SyntaxError: Unexpected token '<', "<!DOCTYPE "... is not valid JSON
    at JSON.parse (<anonymous>)
    at parseJSONFromBytes (node:internal/deps/undici/undici:5419:19)
    at successSteps (node:internal/deps/undici/undici:5390:27)
    at fullyReadBody (node:internal/deps/undici/undici:1501:9)
    at process.processTicksAndRejections (node:internal/process/task_queues:95:5)
    at async specConsumeBody (node:internal/deps/undici/undici:5399:7)
    at Object.getModelsForMake (C:\Users\tfort\Desktop\Projects\the-pickard\src\lib\nhtsa-vpic-api.ts:78:18)
    at populateModels (C:\Users\tfort\Desktop\Projects\the-pickard\scripts\populate-vehicle-data.ts:175:22)
    at main (C:\Users\tfort\Desktop\Projects\the-pickard\scripts\populate-vehicle-data.ts:353:7)
      Found 0 models
      ✅ Added models for C.E.I. TRUCK AND AG. EQUIPMENT

   🔍 Fetching models for C.F.'S WELDING SERVICE & CUSTOM BUILT TRAILERS...
Error fetching models for C.F.'S WELDING SERVICE & CUSTOM BUILT TRAILERS from NHTSA vPIC: SyntaxError: Unexpected token '<', "<!DOCTYPE "... is not valid JSON
    at JSON.parse (<anonymous>)
    at parseJSONFromBytes (node:internal/deps/undici/undici:5419:19)
    at successSteps (node:internal/deps/undici/undici:5390:27)
    at fullyReadBody (node:internal/deps/undici/undici:1501:9)
    at process.processTicksAndRejections (node:internal/process/task_queues:95:5)
    at async specConsumeBody (node:internal/deps/undici/undici:5399:7)
    at Object.getModelsForMake (C:\Users\tfort\Desktop\Projects\the-pickard\src\lib\nhtsa-vpic-api.ts:78:18)
    at populateModels (C:\Users\tfort\Desktop\Projects\the-pickard\scripts\populate-vehicle-data.ts:175:22)
    at main (C:\Users\tfort\Desktop\Projects\the-pickard\scripts\populate-vehicle-data.ts:353:7)
      Found 0 models
      ✅ Added models for C.F.'S WELDING SERVICE & CUSTOM BUILT TRAILERS

   🔍 Fetching models for C.GALLEGOS...
Error fetching models for C.GALLEGOS from NHTSA vPIC: SyntaxError: Unexpected token '<', "<!DOCTYPE "... is not valid JSON
    at JSON.parse (<anonymous>)
    at parseJSONFromBytes (node:internal/deps/undici/undici:5419:19)
    at successSteps (node:internal/deps/undici/undici:5390:27)
    at fullyReadBody (node:internal/deps/undici/undici:1501:9)
    at process.processTicksAndRejections (node:internal/process/task_queues:95:5)
    at async specConsumeBody (node:internal/deps/undici/undici:5399:7)
    at Object.getModelsForMake (C:\Users\tfort\Desktop\Projects\the-pickard\src\lib\nhtsa-vpic-api.ts:78:18)
    at populateModels (C:\Users\tfort\Desktop\Projects\the-pickard\scripts\populate-vehicle-data.ts:175:22)
    at main (C:\Users\tfort\Desktop\Projects\the-pickard\scripts\populate-vehicle-data.ts:353:7)
      Found 0 models
      ✅ Added models for C.GALLEGOS

   🔍 Fetching models for C.H. CUSTOM COACH...
Error fetching models for C.H. CUSTOM COACH from NHTSA vPIC: SyntaxError: Unexpected token '<', "<!DOCTYPE "... is not valid JSON
    at JSON.parse (<anonymous>)
    at parseJSONFromBytes (node:internal/deps/undici/undici:5419:19)
    at successSteps (node:internal/deps/undici/undici:5390:27)
    at fullyReadBody (node:internal/deps/undici/undici:1501:9)
    at process.processTicksAndRejections (node:internal/process/task_queues:95:5)
    at async specConsumeBody (node:internal/deps/undici/undici:5399:7)
    at Object.getModelsForMake (C:\Users\tfort\Desktop\Projects\the-pickard\src\lib\nhtsa-vpic-api.ts:78:18)
    at populateModels (C:\Users\tfort\Desktop\Projects\the-pickard\scripts\populate-vehicle-data.ts:175:22)
    at main (C:\Users\tfort\Desktop\Projects\the-pickard\scripts\populate-vehicle-data.ts:353:7)
      Found 0 models
      ✅ Added models for C.H. CUSTOM COACH

   🔍 Fetching models for C.P.S....
Error fetching models for C.P.S. from NHTSA vPIC: SyntaxError: Unexpected token '<', "<!DOCTYPE "... is not valid JSON
    at JSON.parse (<anonymous>)
    at parseJSONFromBytes (node:internal/deps/undici/undici:5419:19)
    at successSteps (node:internal/deps/undici/undici:5390:27)
    at fullyReadBody (node:internal/deps/undici/undici:1501:9)
    at process.processTicksAndRejections (node:internal/process/task_queues:95:5)
    at async specConsumeBody (node:internal/deps/undici/undici:5399:7)
    at Object.getModelsForMake (C:\Users\tfort\Desktop\Projects\the-pickard\src\lib\nhtsa-vpic-api.ts:78:18)
    at populateModels (C:\Users\tfort\Desktop\Projects\the-pickard\scripts\populate-vehicle-data.ts:175:22)
    at main (C:\Users\tfort\Desktop\Projects\the-pickard\scripts\populate-vehicle-data.ts:353:7)
      Found 0 models
      ✅ Added models for C.P.S.

   🔍 Fetching models for C.R. WARREN MANUFACTURING...
Error fetching models for C.R. WARREN MANUFACTURING from NHTSA vPIC: SyntaxError: Unexpected token '<', "<!DOCTYPE "... is not valid JSON
    at JSON.parse (<anonymous>)
    at parseJSONFromBytes (node:internal/deps/undici/undici:5419:19)
    at successSteps (node:internal/deps/undici/undici:5390:27)
    at fullyReadBody (node:internal/deps/undici/undici:1501:9)
    at process.processTicksAndRejections (node:internal/process/task_queues:95:5)
    at async specConsumeBody (node:internal/deps/undici/undici:5399:7)
    at Object.getModelsForMake (C:\Users\tfort\Desktop\Projects\the-pickard\src\lib\nhtsa-vpic-api.ts:78:18)
    at populateModels (C:\Users\tfort\Desktop\Projects\the-pickard\scripts\populate-vehicle-data.ts:175:22)
    at main (C:\Users\tfort\Desktop\Projects\the-pickard\scripts\populate-vehicle-data.ts:353:7)
      Found 0 models
      ✅ Added models for C.R. WARREN MANUFACTURING

   🔍 Fetching models for C.V. INC...
Error fetching models for C.V. INC from NHTSA vPIC: SyntaxError: Unexpected token '<', "<!DOCTYPE "... is not valid JSON
    at JSON.parse (<anonymous>)
    at parseJSONFromBytes (node:internal/deps/undici/undici:5419:19)
    at successSteps (node:internal/deps/undici/undici:5390:27)
    at fullyReadBody (node:internal/deps/undici/undici:1501:9)
    at process.processTicksAndRejections (node:internal/process/task_queues:95:5)
    at async specConsumeBody (node:internal/deps/undici/undici:5399:7)
    at Object.getModelsForMake (C:\Users\tfort\Desktop\Projects\the-pickard\src\lib\nhtsa-vpic-api.ts:78:18)
    at populateModels (C:\Users\tfort\Desktop\Projects\the-pickard\scripts\populate-vehicle-data.ts:175:22)
    at main (C:\Users\tfort\Desktop\Projects\the-pickard\scripts\populate-vehicle-data.ts:353:7)
      Found 0 models
      ✅ Added models for C.V. INC

   🔍 Fetching models for C.W. SERVICES...
Error fetching models for C.W. SERVICES from NHTSA vPIC: SyntaxError: Unexpected token '<', "<!DOCTYPE "... is not valid JSON
    at JSON.parse (<anonymous>)
    at parseJSONFromBytes (node:internal/deps/undici/undici:5419:19)
    at successSteps (node:internal/deps/undici/undici:5390:27)
    at fullyReadBody (node:internal/deps/undici/undici:1501:9)
    at process.processTicksAndRejections (node:internal/process/task_queues:95:5)
    at async specConsumeBody (node:internal/deps/undici/undici:5399:7)
    at Object.getModelsForMake (C:\Users\tfort\Desktop\Projects\the-pickard\src\lib\nhtsa-vpic-api.ts:78:18)
    at populateModels (C:\Users\tfort\Desktop\Projects\the-pickard\scripts\populate-vehicle-data.ts:175:22)
    at main (C:\Users\tfort\Desktop\Projects\the-pickard\scripts\populate-vehicle-data.ts:353:7)
      Found 0 models
      ✅ Added models for C.W. SERVICES

   🔍 Fetching models for C3 DESIGN...
      Found 1 models
      ✅ Added models for C3 DESIGN

   🔍 Fetching models for C3 WELDING...
      Found 1 models
      ✅ Added models for C3 WELDING

   🔍 Fetching models for C4 WELDING...
      Found 1 models
      ✅ Added models for C4 WELDING

   🔍 Fetching models for CABIN CRAFT INC...
      Found 1 models
      ✅ Added models for CABIN CRAFT INC

   🔍 Fetching models for CABINS IN THE MOUNTAINS...
      Found 1 models
      ✅ Added models for CABINS IN THE MOUNTAINS

   🔍 Fetching models for CABLE PULLING EQUIPMENT INC...
      Found 1 models
      ✅ Added models for CABLE PULLING EQUIPMENT INC

   🔍 Fetching models for CACHE CAMPER MFG. INC...
Error fetching models for CACHE CAMPER MFG. INC from NHTSA vPIC: SyntaxError: Unexpected token '<', "<!DOCTYPE "... is not valid JSON
    at JSON.parse (<anonymous>)
    at parseJSONFromBytes (node:internal/deps/undici/undici:5419:19)
    at successSteps (node:internal/deps/undici/undici:5390:27)
    at fullyReadBody (node:internal/deps/undici/undici:1501:9)
    at process.processTicksAndRejections (node:internal/process/task_queues:95:5)
    at async specConsumeBody (node:internal/deps/undici/undici:5399:7)
    at Object.getModelsForMake (C:\Users\tfort\Desktop\Projects\the-pickard\src\lib\nhtsa-vpic-api.ts:78:18)
    at populateModels (C:\Users\tfort\Desktop\Projects\the-pickard\scripts\populate-vehicle-data.ts:175:22)
    at main (C:\Users\tfort\Desktop\Projects\the-pickard\scripts\populate-vehicle-data.ts:353:7)
      Found 0 models
      ✅ Added models for CACHE CAMPER MFG. INC

   🔍 Fetching models for CACI...
      Found 3 models
      ✅ Added models for CACI

   🔍 Fetching models for CACTUS METAL WORKS...
      Found 1 models
      ✅ Added models for CACTUS METAL WORKS

   🔍 Fetching models for CAD INDUSTRIES...
      Found 1 models
      ✅ Added models for CAD INDUSTRIES

   🔍 Fetching models for CADILLAC...
      Found 37 models
      ✅ Added models for CADILLAC

   🔍 Fetching models for CAGIVA MOTOR S.P.A...
Error fetching models for CAGIVA MOTOR S.P.A from NHTSA vPIC: SyntaxError: Unexpected token '<', "<!DOCTYPE "... is not valid JSON
    at JSON.parse (<anonymous>)
    at parseJSONFromBytes (node:internal/deps/undici/undici:5419:19)
    at successSteps (node:internal/deps/undici/undici:5390:27)
    at fullyReadBody (node:internal/deps/undici/undici:1501:9)
    at process.processTicksAndRejections (node:internal/process/task_queues:95:5)
    at async specConsumeBody (node:internal/deps/undici/undici:5399:7)
    at Object.getModelsForMake (C:\Users\tfort\Desktop\Projects\the-pickard\src\lib\nhtsa-vpic-api.ts:78:18)
    at populateModels (C:\Users\tfort\Desktop\Projects\the-pickard\scripts\populate-vehicle-data.ts:175:22)
    at main (C:\Users\tfort\Desktop\Projects\the-pickard\scripts\populate-vehicle-data.ts:353:7)
      Found 0 models
      ✅ Added models for CAGIVA MOTOR S.P.A

   🔍 Fetching models for CAJAS Y SEMIREMOLQUES BLATZ...
      Found 1 models
      ✅ Added models for CAJAS Y SEMIREMOLQUES BLATZ

   🔍 Fetching models for CAJUN FAB...
      Found 1 models
      ✅ Added models for CAJUN FAB

   🔍 Fetching models for CAJUN GEAR INC...
      Found 1 models
      ✅ Added models for CAJUN GEAR INC

   🔍 Fetching models for CAJUN MACHINE & WELDING, INC....
Error fetching models for CAJUN MACHINE & WELDING, INC. from NHTSA vPIC: SyntaxError: Unexpected token '<', "<!DOCTYPE "... is not valid JSON
    at JSON.parse (<anonymous>)
    at parseJSONFromBytes (node:internal/deps/undici/undici:5419:19)
    at successSteps (node:internal/deps/undici/undici:5390:27)
    at fullyReadBody (node:internal/deps/undici/undici:1501:9)
    at process.processTicksAndRejections (node:internal/process/task_queues:95:5)
    at async specConsumeBody (node:internal/deps/undici/undici:5399:7)
    at Object.getModelsForMake (C:\Users\tfort\Desktop\Projects\the-pickard\src\lib\nhtsa-vpic-api.ts:78:18)
    at populateModels (C:\Users\tfort\Desktop\Projects\the-pickard\scripts\populate-vehicle-data.ts:175:22)
    at main (C:\Users\tfort\Desktop\Projects\the-pickard\scripts\populate-vehicle-data.ts:353:7)
      Found 0 models
      ✅ Added models for CAJUN MACHINE & WELDING, INC.

   🔍 Fetching models for CAJUN TRAILER AND FARM MFG....
Error fetching models for CAJUN TRAILER AND FARM MFG. from NHTSA vPIC: SyntaxError: Unexpected token '<', "<!DOCTYPE "... is not valid JSON
    at JSON.parse (<anonymous>)
    at parseJSONFromBytes (node:internal/deps/undici/undici:5419:19)
    at successSteps (node:internal/deps/undici/undici:5390:27)
    at fullyReadBody (node:internal/deps/undici/undici:1501:9)
    at process.processTicksAndRejections (node:internal/process/task_queues:95:5)
    at async specConsumeBody (node:internal/deps/undici/undici:5399:7)
    at Object.getModelsForMake (C:\Users\tfort\Desktop\Projects\the-pickard\src\lib\nhtsa-vpic-api.ts:78:18)
    at populateModels (C:\Users\tfort\Desktop\Projects\the-pickard\scripts\populate-vehicle-data.ts:175:22)
    at main (C:\Users\tfort\Desktop\Projects\the-pickard\scripts\populate-vehicle-data.ts:353:7)
      Found 0 models
      ✅ Added models for CAJUN TRAILER AND FARM MFG.

   🔍 Fetching models for CAJUN TRAILERS & FABRICATION INC....
Error fetching models for CAJUN TRAILERS & FABRICATION INC. from NHTSA vPIC: SyntaxError: Unexpected token '<', "<!DOCTYPE "... is not valid JSON
    at JSON.parse (<anonymous>)
    at parseJSONFromBytes (node:internal/deps/undici/undici:5419:19)
    at successSteps (node:internal/deps/undici/undici:5390:27)
    at fullyReadBody (node:internal/deps/undici/undici:1501:9)
    at process.processTicksAndRejections (node:internal/process/task_queues:95:5)
    at async specConsumeBody (node:internal/deps/undici/undici:5399:7)
    at Object.getModelsForMake (C:\Users\tfort\Desktop\Projects\the-pickard\src\lib\nhtsa-vpic-api.ts:78:18)
    at populateModels (C:\Users\tfort\Desktop\Projects\the-pickard\scripts\populate-vehicle-data.ts:175:22)
    at main (C:\Users\tfort\Desktop\Projects\the-pickard\scripts\populate-vehicle-data.ts:353:7)
      Found 0 models
      ✅ Added models for CAJUN TRAILERS & FABRICATION INC.

   🔍 Fetching models for CAKE...
      Found 9 models
      ✅ Added models for CAKE

   🔍 Fetching models for CAL CENTRAL CATERING TRAILERS...
      Found 1 models
      ✅ Added models for CAL CENTRAL CATERING TRAILERS

   🔍 Fetching models for CAL-TEX TRAILERS...
      Found 1 models
      ✅ Added models for CAL-TEX TRAILERS

   🔍 Fetching models for CAL-TRAILER MFG...
      Found 2 models
      ✅ Added models for CAL-TRAILER MFG

   🔍 Fetching models for CALAVERAS MFG. INC....
Error fetching models for CALAVERAS MFG. INC. from NHTSA vPIC: SyntaxError: Unexpected token '<', "<!DOCTYPE "... is not valid JSON
    at JSON.parse (<anonymous>)
    at parseJSONFromBytes (node:internal/deps/undici/undici:5419:19)
    at successSteps (node:internal/deps/undici/undici:5390:27)
    at fullyReadBody (node:internal/deps/undici/undici:1501:9)
    at process.processTicksAndRejections (node:internal/process/task_queues:95:5)
    at async specConsumeBody (node:internal/deps/undici/undici:5399:7)
    at Object.getModelsForMake (C:\Users\tfort\Desktop\Projects\the-pickard\src\lib\nhtsa-vpic-api.ts:78:18)
    at populateModels (C:\Users\tfort\Desktop\Projects\the-pickard\scripts\populate-vehicle-data.ts:175:22)
    at main (C:\Users\tfort\Desktop\Projects\the-pickard\scripts\populate-vehicle-data.ts:353:7)
      Found 0 models
      ✅ Added models for CALAVERAS MFG. INC.

   🔍 Fetching models for CALCROSS...
      Found 1 models
      ✅ Added models for CALCROSS

   🔍 Fetching models for CALDER BROTHERS...
      Found 1 models
      ✅ Added models for CALDER BROTHERS

   🔍 Fetching models for CALHOME...
      Found 1 models
      ✅ Added models for CALHOME

   🔍 Fetching models for CALI CONCESSION TRAILERS...
      Found 1 models
      ✅ Added models for CALI CONCESSION TRAILERS

   🔍 Fetching models for CALI CUSTOM TRAILERS...
      Found 1 models
      ✅ Added models for CALI CUSTOM TRAILERS

   🔍 Fetching models for CALIBER BOAT TRAILERS...
      Found 1 models
      ✅ Added models for CALIBER BOAT TRAILERS

   🔍 Fetching models for CALICO TRAILER...
      Found 1 models
      ✅ Added models for CALICO TRAILER

   🔍 Fetching models for CALIFORNIA...
      Found 47 models
      ✅ Added models for CALIFORNIA

   🔍 Fetching models for CALIFORNIA CONCESSION INNOVATIONS ...
Error fetching models for CALIFORNIA CONCESSION INNOVATIONS  from NHTSA vPIC: SyntaxError: Unexpected token '<', "<!DOCTYPE "... is not valid JSON
    at JSON.parse (<anonymous>)
    at parseJSONFromBytes (node:internal/deps/undici/undici:5419:19)
    at successSteps (node:internal/deps/undici/undici:5390:27)
    at fullyReadBody (node:internal/deps/undici/undici:1501:9)
    at process.processTicksAndRejections (node:internal/process/task_queues:95:5)
    at async specConsumeBody (node:internal/deps/undici/undici:5399:7)
    at Object.getModelsForMake (C:\Users\tfort\Desktop\Projects\the-pickard\src\lib\nhtsa-vpic-api.ts:78:18)
    at populateModels (C:\Users\tfort\Desktop\Projects\the-pickard\scripts\populate-vehicle-data.ts:175:22)
    at main (C:\Users\tfort\Desktop\Projects\the-pickard\scripts\populate-vehicle-data.ts:353:7)
      Found 0 models
      ✅ Added models for CALIFORNIA CONCESSION INNOVATIONS 

   🔍 Fetching models for CALIFORNIA CUSTOM CONCESSION TRAILERS LLC...
      Found 1 models
      ✅ Added models for CALIFORNIA CUSTOM CONCESSION TRAILERS LLC

   🔍 Fetching models for CALIFORNIA LIVE FLOORS...
      Found 1 models
      ✅ Added models for CALIFORNIA LIVE FLOORS

   🔍 Fetching models for CALIFORNIA METAL WORKS...
      Found 1 models
      ✅ Added models for CALIFORNIA METAL WORKS

   🔍 Fetching models for CALIFORNIA MOTORCYCLE COMPANY (CMC)...
      Found 9 models
      ✅ Added models for CALIFORNIA MOTORCYCLE COMPANY (CMC)

   🔍 Fetching models for CALIFORNIA PERFORMANCE IRON...
      Found 1 models
      ✅ Added models for CALIFORNIA PERFORMANCE IRON

   🔍 Fetching models for CALIFORNIA SCOOTER...
      Found 13 models
      ✅ Added models for CALIFORNIA SCOOTER

   🔍 Fetching models for CALIFORNIA SIDECAR...
      Found 1 models
      ✅ Added models for CALIFORNIA SIDECAR

   🔍 Fetching models for CALIFORNIA TINY HOUSE, INC....
Error fetching models for CALIFORNIA TINY HOUSE, INC. from NHTSA vPIC: SyntaxError: Unexpected token '<', "<!DOCTYPE "... is not valid JSON
    at JSON.parse (<anonymous>)
    at parseJSONFromBytes (node:internal/deps/undici/undici:5419:19)
    at successSteps (node:internal/deps/undici/undici:5390:27)
    at fullyReadBody (node:internal/deps/undici/undici:1501:9)
    at process.processTicksAndRejections (node:internal/process/task_queues:95:5)
    at async specConsumeBody (node:internal/deps/undici/undici:5399:7)
    at Object.getModelsForMake (C:\Users\tfort\Desktop\Projects\the-pickard\src\lib\nhtsa-vpic-api.ts:78:18)
    at populateModels (C:\Users\tfort\Desktop\Projects\the-pickard\scripts\populate-vehicle-data.ts:175:22)
    at main (C:\Users\tfort\Desktop\Projects\the-pickard\scripts\populate-vehicle-data.ts:353:7)
      Found 0 models
      ✅ Added models for CALIFORNIA TINY HOUSE, INC.

   🔍 Fetching models for CALIFORNIA TRAILER WORKS...
      Found 1 models
      ✅ Added models for CALIFORNIA TRAILER WORKS

   🔍 Fetching models for CALIFORNIA'S CUSTOM CONCESSION TRAILERS...
      Found 1 models
      ✅ Added models for CALIFORNIA'S CUSTOM CONCESSION TRAILERS

   🔍 Fetching models for CALIFORNO, CORP....
Error fetching models for CALIFORNO, CORP. from NHTSA vPIC: SyntaxError: Unexpected token '<', "<!DOCTYPE "... is not valid JSON
    at JSON.parse (<anonymous>)
    at parseJSONFromBytes (node:internal/deps/undici/undici:5419:19)
    at successSteps (node:internal/deps/undici/undici:5390:27)
    at fullyReadBody (node:internal/deps/undici/undici:1501:9)
    at process.processTicksAndRejections (node:internal/process/task_queues:95:5)
    at async specConsumeBody (node:internal/deps/undici/undici:5399:7)
    at Object.getModelsForMake (C:\Users\tfort\Desktop\Projects\the-pickard\src\lib\nhtsa-vpic-api.ts:78:18)
    at populateModels (C:\Users\tfort\Desktop\Projects\the-pickard\scripts\populate-vehicle-data.ts:175:22)
    at main (C:\Users\tfort\Desktop\Projects\the-pickard\scripts\populate-vehicle-data.ts:353:7)
      Found 0 models
      ✅ Added models for CALIFORNO, CORP.

   🔍 Fetching models for CALINOX...
      Found 1 models
      ✅ Added models for CALINOX

   🔍 Fetching models for CALLAHAN CUSTOM CHOPPERS...
      Found 1 models
      ✅ Added models for CALLAHAN CUSTOM CHOPPERS

   🔍 Fetching models for CALMARC CABS...
      Found 1 models
      ✅ Added models for CALMARC CABS

   🔍 Fetching models for CALMOTORS...
      Found 1 models
      ✅ Added models for CALMOTORS

   🔍 Fetching models for CALNAN ENTERPRISES...
      Found 1 models
      ✅ Added models for CALNAN ENTERPRISES

   🔍 Fetching models for CALTEC LLC...
      Found 1 models
      ✅ Added models for CALTEC LLC

   🔍 Fetching models for CAM INDUSTRIES LLC...
      Found 1 models
      ✅ Added models for CAM INDUSTRIES LLC

   🔍 Fetching models for CAM SUPERLINE...
      Found 1 models
      ✅ Added models for CAM SUPERLINE

   🔍 Fetching models for CAM-CONCEPT...
      Found 1 models
      ✅ Added models for CAM-CONCEPT

   🔍 Fetching models for CAMELOT...
      Found 1 models
      ✅ Added models for CAMELOT

   🔍 Fetching models for CAMEO...
      Found 1 models
      ✅ Added models for CAMEO

   🔍 Fetching models for CAMERON AND SONS WELDING...
      Found 1 models
      ✅ Added models for CAMERON AND SONS WELDING

   🔍 Fetching models for CAMEX...
      Found 1 models
      ✅ Added models for CAMEX

   🔍 Fetching models for CAMI...
      Found 9 models
      ✅ Added models for CAMI

   🔍 Fetching models for CAMITS INDUSTRIES, INC....
Error fetching models for CAMITS INDUSTRIES, INC. from NHTSA vPIC: SyntaxError: Unexpected token '<', "<!DOCTYPE "... is not valid JSON
    at JSON.parse (<anonymous>)
    at parseJSONFromBytes (node:internal/deps/undici/undici:5419:19)
    at successSteps (node:internal/deps/undici/undici:5390:27)
    at fullyReadBody (node:internal/deps/undici/undici:1501:9)
    at process.processTicksAndRejections (node:internal/process/task_queues:95:5)
    at async specConsumeBody (node:internal/deps/undici/undici:5399:7)
    at Object.getModelsForMake (C:\Users\tfort\Desktop\Projects\the-pickard\src\lib\nhtsa-vpic-api.ts:78:18)
    at populateModels (C:\Users\tfort\Desktop\Projects\the-pickard\scripts\populate-vehicle-data.ts:175:22)
    at main (C:\Users\tfort\Desktop\Projects\the-pickard\scripts\populate-vehicle-data.ts:353:7)
      Found 0 models
      ✅ Added models for CAMITS INDUSTRIES, INC.

   🔍 Fetching models for CAMP...
      Found 112 models
      ✅ Added models for CAMP

   🔍 Fetching models for CAMP N BOAT...
      Found 1 models
      ✅ Added models for CAMP N BOAT

   🔍 Fetching models for CAMP-LET...
      Found 1 models
      ✅ Added models for CAMP-LET

   🔍 Fetching models for CAMP365...
      Found 1 models
      ✅ Added models for CAMP365

   🔍 Fetching models for CAMPA INTERNATIONAL...
      Found 1 models
      ✅ Added models for CAMPA INTERNATIONAL

   🔍 Fetching models for CAMPAGNA...
      Found 2 models
      ✅ Added models for CAMPAGNA

   🔍 Fetching models for CAMPBELL & KELLY INC....
Error fetching models for CAMPBELL & KELLY INC. from NHTSA vPIC: SyntaxError: Unexpected token '<', "<!DOCTYPE "... is not valid JSON
    at JSON.parse (<anonymous>)
    at parseJSONFromBytes (node:internal/deps/undici/undici:5419:19)
    at successSteps (node:internal/deps/undici/undici:5390:27)
    at fullyReadBody (node:internal/deps/undici/undici:1501:9)
    at process.processTicksAndRejections (node:internal/process/task_queues:95:5)
    at async specConsumeBody (node:internal/deps/undici/undici:5399:7)
    at Object.getModelsForMake (C:\Users\tfort\Desktop\Projects\the-pickard\src\lib\nhtsa-vpic-api.ts:78:18)
    at populateModels (C:\Users\tfort\Desktop\Projects\the-pickard\scripts\populate-vehicle-data.ts:175:22)
    at main (C:\Users\tfort\Desktop\Projects\the-pickard\scripts\populate-vehicle-data.ts:353:7)
      Found 0 models
      ✅ Added models for CAMPBELL & KELLY INC.

   🔍 Fetching models for CAMPBELL SUPPLY CO....
Error fetching models for CAMPBELL SUPPLY CO. from NHTSA vPIC: SyntaxError: Unexpected token '<', "<!DOCTYPE "... is not valid JSON
    at JSON.parse (<anonymous>)
    at parseJSONFromBytes (node:internal/deps/undici/undici:5419:19)
    at successSteps (node:internal/deps/undici/undici:5390:27)
    at fullyReadBody (node:internal/deps/undici/undici:1501:9)
    at process.processTicksAndRejections (node:internal/process/task_queues:95:5)
    at async specConsumeBody (node:internal/deps/undici/undici:5399:7)
    at Object.getModelsForMake (C:\Users\tfort\Desktop\Projects\the-pickard\src\lib\nhtsa-vpic-api.ts:78:18)
    at populateModels (C:\Users\tfort\Desktop\Projects\the-pickard\scripts\populate-vehicle-data.ts:175:22)
    at main (C:\Users\tfort\Desktop\Projects\the-pickard\scripts\populate-vehicle-data.ts:353:7)
      Found 0 models
      ✅ Added models for CAMPBELL SUPPLY CO.

   🔍 Fetching models for CAMPBOUND...
      Found 1 models
      ✅ Added models for CAMPBOUND

   🔍 Fetching models for CAMPER EXCHANGE...
      Found 1 models
      ✅ Added models for CAMPER EXCHANGE

   🔍 Fetching models for CAMPER PRODUCT INC...
      Found 1 models
      ✅ Added models for CAMPER PRODUCT INC

   🔍 Fetching models for CAMPERS CHOICE...
      Found 1 models
      ✅ Added models for CAMPERS CHOICE

   🔍 Fetching models for CAMPFIRE HOMES...
      Found 1 models
      ✅ Added models for CAMPFIRE HOMES

   🔍 Fetching models for CAMPPAD...
      Found 1 models
      ✅ Added models for CAMPPAD

   🔍 Fetching models for CAMPWORKS ...
Error fetching models for CAMPWORKS  from NHTSA vPIC: SyntaxError: Unexpected token '<', "<!DOCTYPE "... is not valid JSON
    at JSON.parse (<anonymous>)
    at parseJSONFromBytes (node:internal/deps/undici/undici:5419:19)
    at successSteps (node:internal/deps/undici/undici:5390:27)
    at fullyReadBody (node:internal/deps/undici/undici:1501:9)
    at process.processTicksAndRejections (node:internal/process/task_queues:95:5)
    at async specConsumeBody (node:internal/deps/undici/undici:5399:7)
    at Object.getModelsForMake (C:\Users\tfort\Desktop\Projects\the-pickard\src\lib\nhtsa-vpic-api.ts:78:18)
    at populateModels (C:\Users\tfort\Desktop\Projects\the-pickard\scripts\populate-vehicle-data.ts:175:22)
    at main (C:\Users\tfort\Desktop\Projects\the-pickard\scripts\populate-vehicle-data.ts:353:7)
      Found 0 models
      ✅ Added models for CAMPWORKS 

   🔍 Fetching models for CAN-AM...
      Found 56 models
      ✅ Added models for CAN-AM

   🔍 Fetching models for CANADA TRAILERS MANUFACTURING...
      Found 1 models
      ✅ Added models for CANADA TRAILERS MANUFACTURING

   🔍 Fetching models for CANADIAN ELECTRIC VEHICLES...
      Found 1 models
      ✅ Added models for CANADIAN ELECTRIC VEHICLES

   🔍 Fetching models for CANADIAN LOAD DIVIDER DOLLIES INC. ("CLDD")...
Error fetching models for CANADIAN LOAD DIVIDER DOLLIES INC. ("CLDD") from NHTSA vPIC: SyntaxError: Unexpected token '<', "<!DOCTYPE "... is not valid JSON
    at JSON.parse (<anonymous>)
    at parseJSONFromBytes (node:internal/deps/undici/undici:5419:19)
    at successSteps (node:internal/deps/undici/undici:5390:27)
    at fullyReadBody (node:internal/deps/undici/undici:1501:9)
    at process.processTicksAndRejections (node:internal/process/task_queues:95:5)
    at async specConsumeBody (node:internal/deps/undici/undici:5399:7)
    at Object.getModelsForMake (C:\Users\tfort\Desktop\Projects\the-pickard\src\lib\nhtsa-vpic-api.ts:78:18)
    at populateModels (C:\Users\tfort\Desktop\Projects\the-pickard\scripts\populate-vehicle-data.ts:175:22)
    at main (C:\Users\tfort\Desktop\Projects\the-pickard\scripts\populate-vehicle-data.ts:353:7)
      Found 0 models
      ✅ Added models for CANADIAN LOAD DIVIDER DOLLIES INC. ("CLDD")

   🔍 Fetching models for CANAGE CUSTOM TRAILERS...
      Found 1 models
      ✅ Added models for CANAGE CUSTOM TRAILERS

   🔍 Fetching models for CANAJOHARIE CUSTOMS...
      Found 1 models
      ✅ Added models for CANAJOHARIE CUSTOMS

   🔍 Fetching models for CANCADE COMPANY LIMITED...
      Found 1 models
      ✅ Added models for CANCADE COMPANY LIMITED

   🔍 Fetching models for CANNONDALE CORPORATION...
      Found 1 models
      ✅ Added models for CANNONDALE CORPORATION

   🔍 Fetching models for CANOETOTE...
      Found 1 models
      ✅ Added models for CANOETOTE

   🔍 Fetching models for CANOO...
      Found 5 models
      ✅ Added models for CANOO

   🔍 Fetching models for CANYON TRAILER...
      Found 2 models
      ✅ Added models for CANYON TRAILER

   🔍 Fetching models for CANYON TRAILERS...
      Found 1 models
      ✅ Added models for CANYON TRAILERS

   🔍 Fetching models for CANYONLAND COACH...
      Found 1 models
      ✅ Added models for CANYONLAND COACH

   🔍 Fetching models for CAOFEN...
      Found 32 models
      ✅ Added models for CAOFEN

   🔍 Fetching models for CAPACITY TRUCKS...
      Found 27 models
      ✅ Added models for CAPACITY TRUCKS

   🔍 Fetching models for CAPCO...
      Found 1 models
      ✅ Added models for CAPCO

   🔍 Fetching models for CAPE FEAR MANUFACTURING, LLC...
      Found 1 models
      ✅ Added models for CAPE FEAR MANUFACTURING, LLC

   🔍 Fetching models for CAPITAL AUTOMOTIVE...
      Found 1 models
      ✅ Added models for CAPITAL AUTOMOTIVE

   🔍 Fetching models for CAPITAL INDUSTRIAL...
      Found 1 models
      ✅ Added models for CAPITAL INDUSTRIAL

   🔍 Fetching models for CAPITAL PUMP & EQUIPMENT...
      Found 1 models
      ✅ Added models for CAPITAL PUMP & EQUIPMENT

   🔍 Fetching models for CAPITAL TRAILER...
      Found 1 models
      ✅ Added models for CAPITAL TRAILER

   🔍 Fetching models for CAPITOL PACKAGING...
      Found 1 models
      ✅ Added models for CAPITOL PACKAGING

   🔍 Fetching models for CAPONE...
      Found 2 models
      ✅ Added models for CAPONE

   🔍 Fetching models for CAPSTONE...
      Found 2 models
      ✅ Added models for CAPSTONE

   🔍 Fetching models for CAPSTONE COMMERCE...
      Found 1 models
      ✅ Added models for CAPSTONE COMMERCE

   🔍 Fetching models for CAR MATE TRAILERS...
      Found 1 models
      ✅ Added models for CAR MATE TRAILERS

   🔍 Fetching models for CAR REPLICA TRAILERS...
      Found 1 models
      ✅ Added models for CAR REPLICA TRAILERS

   🔍 Fetching models for CAR TWIN TRAILERS INC...
      Found 5 models
      ✅ Added models for CAR TWIN TRAILERS INC

   🔍 Fetching models for CAR*MATE TRAILERS...
      Found 1 models
      ✅ Added models for CAR*MATE TRAILERS

   🔍 Fetching models for CAR-TEX TRAILER COMPANY INC....
Error fetching models for CAR-TEX TRAILER COMPANY INC. from NHTSA vPIC: SyntaxError: Unexpected token '<', "<!DOCTYPE "... is not valid JSON
    at JSON.parse (<anonymous>)
    at parseJSONFromBytes (node:internal/deps/undici/undici:5419:19)
    at successSteps (node:internal/deps/undici/undici:5390:27)
    at fullyReadBody (node:internal/deps/undici/undici:1501:9)
    at process.processTicksAndRejections (node:internal/process/task_queues:95:5)
    at async specConsumeBody (node:internal/deps/undici/undici:5399:7)
    at Object.getModelsForMake (C:\Users\tfort\Desktop\Projects\the-pickard\src\lib\nhtsa-vpic-api.ts:78:18)
    at populateModels (C:\Users\tfort\Desktop\Projects\the-pickard\scripts\populate-vehicle-data.ts:175:22)
    at main (C:\Users\tfort\Desktop\Projects\the-pickard\scripts\populate-vehicle-data.ts:353:7)
      Found 0 models
      ✅ Added models for CAR-TEX TRAILER COMPANY INC.

   🔍 Fetching models for CARAPACE CAMPERS...
      Found 1 models
      ✅ Added models for CARAPACE CAMPERS

   🔍 Fetching models for CARBO TECH, INC...
      Found 3 models
      ✅ Added models for CARBO TECH, INC

   🔍 Fetching models for CARBODIES...
      Found 1 models
      ✅ Added models for CARBODIES

   🔍 Fetching models for CARBON...
      Found 1 models
      ✅ Added models for CARBON

   🔍 Fetching models for CARDALE INDUSTRIES...
      Found 1 models
      ✅ Added models for CARDALE INDUSTRIES

   🔍 Fetching models for CARDEL...
      Found 2 models
      ✅ Added models for CARDEL

   🔍 Fetching models for CARDER'S CUSTOM CYCLES...
      Found 1 models
      ✅ Added models for CARDER'S CUSTOM CYCLES

   🔍 Fetching models for CARDINAL...
      Found 2 models
      ✅ Added models for CARDINAL

   🔍 Fetching models for CARDINAL TRAILER...
      Found 1 models
      ✅ Added models for CARDINAL TRAILER

   🔍 Fetching models for CARE IND...
      Found 4 models
      ✅ Added models for CARE IND

   🔍 Fetching models for CARE INDUSTRIES LTD...
      Found 3 models
      ✅ Added models for CARE INDUSTRIES LTD

   🔍 Fetching models for CAREDI...
      Found 1 models
      ✅ Added models for CAREDI

   🔍 Fetching models for CAREFREE CUSTOM CYCLES...
      Found 9 models
      ✅ Added models for CAREFREE CUSTOM CYCLES

   🔍 Fetching models for CARETTA, LLC...
      Found 1 models
      ✅ Added models for CARETTA, LLC

   🔍 Fetching models for CARGA FACIL...
      Found 1 models
      ✅ Added models for CARGA FACIL

   🔍 Fetching models for CARGO - VC...
      Found 1 models
      ✅ Added models for CARGO - VC

   🔍 Fetching models for CARGO AMERICA...
      Found 1 models
      ✅ Added models for CARGO AMERICA

   🔍 Fetching models for CARGO CRAFT ,INC....
Error fetching models for CARGO CRAFT ,INC. from NHTSA vPIC: SyntaxError: Unexpected token '<', "<!DOCTYPE "... is not valid JSON
    at JSON.parse (<anonymous>)
    at parseJSONFromBytes (node:internal/deps/undici/undici:5419:19)
    at successSteps (node:internal/deps/undici/undici:5390:27)
    at fullyReadBody (node:internal/deps/undici/undici:1501:9)
    at process.processTicksAndRejections (node:internal/process/task_queues:95:5)
    at async specConsumeBody (node:internal/deps/undici/undici:5399:7)
    at Object.getModelsForMake (C:\Users\tfort\Desktop\Projects\the-pickard\src\lib\nhtsa-vpic-api.ts:78:18)
    at populateModels (C:\Users\tfort\Desktop\Projects\the-pickard\scripts\populate-vehicle-data.ts:175:22)
    at main (C:\Users\tfort\Desktop\Projects\the-pickard\scripts\populate-vehicle-data.ts:353:7)
      Found 0 models
      ✅ Added models for CARGO CRAFT ,INC.

   🔍 Fetching models for CARGO EXPRESS TRAILERS...
      Found 1 models
      ✅ Added models for CARGO EXPRESS TRAILERS

   🔍 Fetching models for CARGO MASTERS TRAILER MFG & SALES...
      Found 1 models
      ✅ Added models for CARGO MASTERS TRAILER MFG & SALES

   🔍 Fetching models for CARGO PLUS...
      Found 1 models
      ✅ Added models for CARGO PLUS

   🔍 Fetching models for CARGO PRO, INC...
      Found 1 models
      ✅ Added models for CARGO PRO, INC

   🔍 Fetching models for CARGO SOUTH...
      Found 1 models
      ✅ Added models for CARGO SOUTH

   🔍 Fetching models for CARGO TRAILER SALES...
      Found 1 models
      ✅ Added models for CARGO TRAILER SALES

   🔍 Fetching models for CARGO UNITED, LLC...
      Found 1 models
      ✅ Added models for CARGO UNITED, LLC

   🔍 Fetching models for CARGO-LINER INC...
      Found 1 models
      ✅ Added models for CARGO-LINER INC

   🔍 Fetching models for CARIBEAN...
      Found 1 models
      ✅ Added models for CARIBEAN

   🔍 Fetching models for CARISMA TRAILERS...
      Found 1 models
      ✅ Added models for CARISMA TRAILERS

   🔍 Fetching models for CARLIN MANUFACTURING, INC....
Error fetching models for CARLIN MANUFACTURING, INC. from NHTSA vPIC: SyntaxError: Unexpected token '<', "<!DOCTYPE "... is not valid JSON
    at JSON.parse (<anonymous>)
    at parseJSONFromBytes (node:internal/deps/undici/undici:5419:19)
    at successSteps (node:internal/deps/undici/undici:5390:27)
    at fullyReadBody (node:internal/deps/undici/undici:1501:9)
    at process.processTicksAndRejections (node:internal/process/task_queues:95:5)
    at async specConsumeBody (node:internal/deps/undici/undici:5399:7)
    at Object.getModelsForMake (C:\Users\tfort\Desktop\Projects\the-pickard\src\lib\nhtsa-vpic-api.ts:78:18)
    at populateModels (C:\Users\tfort\Desktop\Projects\the-pickard\scripts\populate-vehicle-data.ts:175:22)
    at main (C:\Users\tfort\Desktop\Projects\the-pickard\scripts\populate-vehicle-data.ts:353:7)
      Found 0 models
      ✅ Added models for CARLIN MANUFACTURING, INC.

   🔍 Fetching models for CARLSONS...
      Found 1 models
      ✅ Added models for CARLSONS

   🔍 Fetching models for CARLTON PROFESSIONAL TREE EQUIPMENT...
      Found 25 models
      ✅ Added models for CARLTON PROFESSIONAL TREE EQUIPMENT

   🔍 Fetching models for CARMEX...
      Found 1 models
      ✅ Added models for CARMEX

   🔍 Fetching models for CARMONA PRESTIGE HOMES...
      Found 9 models
      ✅ Added models for CARMONA PRESTIGE HOMES

   🔍 Fetching models for CARNAI TRAILERS INC....
Error fetching models for CARNAI TRAILERS INC. from NHTSA vPIC: SyntaxError: Unexpected token '<', "<!DOCTYPE "... is not valid JSON
    at JSON.parse (<anonymous>)
    at parseJSONFromBytes (node:internal/deps/undici/undici:5419:19)
    at successSteps (node:internal/deps/undici/undici:5390:27)
    at fullyReadBody (node:internal/deps/undici/undici:1501:9)
    at process.processTicksAndRejections (node:internal/process/task_queues:95:5)
    at async specConsumeBody (node:internal/deps/undici/undici:5399:7)
    at Object.getModelsForMake (C:\Users\tfort\Desktop\Projects\the-pickard\src\lib\nhtsa-vpic-api.ts:78:18)
    at populateModels (C:\Users\tfort\Desktop\Projects\the-pickard\scripts\populate-vehicle-data.ts:175:22)
    at main (C:\Users\tfort\Desktop\Projects\the-pickard\scripts\populate-vehicle-data.ts:353:7)
      Found 0 models
      ✅ Added models for CARNAI TRAILERS INC.

   🔍 Fetching models for CAROLINA BOATS & CARS...
      Found 1 models
      ✅ Added models for CAROLINA BOATS & CARS

   🔍 Fetching models for CAROLINA CARRIAGE...
      Found 1 models
      ✅ Added models for CAROLINA CARRIAGE

   🔍 Fetching models for CAROLINA CHOPPERS...
      Found 1 models
      ✅ Added models for CAROLINA CHOPPERS

   🔍 Fetching models for CAROLINA CLASSIC...
      Found 1 models
      ✅ Added models for CAROLINA CLASSIC

   🔍 Fetching models for CAROLINA CUSTOM MFG....
Error fetching models for CAROLINA CUSTOM MFG. from NHTSA vPIC: SyntaxError: Unexpected token '<', "<!DOCTYPE "... is not valid JSON
    at JSON.parse (<anonymous>)
    at parseJSONFromBytes (node:internal/deps/undici/undici:5419:19)
    at successSteps (node:internal/deps/undici/undici:5390:27)
    at fullyReadBody (node:internal/deps/undici/undici:1501:9)
    at process.processTicksAndRejections (node:internal/process/task_queues:95:5)
    at async specConsumeBody (node:internal/deps/undici/undici:5399:7)
    at Object.getModelsForMake (C:\Users\tfort\Desktop\Projects\the-pickard\src\lib\nhtsa-vpic-api.ts:78:18)
    at populateModels (C:\Users\tfort\Desktop\Projects\the-pickard\scripts\populate-vehicle-data.ts:175:22)
    at main (C:\Users\tfort\Desktop\Projects\the-pickard\scripts\populate-vehicle-data.ts:353:7)
      Found 0 models
      ✅ Added models for CAROLINA CUSTOM MFG.

   🔍 Fetching models for CAROLINA CUSTOM PRODUCTS...
      Found 1 models
      ✅ Added models for CAROLINA CUSTOM PRODUCTS

   🔍 Fetching models for CAROLINA EQUIPMENT & SUPPLY...
      Found 1 models
      ✅ Added models for CAROLINA EQUIPMENT & SUPPLY

   🔍 Fetching models for CAROLINA EQUIPMENT SALES, INC....
Error fetching models for CAROLINA EQUIPMENT SALES, INC. from NHTSA vPIC: SyntaxError: Unexpected token '<', "<!DOCTYPE "... is not valid JSON
    at JSON.parse (<anonymous>)
    at parseJSONFromBytes (node:internal/deps/undici/undici:5419:19)
    at successSteps (node:internal/deps/undici/undici:5390:27)
    at fullyReadBody (node:internal/deps/undici/undici:1501:9)
    at process.processTicksAndRejections (node:internal/process/task_queues:95:5)
    at async specConsumeBody (node:internal/deps/undici/undici:5399:7)
    at Object.getModelsForMake (C:\Users\tfort\Desktop\Projects\the-pickard\src\lib\nhtsa-vpic-api.ts:78:18)
    at populateModels (C:\Users\tfort\Desktop\Projects\the-pickard\scripts\populate-vehicle-data.ts:175:22)
    at main (C:\Users\tfort\Desktop\Projects\the-pickard\scripts\populate-vehicle-data.ts:353:7)
      Found 0 models
      ✅ Added models for CAROLINA EQUIPMENT SALES, INC.

   🔍 Fetching models for CAROLINA GROWLER...
      Found 1 models
      ✅ Added models for CAROLINA GROWLER

   🔍 Fetching models for CAROLINA HITCH & TRUCK...
      Found 1 models
      ✅ Added models for CAROLINA HITCH & TRUCK

   🔍 Fetching models for CAROLINA RUNNING GEAR...
      Found 2 models
      ✅ Added models for CAROLINA RUNNING GEAR

   🔍 Fetching models for CAROLINA RUNNING GEAR (TRI-STATE INDUSTRIES)...
      Found 1 models
      ✅ Added models for CAROLINA RUNNING GEAR (TRI-STATE INDUSTRIES)

   🔍 Fetching models for CAROLINA SERVICES...
      Found 1 models
      ✅ Added models for CAROLINA SERVICES

   🔍 Fetching models for CAROLINA STEELWORKS, LLC...
      Found 1 models
      ✅ Added models for CAROLINA STEELWORKS, LLC

   🔍 Fetching models for CAROLINA TRAILERS & EQUIPMENT...
      Found 1 models
      ✅ Added models for CAROLINA TRAILERS & EQUIPMENT

   🔍 Fetching models for CAROLINA TRAILERS DIRECT, LLC...
      Found 1 models
      ✅ Added models for CAROLINA TRAILERS DIRECT, LLC

   🔍 Fetching models for CAROLINA TRIKES & MINIS...
      Found 1 models
      ✅ Added models for CAROLINA TRIKES & MINIS

   🔍 Fetching models for CARRANZA TRAILERS...
      Found 1 models
      ✅ Added models for CARRANZA TRAILERS

   🔍 Fetching models for CARRIAGE...
      Found 8 models
      ✅ Added models for CARRIAGE

   🔍 Fetching models for CARRIAGES...
      Found 1 models
      ✅ Added models for CARRIAGES

   🔍 Fetching models for CARRIER SYSTEMS, LLC...
      Found 1 models
      ✅ Added models for CARRIER SYSTEMS, LLC

   🔍 Fetching models for CARRIER TRAILER MFG....
Error fetching models for CARRIER TRAILER MFG. from NHTSA vPIC: SyntaxError: Unexpected token '<', "<!DOCTYPE "... is not valid JSON
    at JSON.parse (<anonymous>)
    at parseJSONFromBytes (node:internal/deps/undici/undici:5419:19)
    at successSteps (node:internal/deps/undici/undici:5390:27)
    at fullyReadBody (node:internal/deps/undici/undici:1501:9)
    at process.processTicksAndRejections (node:internal/process/task_queues:95:5)
    at async specConsumeBody (node:internal/deps/undici/undici:5399:7)
    at Object.getModelsForMake (C:\Users\tfort\Desktop\Projects\the-pickard\src\lib\nhtsa-vpic-api.ts:78:18)
    at populateModels (C:\Users\tfort\Desktop\Projects\the-pickard\scripts\populate-vehicle-data.ts:175:22)
    at main (C:\Users\tfort\Desktop\Projects\the-pickard\scripts\populate-vehicle-data.ts:353:7)
      Found 0 models
      ✅ Added models for CARRIER TRAILER MFG.

   🔍 Fetching models for CARRIER TRANSPORTS, INC...
      Found 0 models
      ✅ Added models for CARRIER TRANSPORTS, INC

   🔍 Fetching models for CARROCERIAS AYATS...
      Found 4 models
      ✅ Added models for CARROCERIAS AYATS

   🔍 Fetching models for CARROCERIAS DE LUCIO...
      Found 1 models
      ✅ Added models for CARROCERIAS DE LUCIO

   🔍 Fetching models for CARROCERIAS FEHR...
      Found 1 models
      ✅ Added models for CARROCERIAS FEHR

   🔍 Fetching models for CARROCERIAS GALLEGOS...
      Found 1 models
      ✅ Added models for CARROCERIAS GALLEGOS

   🔍 Fetching models for CARRON TRUCK REPAIR LTD...
      Found 1 models
      ✅ Added models for CARRON TRUCK REPAIR LTD

   🔍 Fetching models for CARRY-ON TRAILER...
      Found 2 models
      ✅ Added models for CARRY-ON TRAILER

   🔍 Fetching models for CARSON TRAILER...
      Found 1 models
      ✅ Added models for CARSON TRAILER

   🔍 Fetching models for CARSON'S TRAILER MANUFACTURING...
      Found 1 models
      ✅ Added models for CARSON'S TRAILER MANUFACTURING

   🔍 Fetching models for CART COMPANY...
      Found 12 models
      ✅ Added models for CART COMPANY

   🔍 Fetching models for CART HAULERS...
      Found 1 models
      ✅ Added models for CART HAULERS

   🔍 Fetching models for CART KINGS...
      Found 1 models
      ✅ Added models for CART KINGS

   🔍 Fetching models for CART MASTERS INC....
Error fetching models for CART MASTERS INC. from NHTSA vPIC: SyntaxError: Unexpected token '<', "<!DOCTYPE "... is not valid JSON
    at JSON.parse (<anonymous>)
    at parseJSONFromBytes (node:internal/deps/undici/undici:5419:19)
    at successSteps (node:internal/deps/undici/undici:5390:27)
    at fullyReadBody (node:internal/deps/undici/undici:1501:9)
    at process.processTicksAndRejections (node:internal/process/task_queues:95:5)
    at async specConsumeBody (node:internal/deps/undici/undici:5399:7)
    at Object.getModelsForMake (C:\Users\tfort\Desktop\Projects\the-pickard\src\lib\nhtsa-vpic-api.ts:78:18)
    at populateModels (C:\Users\tfort\Desktop\Projects\the-pickard\scripts\populate-vehicle-data.ts:175:22)
    at main (C:\Users\tfort\Desktop\Projects\the-pickard\scripts\populate-vehicle-data.ts:353:7)
      Found 0 models
      ✅ Added models for CART MASTERS INC.

   🔍 Fetching models for CART-AWAY CONCRETE...
      Found 6 models
      ✅ Added models for CART-AWAY CONCRETE

   🔍 Fetching models for CARTER BROTHERS MFG. CO. INC...
Error fetching models for CARTER BROTHERS MFG. CO. INC from NHTSA vPIC: SyntaxError: Unexpected token '<', "<!DOCTYPE "... is not valid JSON
    at JSON.parse (<anonymous>)
    at parseJSONFromBytes (node:internal/deps/undici/undici:5419:19)
    at successSteps (node:internal/deps/undici/undici:5390:27)
    at fullyReadBody (node:internal/deps/undici/undici:1501:9)
    at process.processTicksAndRejections (node:internal/process/task_queues:95:5)
    at async specConsumeBody (node:internal/deps/undici/undici:5399:7)
    at Object.getModelsForMake (C:\Users\tfort\Desktop\Projects\the-pickard\src\lib\nhtsa-vpic-api.ts:78:18)
    at populateModels (C:\Users\tfort\Desktop\Projects\the-pickard\scripts\populate-vehicle-data.ts:175:22)
    at main (C:\Users\tfort\Desktop\Projects\the-pickard\scripts\populate-vehicle-data.ts:353:7)
      Found 0 models
      ✅ Added models for CARTER BROTHERS MFG. CO. INC

   🔍 Fetching models for CARTER TRAILERS...
      Found 1 models
      ✅ Added models for CARTER TRAILERS

   🔍 Fetching models for CARTER'S FABRICATION & DESIGN CO...
      Found 1 models
      ✅ Added models for CARTER'S FABRICATION & DESIGN CO

   🔍 Fetching models for CARTS UNLIMITED...
      Found 5 models
      ✅ Added models for CARTS UNLIMITED

   🔍 Fetching models for CARTSERVICES...
      Found 1 models
      ✅ Added models for CARTSERVICES

   🔍 Fetching models for CARY CART COMPANY...
      Found 1 models
      ✅ Added models for CARY CART COMPANY

   🔍 Fetching models for CARY FAAS RACING DBA CFRINC...
      Found 1 models
      ✅ Added models for CARY FAAS RACING DBA CFRINC

   🔍 Fetching models for CASCADE CUSTOM MANUFACTURING INC....
Error fetching models for CASCADE CUSTOM MANUFACTURING INC. from NHTSA vPIC: SyntaxError: Unexpected token '<', "<!DOCTYPE "... is not valid JSON
    at JSON.parse (<anonymous>)
    at parseJSONFromBytes (node:internal/deps/undici/undici:5419:19)
    at successSteps (node:internal/deps/undici/undici:5390:27)
    at fullyReadBody (node:internal/deps/undici/undici:1501:9)
    at process.processTicksAndRejections (node:internal/process/task_queues:95:5)
    at async specConsumeBody (node:internal/deps/undici/undici:5399:7)
    at Object.getModelsForMake (C:\Users\tfort\Desktop\Projects\the-pickard\src\lib\nhtsa-vpic-api.ts:78:18)
    at populateModels (C:\Users\tfort\Desktop\Projects\the-pickard\scripts\populate-vehicle-data.ts:175:22)
    at main (C:\Users\tfort\Desktop\Projects\the-pickard\scripts\populate-vehicle-data.ts:353:7)
      Found 0 models
      ✅ Added models for CASCADE CUSTOM MANUFACTURING INC.

   🔍 Fetching models for CASCADE GENERAL INC...
      Found 1 models
      ✅ Added models for CASCADE GENERAL INC

   🔍 Fetching models for CASCADE TRAILER & TRUCK...
      Found 1 models
      ✅ Added models for CASCADE TRAILER & TRUCK

   🔍 Fetching models for CASCADIAN CO...
      Found 1 models
      ✅ Added models for CASCADIAN CO

   🔍 Fetching models for CASCON TRANSPORTATION EQUIPMENT...
      Found 1 models
      ✅ Added models for CASCON TRANSPORTATION EQUIPMENT

   🔍 Fetching models for CASINJAC...
      Found 1 models
      ✅ Added models for CASINJAC

   🔍 Fetching models for CASITA ENTERPRISES, INC....
Error fetching models for CASITA ENTERPRISES, INC. from NHTSA vPIC: SyntaxError: Unexpected token '<', "<!DOCTYPE "... is not valid JSON
    at JSON.parse (<anonymous>)
    at parseJSONFromBytes (node:internal/deps/undici/undici:5419:19)
    at successSteps (node:internal/deps/undici/undici:5390:27)
    at fullyReadBody (node:internal/deps/undici/undici:1501:9)
    at process.processTicksAndRejections (node:internal/process/task_queues:95:5)
    at async specConsumeBody (node:internal/deps/undici/undici:5399:7)
    at Object.getModelsForMake (C:\Users\tfort\Desktop\Projects\the-pickard\src\lib\nhtsa-vpic-api.ts:78:18)
    at populateModels (C:\Users\tfort\Desktop\Projects\the-pickard\scripts\populate-vehicle-data.ts:175:22)
    at main (C:\Users\tfort\Desktop\Projects\the-pickard\scripts\populate-vehicle-data.ts:353:7)
      Found 0 models
      ✅ Added models for CASITA ENTERPRISES, INC.

   🔍 Fetching models for CASPER'S CARTS...
      Found 5 models
      ✅ Added models for CASPER'S CARTS

   🔍 Fetching models for CASTLE MOTORCYCLE...
      Found 3 models
      ✅ Added models for CASTLE MOTORCYCLE

   🔍 Fetching models for CASTLEROCK MOTORCYCLES...
      Found 1 models
      ✅ Added models for CASTLEROCK MOTORCYCLES

   🔍 Fetching models for CAT TRAILERS...
      Found 1 models
      ✅ Added models for CAT TRAILERS

   🔍 Fetching models for CATA - MARINE...
      Found 1 models
      ✅ Added models for CATA - MARINE

   🔍 Fetching models for CATALINA MARINA...
      Found 0 models
      ✅ Added models for CATALINA MARINA

   🔍 Fetching models for CATAMARAN CRUISERS...
      Found 1 models
      ✅ Added models for CATAMARAN CRUISERS

   🔍 Fetching models for CATERPILLAR...
      Found 21 models
      ✅ Added models for CATERPILLAR

   🔍 Fetching models for CATES...
      Found 1 models
      ✅ Added models for CATES

   🔍 Fetching models for CATO CUSTOMS...
      Found 1 models
      ✅ Added models for CATO CUSTOMS

   🔍 Fetching models for CATOLAC...
      Found 1 models
      ✅ Added models for CATOLAC

   🔍 Fetching models for CATTLE COUNTRY EQUIPMENT...
      Found 1 models
      ✅ Added models for CATTLE COUNTRY EQUIPMENT

   🔍 Fetching models for CAVALIER - VC...
      Found 1 models
      ✅ Added models for CAVALIER - VC

   🔍 Fetching models for CAWLEY CREEK...
      Found 2 models
      ✅ Added models for CAWLEY CREEK

   🔍 Fetching models for CAWLEY CREEK TRAILER...
      Found 1 models
      ✅ Added models for CAWLEY CREEK TRAILER

   🔍 Fetching models for CAZGIRCAZGIR-TOCCAZGIR CRYOGENICS...
      Found 1 models
      ✅ Added models for CAZGIRCAZGIR-TOCCAZGIR CRYOGENICS

   🔍 Fetching models for CAZZANI CUSTOM CYCLES...
      Found 1 models
      ✅ Added models for CAZZANI CUSTOM CYCLES

   🔍 Fetching models for CC...
      Found 99 models
      ✅ Added models for CC

   🔍 Fetching models for CC CYCLES...
      Found 0 models
      ✅ Added models for CC CYCLES

   🔍 Fetching models for CC LSV...
      Found 1 models
      ✅ Added models for CC LSV

   🔍 Fetching models for CC TINY ...
Error fetching models for CC TINY  from NHTSA vPIC: SyntaxError: Unexpected token '<', "<!DOCTYPE "... is not valid JSON
    at JSON.parse (<anonymous>)
    at parseJSONFromBytes (node:internal/deps/undici/undici:5419:19)
    at successSteps (node:internal/deps/undici/undici:5390:27)
    at fullyReadBody (node:internal/deps/undici/undici:1501:9)
    at process.processTicksAndRejections (node:internal/process/task_queues:95:5)
    at async specConsumeBody (node:internal/deps/undici/undici:5399:7)
    at Object.getModelsForMake (C:\Users\tfort\Desktop\Projects\the-pickard\src\lib\nhtsa-vpic-api.ts:78:18)
    at populateModels (C:\Users\tfort\Desktop\Projects\the-pickard\scripts\populate-vehicle-data.ts:175:22)
    at main (C:\Users\tfort\Desktop\Projects\the-pickard\scripts\populate-vehicle-data.ts:353:7)
      Found 0 models
      ✅ Added models for CC TINY 

   🔍 Fetching models for CC TRIKES & CUSTOM BIKES...
      Found 5 models
      ✅ Added models for CC TRIKES & CUSTOM BIKES

   🔍 Fetching models for CC WELDING & SANDBLASTING SERVICES LLC...
      Found 1 models
      ✅ Added models for CC WELDING & SANDBLASTING SERVICES LLC

   🔍 Fetching models for CCC...
      Found 28 models
      ✅ Added models for CCC

   🔍 Fetching models for CCG CORPORATION...
      Found 1 models
      ✅ Added models for CCG CORPORATION

   🔍 Fetching models for CD PMF...
      Found 1 models
      ✅ Added models for CD PMF

   🔍 Fetching models for CDF TRAILERS...
      Found 1 models
      ✅ Added models for CDF TRAILERS

   🔍 Fetching models for CDH INDUSTRIES...
      Found 1 models
      ✅ Added models for CDH INDUSTRIES

   🔍 Fetching models for CDK MOBILE SYSTEMS, INC....
Error fetching models for CDK MOBILE SYSTEMS, INC. from NHTSA vPIC: SyntaxError: Unexpected token '<', "<!DOCTYPE "... is not valid JSON
    at JSON.parse (<anonymous>)
    at parseJSONFromBytes (node:internal/deps/undici/undici:5419:19)
    at successSteps (node:internal/deps/undici/undici:5390:27)
    at fullyReadBody (node:internal/deps/undici/undici:1501:9)
    at process.processTicksAndRejections (node:internal/process/task_queues:95:5)
    at async specConsumeBody (node:internal/deps/undici/undici:5399:7)
    at Object.getModelsForMake (C:\Users\tfort\Desktop\Projects\the-pickard\src\lib\nhtsa-vpic-api.ts:78:18)
    at populateModels (C:\Users\tfort\Desktop\Projects\the-pickard\scripts\populate-vehicle-data.ts:175:22)
    at main (C:\Users\tfort\Desktop\Projects\the-pickard\scripts\populate-vehicle-data.ts:353:7)
      Found 0 models
      ✅ Added models for CDK MOBILE SYSTEMS, INC.

   🔍 Fetching models for CDM...
      Found 1 models
      ✅ Added models for CDM

   🔍 Fetching models for CDS CORP....
Error fetching models for CDS CORP. from NHTSA vPIC: SyntaxError: Unexpected token '<', "<!DOCTYPE "... is not valid JSON
    at JSON.parse (<anonymous>)
    at parseJSONFromBytes (node:internal/deps/undici/undici:5419:19)
    at successSteps (node:internal/deps/undici/undici:5390:27)
    at fullyReadBody (node:internal/deps/undici/undici:1501:9)
    at process.processTicksAndRejections (node:internal/process/task_queues:95:5)
    at async specConsumeBody (node:internal/deps/undici/undici:5399:7)
    at Object.getModelsForMake (C:\Users\tfort\Desktop\Projects\the-pickard\src\lib\nhtsa-vpic-api.ts:78:18)
    at populateModels (C:\Users\tfort\Desktop\Projects\the-pickard\scripts\populate-vehicle-data.ts:175:22)
    at main (C:\Users\tfort\Desktop\Projects\the-pickard\scripts\populate-vehicle-data.ts:353:7)
      Found 0 models
      ✅ Added models for CDS CORP.

   🔍 Fetching models for CECO EQUIPMENT INC....
Error fetching models for CECO EQUIPMENT INC. from NHTSA vPIC: SyntaxError: Unexpected token '<', "<!DOCTYPE "... is not valid JSON
    at JSON.parse (<anonymous>)
    at parseJSONFromBytes (node:internal/deps/undici/undici:5419:19)
    at successSteps (node:internal/deps/undici/undici:5390:27)
    at fullyReadBody (node:internal/deps/undici/undici:1501:9)
    at process.processTicksAndRejections (node:internal/process/task_queues:95:5)
    at async specConsumeBody (node:internal/deps/undici/undici:5399:7)
    at Object.getModelsForMake (C:\Users\tfort\Desktop\Projects\the-pickard\src\lib\nhtsa-vpic-api.ts:78:18)
    at populateModels (C:\Users\tfort\Desktop\Projects\the-pickard\scripts\populate-vehicle-data.ts:175:22)
    at main (C:\Users\tfort\Desktop\Projects\the-pickard\scripts\populate-vehicle-data.ts:353:7)
      Found 0 models
      ✅ Added models for CECO EQUIPMENT INC.

   🔍 Fetching models for CECZA...
      Found 1 models
      ✅ Added models for CECZA

   🔍 Fetching models for CEDAR CREST PARK HOMES INC...
      Found 1 models
      ✅ Added models for CEDAR CREST PARK HOMES INC

   🔍 Fetching models for CEDAR RIDGE...
      Found 1 models
      ✅ Added models for CEDAR RIDGE

   🔍 Fetching models for CEE-JAY TOOL COMPANY...
      Found 1 models
      ✅ Added models for CEE-JAY TOOL COMPANY

   🔍 Fetching models for CEI EQUIPMENT COMPANY, INC....
Error fetching models for CEI EQUIPMENT COMPANY, INC. from NHTSA vPIC: SyntaxError: Unexpected token '<', "<!DOCTYPE "... is not valid JSON
    at JSON.parse (<anonymous>)
    at parseJSONFromBytes (node:internal/deps/undici/undici:5419:19)
    at successSteps (node:internal/deps/undici/undici:5390:27)
    at fullyReadBody (node:internal/deps/undici/undici:1501:9)
    at process.processTicksAndRejections (node:internal/process/task_queues:95:5)
    at async specConsumeBody (node:internal/deps/undici/undici:5399:7)
    at Object.getModelsForMake (C:\Users\tfort\Desktop\Projects\the-pickard\src\lib\nhtsa-vpic-api.ts:78:18)
    at populateModels (C:\Users\tfort\Desktop\Projects\the-pickard\scripts\populate-vehicle-data.ts:175:22)
    at main (C:\Users\tfort\Desktop\Projects\the-pickard\scripts\populate-vehicle-data.ts:353:7)
      Found 0 models
      ✅ Added models for CEI EQUIPMENT COMPANY, INC.

   🔍 Fetching models for CELL CARAVAN...
      Found 1 models
      ✅ Added models for CELL CARAVAN

   🔍 Fetching models for CELLTECH...
      Found 2 models
      ✅ Added models for CELLTECH

   🔍 Fetching models for CELLTECH TRAILERS...
      Found 1 models
      ✅ Added models for CELLTECH TRAILERS

   🔍 Fetching models for CELLXION...
      Found 1 models
      ✅ Added models for CELLXION

   🔍 Fetching models for CELTIC...
      Found 1 models
      ✅ Added models for CELTIC

   🔍 Fetching models for CEMENTECH...
      Found 1 models
      ✅ Added models for CEMENTECH

   🔍 Fetching models for CENNTRO...
      Found 4 models
      ✅ Added models for CENNTRO

   🔍 Fetching models for CENTAURO...
      Found 1 models
      ✅ Added models for CENTAURO

   🔍 Fetching models for CENTECH SPECIALTY VEHICLES...
      Found 1 models
      ✅ Added models for CENTECH SPECIALTY VEHICLES

   🔍 Fetching models for CENTER CREEK TEARDROPS...
      Found 1 models
      ✅ Added models for CENTER CREEK TEARDROPS

   🔍 Fetching models for CENTER LINE FABRICATORS, INC...
      Found 1 models
      ✅ Added models for CENTER LINE FABRICATORS, INC

   🔍 Fetching models for CENTERFOLD...
      Found 1 models
      ✅ Added models for CENTERFOLD

   🔍 Fetching models for CENTEX...
      Found 2 models
      ✅ Added models for CENTEX

   🔍 Fetching models for CENTEX SMOKERS...
      Found 1 models
      ✅ Added models for CENTEX SMOKERS

   🔍 Fetching models for CENTINELA STATE PRISON...
      Found 1 models
      ✅ Added models for CENTINELA STATE PRISON

   🔍 Fetching models for CENTRAL ALABAMA TRAILER & TRUCK EQUIPMENT...
      Found 2 models
      ✅ Added models for CENTRAL ALABAMA TRAILER & TRUCK EQUIPMENT

   🔍 Fetching models for CENTRAL FLORIDA BOAT TRAILERS...
      Found 1 models
      ✅ Added models for CENTRAL FLORIDA BOAT TRAILERS

   🔍 Fetching models for CENTRAL FLORIDA CHOPPERS...
      Found 9 models
      ✅ Added models for CENTRAL FLORIDA CHOPPERS

   🔍 Fetching models for CENTRAL FLORIDA TRAILERS SALES, INC....
Error fetching models for CENTRAL FLORIDA TRAILERS SALES, INC. from NHTSA vPIC: SyntaxError: Unexpected token '<', "<!DOCTYPE "... is not valid JSON
    at JSON.parse (<anonymous>)
    at parseJSONFromBytes (node:internal/deps/undici/undici:5419:19)
    at successSteps (node:internal/deps/undici/undici:5390:27)
    at fullyReadBody (node:internal/deps/undici/undici:1501:9)
    at process.processTicksAndRejections (node:internal/process/task_queues:95:5)
    at async specConsumeBody (node:internal/deps/undici/undici:5399:7)
    at Object.getModelsForMake (C:\Users\tfort\Desktop\Projects\the-pickard\src\lib\nhtsa-vpic-api.ts:78:18)
    at populateModels (C:\Users\tfort\Desktop\Projects\the-pickard\scripts\populate-vehicle-data.ts:175:22)
    at main (C:\Users\tfort\Desktop\Projects\the-pickard\scripts\populate-vehicle-data.ts:353:7)
      Found 0 models
      ✅ Added models for CENTRAL FLORIDA TRAILERS SALES, INC.

   🔍 Fetching models for CENTRAL MONTANA PANELS...
      Found 1 models
      ✅ Added models for CENTRAL MONTANA PANELS

   🔍 Fetching models for CENTRAL MS CUSTOM BUILT TRAILERS...
      Found 1 models
      ✅ Added models for CENTRAL MS CUSTOM BUILT TRAILERS

   🔍 Fetching models for CENTRAL OHIO FABRICATION...
      Found 1 models
      ✅ Added models for CENTRAL OHIO FABRICATION

   🔍 Fetching models for CENTRAL PARTS WELDING, LLC...
      Found 1 models
      ✅ Added models for CENTRAL PARTS WELDING, LLC

   🔍 Fetching models for CENTRAL POWER SYSTEMS AND SERVICES...
      Found 1 models
      ✅ Added models for CENTRAL POWER SYSTEMS AND SERVICES

   🔍 Fetching models for CENTRAL PURCHASING...
      Found 1 models
      ✅ Added models for CENTRAL PURCHASING

   🔍 Fetching models for CENTRAL STAR MANUFACTURING...
      Found 1 models
      ✅ Added models for CENTRAL STAR MANUFACTURING

   🔍 Fetching models for CENTRAL TANK OF OKLAHOMA, INC....
Error fetching models for CENTRAL TANK OF OKLAHOMA, INC. from NHTSA vPIC: SyntaxError: Unexpected token '<', "<!DOCTYPE "... is not valid JSON
    at JSON.parse (<anonymous>)
    at parseJSONFromBytes (node:internal/deps/undici/undici:5419:19)
    at successSteps (node:internal/deps/undici/undici:5390:27)
    at fullyReadBody (node:internal/deps/undici/undici:1501:9)
    at process.processTicksAndRejections (node:internal/process/task_queues:95:5)
    at async specConsumeBody (node:internal/deps/undici/undici:5399:7)
    at Object.getModelsForMake (C:\Users\tfort\Desktop\Projects\the-pickard\src\lib\nhtsa-vpic-api.ts:78:18)
    at populateModels (C:\Users\tfort\Desktop\Projects\the-pickard\scripts\populate-vehicle-data.ts:175:22)
    at main (C:\Users\tfort\Desktop\Projects\the-pickard\scripts\populate-vehicle-data.ts:353:7)
      Found 0 models
      ✅ Added models for CENTRAL TANK OF OKLAHOMA, INC.

   🔍 Fetching models for CENTRAL TRAILER CORP...
      Found 1 models
      ✅ Added models for CENTRAL TRAILER CORP

   🔍 Fetching models for CENTRALIA MACHINE & FAB...
      Found 1 models
      ✅ Added models for CENTRALIA MACHINE & FAB

   🔍 Fetching models for CENTREVILLE TAG-A-LONG TRAILERS...
      Found 9 models
      ✅ Added models for CENTREVILLE TAG-A-LONG TRAILERS

   🔍 Fetching models for CENTURION...
      Found 1 models
      ✅ Added models for CENTURION

   🔍 Fetching models for CENTURY BUILT...
      Found 1 models
      ✅ Added models for CENTURY BUILT

   🔍 Fetching models for CENTURY METAL PRODUCTS...
      Found 1 models
      ✅ Added models for CENTURY METAL PRODUCTS

   🔍 Fetching models for CENTURY PRODUCTS CO....
Error fetching models for CENTURY PRODUCTS CO. from NHTSA vPIC: SyntaxError: Unexpected token '<', "<!DOCTYPE "... is not valid JSON
    at JSON.parse (<anonymous>)
    at parseJSONFromBytes (node:internal/deps/undici/undici:5419:19)
    at successSteps (node:internal/deps/undici/undici:5390:27)
    at fullyReadBody (node:internal/deps/undici/undici:1501:9)
    at process.processTicksAndRejections (node:internal/process/task_queues:95:5)
    at async specConsumeBody (node:internal/deps/undici/undici:5399:7)
    at Object.getModelsForMake (C:\Users\tfort\Desktop\Projects\the-pickard\src\lib\nhtsa-vpic-api.ts:78:18)
    at populateModels (C:\Users\tfort\Desktop\Projects\the-pickard\scripts\populate-vehicle-data.ts:175:22)
    at main (C:\Users\tfort\Desktop\Projects\the-pickard\scripts\populate-vehicle-data.ts:353:7)
      Found 0 models
      ✅ Added models for CENTURY PRODUCTS CO.

   🔍 Fetching models for CENTURY TANK & TRAILER...
      Found 1 models
      ✅ Added models for CENTURY TANK & TRAILER

   🔍 Fetching models for CENTURY TRAILER COMPANY...
      Found 1 models
      ✅ Added models for CENTURY TRAILER COMPANY

   🔍 Fetching models for CERBERUS...
      Found 4 models
      ✅ Added models for CERBERUS

   🔍 Fetching models for CERBERUS TRIKES...
      Found 1 models
      ✅ Added models for CERBERUS TRIKES

   🔍 Fetching models for CERDA INDUSTRIES...
      Found 1 models
      ✅ Added models for CERDA INDUSTRIES

   🔍 Fetching models for CERR-TEX TRAILERS...
      Found 1 models
      ✅ Added models for CERR-TEX TRAILERS

   🔍 Fetching models for CERTIFIED ADVANCED TECHNOLOGIES, INC...
      Found 0 models
      ✅ Added models for CERTIFIED ADVANCED TECHNOLOGIES, INC

   🔍 Fetching models for CET TRAILERS...
      Found 1 models
      ✅ Added models for CET TRAILERS

   🔍 Fetching models for CFMOTO...
      Found 21 models
      ✅ Added models for CFMOTO

   🔍 Fetching models for CFT...
      Found 3 models
      ✅ Added models for CFT

   🔍 Fetching models for CFT ECO2...
      Found 1 models
      ✅ Added models for CFT ECO2

   🔍 Fetching models for CFT TRAILERS...
      Found 1 models
      ✅ Added models for CFT TRAILERS

   🔍 Fetching models for CGM FABRICATIONS...
      Found 1 models
      ✅ Added models for CGM FABRICATIONS

   🔍 Fetching models for CGS PREMIER...
      Found 1 models
      ✅ Added models for CGS PREMIER

   🔍 Fetching models for CH TRAILER COMPANY...
      Found 1 models
      ✅ Added models for CH TRAILER COMPANY

   🔍 Fetching models for CHAD FULLER CONSTRUCTION, INC....
Error fetching models for CHAD FULLER CONSTRUCTION, INC. from NHTSA vPIC: SyntaxError: Unexpected token '<', "<!DOCTYPE "... is not valid JSON
    at JSON.parse (<anonymous>)
    at parseJSONFromBytes (node:internal/deps/undici/undici:5419:19)
    at successSteps (node:internal/deps/undici/undici:5390:27)
    at fullyReadBody (node:internal/deps/undici/undici:1501:9)
    at process.processTicksAndRejections (node:internal/process/task_queues:95:5)
    at async specConsumeBody (node:internal/deps/undici/undici:5399:7)
    at Object.getModelsForMake (C:\Users\tfort\Desktop\Projects\the-pickard\src\lib\nhtsa-vpic-api.ts:78:18)
    at populateModels (C:\Users\tfort\Desktop\Projects\the-pickard\scripts\populate-vehicle-data.ts:175:22)
    at main (C:\Users\tfort\Desktop\Projects\the-pickard\scripts\populate-vehicle-data.ts:353:7)
      Found 0 models
      ✅ Added models for CHAD FULLER CONSTRUCTION, INC.

   🔍 Fetching models for CHAHTA ENTERPRISE METAL FABRICATION...
      Found 1 models
      ✅ Added models for CHAHTA ENTERPRISE METAL FABRICATION

   🔍 Fetching models for CHAIRIOT MOBILITY...
      Found 1 models
      ✅ Added models for CHAIRIOT MOBILITY

   🔍 Fetching models for CHALET RV...
      Found 5 models
      ✅ Added models for CHALET RV

   🔍 Fetching models for CHALET RV MANUFACTURING...
      Found 1 models
      ✅ Added models for CHALET RV MANUFACTURING

   🔍 Fetching models for CHALLENGER MOTORCYCLES...
      Found 3 models
      ✅ Added models for CHALLENGER MOTORCYCLES

   🔍 Fetching models for CHALLENGER TRAILER...
      Found 2 models
      ✅ Added models for CHALLENGER TRAILER

   🔍 Fetching models for CHALLENGER TRAILERS...
      Found 1 models
      ✅ Added models for CHALLENGER TRAILERS

   🔍 Fetching models for CHAMELEON TRANSPORTATION SYSTEMS INC...
      Found 1 models
      ✅ Added models for CHAMELEON TRANSPORTATION SYSTEMS INC

   🔍 Fetching models for CHAMP...
      Found 33 models
      ✅ Added models for CHAMP

   🔍 Fetching models for CHAMPAGNE...
      Found 1 models
      ✅ Added models for CHAMPAGNE

   🔍 Fetching models for CHAMPION...
      Found 27 models
      ✅ Added models for CHAMPION

   🔍 Fetching models for CHAMPION (CT INDUSTRIES LLC)...
      Found 1 models
      ✅ Added models for CHAMPION (CT INDUSTRIES LLC)

   🔍 Fetching models for CHAMPION BRIDGE...
      Found 1 models
      ✅ Added models for CHAMPION BRIDGE

   🔍 Fetching models for CHANGSHU LIGHT MOTORCYCLE FACTORY...
      Found 1 models
      ✅ Added models for CHANGSHU LIGHT MOTORCYCLE FACTORY

   🔍 Fetching models for CHANGZHOU KWANG YANG MOTOR CO....
Error fetching models for CHANGZHOU KWANG YANG MOTOR CO. from NHTSA vPIC: SyntaxError: Unexpected token '<', "<!DOCTYPE "... is not valid JSON
    at JSON.parse (<anonymous>)
    at parseJSONFromBytes (node:internal/deps/undici/undici:5419:19)
    at successSteps (node:internal/deps/undici/undici:5390:27)
    at fullyReadBody (node:internal/deps/undici/undici:1501:9)
    at process.processTicksAndRejections (node:internal/process/task_queues:95:5)
    at async specConsumeBody (node:internal/deps/undici/undici:5399:7)
    at Object.getModelsForMake (C:\Users\tfort\Desktop\Projects\the-pickard\src\lib\nhtsa-vpic-api.ts:78:18)
    at populateModels (C:\Users\tfort\Desktop\Projects\the-pickard\scripts\populate-vehicle-data.ts:175:22)
    at main (C:\Users\tfort\Desktop\Projects\the-pickard\scripts\populate-vehicle-data.ts:353:7)
      Found 0 models
      ✅ Added models for CHANGZHOU KWANG YANG MOTOR CO.

   🔍 Fetching models for CHANJE...
      Found 2 models
      ✅ Added models for CHANJE

   🔍 Fetching models for CHAOS METAL WORXS...
      Found 1 models
      ✅ Added models for CHAOS METAL WORXS

   🔍 Fetching models for CHAPARRAL TRAILERS OF IOWA...
      Found 1 models
      ✅ Added models for CHAPARRAL TRAILERS OF IOWA

   🔍 Fetching models for CHAPMAN CUSTOM MANUFACTURING...
      Found 1 models
      ✅ Added models for CHAPMAN CUSTOM MANUFACTURING

   🔍 Fetching models for CHAPMAN ENTERPRISE, LLC....
Error fetching models for CHAPMAN ENTERPRISE, LLC. from NHTSA vPIC: SyntaxError: Unexpected token '<', "<!DOCTYPE "... is not valid JSON
    at JSON.parse (<anonymous>)
    at parseJSONFromBytes (node:internal/deps/undici/undici:5419:19)
    at successSteps (node:internal/deps/undici/undici:5390:27)
    at fullyReadBody (node:internal/deps/undici/undici:1501:9)
    at process.processTicksAndRejections (node:internal/process/task_queues:95:5)
    at async specConsumeBody (node:internal/deps/undici/undici:5399:7)
    at Object.getModelsForMake (C:\Users\tfort\Desktop\Projects\the-pickard\src\lib\nhtsa-vpic-api.ts:78:18)
    at populateModels (C:\Users\tfort\Desktop\Projects\the-pickard\scripts\populate-vehicle-data.ts:175:22)
    at main (C:\Users\tfort\Desktop\Projects\the-pickard\scripts\populate-vehicle-data.ts:353:7)
      Found 0 models
      ✅ Added models for CHAPMAN ENTERPRISE, LLC.

   🔍 Fetching models for CHAR-KAN SALES...
      Found 1 models
      ✅ Added models for CHAR-KAN SALES

   🔍 Fetching models for CHARACTERCARTS...
      Found 1 models
      ✅ Added models for CHARACTERCARTS

   🔍 Fetching models for CHARGE RIGS...
      Found 1 models
      ✅ Added models for CHARGE RIGS

   🔍 Fetching models for CHARGER...
      Found 1 models
      ✅ Added models for CHARGER

   🔍 Fetching models for CHARIOT EAGLE WEST...
      Found 1 models
      ✅ Added models for CHARIOT EAGLE WEST

   🔍 Fetching models for CHARIOT MANUFACTURING...
      Found 1 models
      ✅ Added models for CHARIOT MANUFACTURING

   🔍 Fetching models for CHARLES BLASS WELDING, LLC...
      Found 1 models
      ✅ Added models for CHARLES BLASS WELDING, LLC

   🔍 Fetching models for CHARLES MACHINE WORKS, INC....
Error fetching models for CHARLES MACHINE WORKS, INC. from NHTSA vPIC: SyntaxError: Unexpected token '<', "<!DOCTYPE "... is not valid JSON
    at JSON.parse (<anonymous>)
    at parseJSONFromBytes (node:internal/deps/undici/undici:5419:19)
    at successSteps (node:internal/deps/undici/undici:5390:27)
    at fullyReadBody (node:internal/deps/undici/undici:1501:9)
    at process.processTicksAndRejections (node:internal/process/task_queues:95:5)
    at async specConsumeBody (node:internal/deps/undici/undici:5399:7)
    at Object.getModelsForMake (C:\Users\tfort\Desktop\Projects\the-pickard\src\lib\nhtsa-vpic-api.ts:78:18)
    at populateModels (C:\Users\tfort\Desktop\Projects\the-pickard\scripts\populate-vehicle-data.ts:175:22)
    at main (C:\Users\tfort\Desktop\Projects\the-pickard\scripts\populate-vehicle-data.ts:353:7)
      Found 0 models
      ✅ Added models for CHARLES MACHINE WORKS, INC.

   🔍 Fetching models for CHATHAM ENTERPRISES...
      Found 0 models
      ✅ Added models for CHATHAM ENTERPRISES

   🔍 Fetching models for CHAVEZ ...
Error fetching models for CHAVEZ  from NHTSA vPIC: SyntaxError: Unexpected token '<', "<!DOCTYPE "... is not valid JSON
    at JSON.parse (<anonymous>)
    at parseJSONFromBytes (node:internal/deps/undici/undici:5419:19)
    at successSteps (node:internal/deps/undici/undici:5390:27)
    at fullyReadBody (node:internal/deps/undici/undici:1501:9)
    at process.processTicksAndRejections (node:internal/process/task_queues:95:5)
    at async specConsumeBody (node:internal/deps/undici/undici:5399:7)
    at Object.getModelsForMake (C:\Users\tfort\Desktop\Projects\the-pickard\src\lib\nhtsa-vpic-api.ts:78:18)
    at populateModels (C:\Users\tfort\Desktop\Projects\the-pickard\scripts\populate-vehicle-data.ts:175:22)
    at main (C:\Users\tfort\Desktop\Projects\the-pickard\scripts\populate-vehicle-data.ts:353:7)
      Found 0 models
      ✅ Added models for CHAVEZ 

   🔍 Fetching models for CHECKER...
      Found 2 models
      ✅ Added models for CHECKER

   🔍 Fetching models for CHEERDMOTO...
      Found 20 models
      ✅ Added models for CHEERDMOTO

   🔍 Fetching models for CHEETA...
      Found 27 models
      ✅ Added models for CHEETA

   🔍 Fetching models for CHEETAH CHASSIS...
      Found 1 models
      ✅ Added models for CHEETAH CHASSIS

   🔍 Fetching models for CHEETAH TRIKES...
      Found 1 models
      ✅ Added models for CHEETAH TRIKES

   🔍 Fetching models for CHEMGUARD...
      Found 1 models
      ✅ Added models for CHEMGUARD

   🔍 Fetching models for CHIMERA KUSTOM CHOPPERS...
      Found 1 models
      ✅ Added models for CHIMERA KUSTOM CHOPPERS

   🔍 Fetching models for CHIN YUAN CHI CASTING CORP...
      Found 1 models
      ✅ Added models for CHIN YUAN CHI CASTING CORP

   🔍 Fetching models for CHINA BAOTIAN MOTORCYCLE...
      Found 3 models
      ✅ Added models for CHINA BAOTIAN MOTORCYCLE

   🔍 Fetching models for CHINOOK...
      Found 1 models
      ✅ Added models for CHINOOK

   🔍 Fetching models for CHITE...
      Found 82 models
      ✅ Added models for CHITE

   🔍 Fetching models for CHLORINATORS & CONTROLS...
      Found 0 models
      ✅ Added models for CHLORINATORS & CONTROLS

   🔍 Fetching models for CHONGQING HI-BIRD MOTORCYCLE...
      Found 1 models
      ✅ Added models for CHONGQING HI-BIRD MOTORCYCLE

   🔍 Fetching models for CHONGQING HUANGHE / MASSIMO...
Error fetching models for CHONGQING HUANGHE / MASSIMO from NHTSA vPIC: SyntaxError: Unexpected token '<', "<!DOCTYPE "... is not valid JSON
    at JSON.parse (<anonymous>)
    at parseJSONFromBytes (node:internal/deps/undici/undici:5419:19)
    at successSteps (node:internal/deps/undici/undici:5390:27)
    at fullyReadBody (node:internal/deps/undici/undici:1501:9)
    at process.processTicksAndRejections (node:internal/process/task_queues:95:5)
    at async specConsumeBody (node:internal/deps/undici/undici:5399:7)
    at Object.getModelsForMake (C:\Users\tfort\Desktop\Projects\the-pickard\src\lib\nhtsa-vpic-api.ts:78:18)
    at populateModels (C:\Users\tfort\Desktop\Projects\the-pickard\scripts\populate-vehicle-data.ts:175:22)
    at main (C:\Users\tfort\Desktop\Projects\the-pickard\scripts\populate-vehicle-data.ts:353:7)
      Found 0 models
      ✅ Added models for CHONGQING HUANGHE / MASSIMO

   🔍 Fetching models for CHONGQING HUANSONG INDUSTRIES...
      Found 1 models
      ✅ Added models for CHONGQING HUANSONG INDUSTRIES

   🔍 Fetching models for CHONGQING KAIER MOTORCYCLE...
      Found 1 models
      ✅ Added models for CHONGQING KAIER MOTORCYCLE

   🔍 Fetching models for CHONGQING KINGTON INDUSTRY GROUP...
      Found 1 models
      ✅ Added models for CHONGQING KINGTON INDUSTRY GROUP

   🔍 Fetching models for CHONGQING LIYANG JIAYU MOTORCYCLE...
      Found 4 models
      ✅ Added models for CHONGQING LIYANG JIAYU MOTORCYCLE

   🔍 Fetching models for CHONGQING RATO...
      Found 1 models
      ✅ Added models for CHONGQING RATO

   🔍 Fetching models for CHONGQING ZONGSHEN AUTOMOBILE INDUSTRY...
      Found 1 models
      ✅ Added models for CHONGQING ZONGSHEN AUTOMOBILE INDUSTRY

   🔍 Fetching models for CHOPPER NATION, INC...
      Found 1 models
      ✅ Added models for CHOPPER NATION, INC

   🔍 Fetching models for CHOPPER WORKS CYCLES...
      Found 1 models
      ✅ Added models for CHOPPER WORKS CYCLES

   🔍 Fetching models for CHOPPER WORKS PERFORMANCE MOTORCYCLES...
      Found 1 models
      ✅ Added models for CHOPPER WORKS PERFORMANCE MOTORCYCLES

   🔍 Fetching models for CHOPPERHEAD ROAD...
      Found 1 models
      ✅ Added models for CHOPPERHEAD ROAD

   🔍 Fetching models for CHOPPERS EAST...
      Found 1 models
      ✅ Added models for CHOPPERS EAST

   🔍 Fetching models for CHOPPERS ONLY...
      Found 1 models
      ✅ Added models for CHOPPERS ONLY

   🔍 Fetching models for CHOPS AND BOBBERS, LLC...
      Found 1 models
      ✅ Added models for CHOPS AND BOBBERS, LLC

   🔍 Fetching models for CHRISMAN CORPORATION...
      Found 1 models
      ✅ Added models for CHRISMAN CORPORATION

   🔍 Fetching models for CHRISTEN BROTHERS, INC...
      Found 1 models
      ✅ Added models for CHRISTEN BROTHERS, INC

   🔍 Fetching models for CHRISTIANSEN WELDING & MACHINE, INC....
Error fetching models for CHRISTIANSEN WELDING & MACHINE, INC. from NHTSA vPIC: SyntaxError: Unexpected token '<', "<!DOCTYPE "... is not valid JSON
    at JSON.parse (<anonymous>)
    at parseJSONFromBytes (node:internal/deps/undici/undici:5419:19)
    at successSteps (node:internal/deps/undici/undici:5390:27)
    at fullyReadBody (node:internal/deps/undici/undici:1501:9)
    at process.processTicksAndRejections (node:internal/process/task_queues:95:5)
    at async specConsumeBody (node:internal/deps/undici/undici:5399:7)
    at Object.getModelsForMake (C:\Users\tfort\Desktop\Projects\the-pickard\src\lib\nhtsa-vpic-api.ts:78:18)
    at populateModels (C:\Users\tfort\Desktop\Projects\the-pickard\scripts\populate-vehicle-data.ts:175:22)
    at main (C:\Users\tfort\Desktop\Projects\the-pickard\scripts\populate-vehicle-data.ts:353:7)
      Found 0 models
      ✅ Added models for CHRISTIANSEN WELDING & MACHINE, INC.

   🔍 Fetching models for CHRISTIANSON SYSTEMS...
      Found 1 models
      ✅ Added models for CHRISTIANSON SYSTEMS

   🔍 Fetching models for CHRISTINI AWD...
      Found 1 models
      ✅ Added models for CHRISTINI AWD

   🔍 Fetching models for CHRONIC CHOPPERS...
      Found 1 models
      ✅ Added models for CHRONIC CHOPPERS

   🔍 Fetching models for CHRYSLER...
      Found 38 models
      ✅ Added models for CHRYSLER

   🔍 Fetching models for CHUCK WAGON INDUSTRIES...
      Found 2 models
      ✅ Added models for CHUCK WAGON INDUSTRIES

   🔍 Fetching models for CHUCKS WAGONS...
      Found 1 models
      ✅ Added models for CHUCKS WAGONS

   🔍 Fetching models for CHUNFENG...
      Found 4 models
      ✅ Added models for CHUNFENG

   🔍 Fetching models for CHURCHILL HOLDINGS, INC...
      Found 1 models
      ✅ Added models for CHURCHILL HOLDINGS, INC

   🔍 Fetching models for CHURCHILL MANUFACTURING...
      Found 1 models
      ✅ Added models for CHURCHILL MANUFACTURING

   🔍 Fetching models for CHUY'S C&5 TRAILERS...
      Found 1 models
      ✅ Added models for CHUY'S C&5 TRAILERS

   🔍 Fetching models for CICERO BROTHERS...
      Found 1 models
      ✅ Added models for CICERO BROTHERS

   🔍 Fetching models for CIF INDUSTRIES, INC...
      Found 1 models
      ✅ Added models for CIF INDUSTRIES, INC

   🔍 Fetching models for CIKIRA RV, LLC...
      Found 1 models
      ✅ Added models for CIKIRA RV, LLC

   🔍 Fetching models for CIMARRON TRAILERS, INC....
Error fetching models for CIMARRON TRAILERS, INC. from NHTSA vPIC: SyntaxError: Unexpected token '<', "<!DOCTYPE "... is not valid JSON
    at JSON.parse (<anonymous>)
    at parseJSONFromBytes (node:internal/deps/undici/undici:5419:19)
    at successSteps (node:internal/deps/undici/undici:5390:27)
    at fullyReadBody (node:internal/deps/undici/undici:1501:9)
    at process.processTicksAndRejections (node:internal/process/task_queues:95:5)
    at async specConsumeBody (node:internal/deps/undici/undici:5399:7)
    at Object.getModelsForMake (C:\Users\tfort\Desktop\Projects\the-pickard\src\lib\nhtsa-vpic-api.ts:78:18)
    at populateModels (C:\Users\tfort\Desktop\Projects\the-pickard\scripts\populate-vehicle-data.ts:175:22)
    at main (C:\Users\tfort\Desktop\Projects\the-pickard\scripts\populate-vehicle-data.ts:353:7)
      Found 0 models
      ✅ Added models for CIMARRON TRAILERS, INC.

   🔍 Fetching models for CIMC...
      Found 4 models
      ✅ Added models for CIMC

   🔍 Fetching models for CIMC REEFER TRAILER,INC...
      Found 1 models
      ✅ Added models for CIMC REEFER TRAILER,INC

   🔍 Fetching models for CIMC VEHICLES GROUP CO...
      Found 1 models
      ✅ Added models for CIMC VEHICLES GROUP CO

   🔍 Fetching models for CINCO ESTRELLAS MARQUEZ TRAILERS...
      Found 1 models
      ✅ Added models for CINCO ESTRELLAS MARQUEZ TRAILERS

   🔍 Fetching models for CIRBIN INC....
Error fetching models for CIRBIN INC. from NHTSA vPIC: SyntaxError: Unexpected token '<', "<!DOCTYPE "... is not valid JSON
    at JSON.parse (<anonymous>)
    at parseJSONFromBytes (node:internal/deps/undici/undici:5419:19)
    at successSteps (node:internal/deps/undici/undici:5390:27)
    at fullyReadBody (node:internal/deps/undici/undici:1501:9)
    at process.processTicksAndRejections (node:internal/process/task_queues:95:5)
    at async specConsumeBody (node:internal/deps/undici/undici:5399:7)
    at Object.getModelsForMake (C:\Users\tfort\Desktop\Projects\the-pickard\src\lib\nhtsa-vpic-api.ts:78:18)
    at populateModels (C:\Users\tfort\Desktop\Projects\the-pickard\scripts\populate-vehicle-data.ts:175:22)
    at main (C:\Users\tfort\Desktop\Projects\the-pickard\scripts\populate-vehicle-data.ts:353:7)
      Found 0 models
      ✅ Added models for CIRBIN INC.

   🔍 Fetching models for CIRCLE 8...
      Found 1 models
      ✅ Added models for CIRCLE 8

   🔍 Fetching models for CIRCLE A...
      Found 1 models
      ✅ Added models for CIRCLE A

   🔍 Fetching models for CIRCLE M...
      Found 2 models
      ✅ Added models for CIRCLE M

   🔍 Fetching models for CHAMPION BRIDGE COMPANY...
      Found 1 models
      ✅ Added models for CHAMPION BRIDGE COMPANY

   🔍 Fetching models for CHAMPION HOME BUILDERS CO...
      Found 4 models
      ✅ Added models for CHAMPION HOME BUILDERS CO

   🔍 Fetching models for CHAMPION HOME BUILDERS INC....
Error fetching models for CHAMPION HOME BUILDERS INC. from NHTSA vPIC: SyntaxError: Unexpected token '<', "<!DOCTYPE "... is not valid JSON
    at JSON.parse (<anonymous>)
    at parseJSONFromBytes (node:internal/deps/undici/undici:5419:19)
    at successSteps (node:internal/deps/undici/undici:5390:27)
    at fullyReadBody (node:internal/deps/undici/undici:1501:9)
    at process.processTicksAndRejections (node:internal/process/task_queues:95:5)
    at async specConsumeBody (node:internal/deps/undici/undici:5399:7)
    at Object.getModelsForMake (C:\Users\tfort\Desktop\Projects\the-pickard\src\lib\nhtsa-vpic-api.ts:78:18)
    at populateModels (C:\Users\tfort\Desktop\Projects\the-pickard\scripts\populate-vehicle-data.ts:175:22)
    at main (C:\Users\tfort\Desktop\Projects\the-pickard\scripts\populate-vehicle-data.ts:353:7)
      Found 0 models
      ✅ Added models for CHAMPION HOME BUILDERS INC.

   🔍 Fetching models for CHAMPION MANUFACTURING INC...
      Found 1 models
      ✅ Added models for CHAMPION MANUFACTURING INC

   🔍 Fetching models for CHAMPION TELECOM...
      Found 1 models
      ✅ Added models for CHAMPION TELECOM

   🔍 Fetching models for CHAMPION TRAILER...
      Found 3 models
      ✅ Added models for CHAMPION TRAILER

   🔍 Fetching models for CHAMPION TRAILER COMPANY...
      Found 1 models
      ✅ Added models for CHAMPION TRAILER COMPANY

   🔍 Fetching models for CHAMPION TRAILER WORKS...
      Found 1 models
      ✅ Added models for CHAMPION TRAILER WORKS

   🔍 Fetching models for CHAMPION TRIKE...
      Found 1 models
      ✅ Added models for CHAMPION TRIKE

   🔍 Fetching models for CHANCE COACH...
      Found 5 models
      ✅ Added models for CHANCE COACH

   🔍 Fetching models for CHANCE RIDES...
      Found 1 models
      ✅ Added models for CHANCE RIDES

   🔍 Fetching models for CHANCE TRAILER MANUFACTURING & SALES...
      Found 1 models
      ✅ Added models for CHANCE TRAILER MANUFACTURING & SALES

   🔍 Fetching models for CHANCEY...
      Found 1 models
      ✅ Added models for CHANCEY

   🔍 Fetching models for CHANDLER CUSTOM CYCLES...
      Found 1 models
      ✅ Added models for CHANDLER CUSTOM CYCLES

   🔍 Fetching models for CHANDLER MFG., INC...
Error fetching models for CHANDLER MFG., INC from NHTSA vPIC: SyntaxError: Unexpected token '<', "<!DOCTYPE "... is not valid JSON
    at JSON.parse (<anonymous>)
    at parseJSONFromBytes (node:internal/deps/undici/undici:5419:19)
    at successSteps (node:internal/deps/undici/undici:5390:27)
    at fullyReadBody (node:internal/deps/undici/undici:1501:9)
    at process.processTicksAndRejections (node:internal/process/task_queues:95:5)
    at async specConsumeBody (node:internal/deps/undici/undici:5399:7)
    at Object.getModelsForMake (C:\Users\tfort\Desktop\Projects\the-pickard\src\lib\nhtsa-vpic-api.ts:78:18)
    at populateModels (C:\Users\tfort\Desktop\Projects\the-pickard\scripts\populate-vehicle-data.ts:175:22)
    at main (C:\Users\tfort\Desktop\Projects\the-pickard\scripts\populate-vehicle-data.ts:353:7)
      Found 0 models
      ✅ Added models for CHANDLER MFG., INC

   🔍 Fetching models for CHANDLER ORIGINALS...
      Found 1 models
      ✅ Added models for CHANDLER ORIGINALS

   🔍 Fetching models for CHARLESTON MARINE CONTAINERS...
      Found 1 models
      ✅ Added models for CHARLESTON MARINE CONTAINERS

   🔍 Fetching models for CHARLESTON TRAILER...
      Found 1 models
      ✅ Added models for CHARLESTON TRAILER

   🔍 Fetching models for CHARLOTTE COUNTY CUSTOM CYCLES, INC....
Error fetching models for CHARLOTTE COUNTY CUSTOM CYCLES, INC. from NHTSA vPIC: SyntaxError: Unexpected token '<', "<!DOCTYPE "... is not valid JSON
    at JSON.parse (<anonymous>)
    at parseJSONFromBytes (node:internal/deps/undici/undici:5419:19)
    at successSteps (node:internal/deps/undici/undici:5390:27)
    at fullyReadBody (node:internal/deps/undici/undici:1501:9)
    at process.processTicksAndRejections (node:internal/process/task_queues:95:5)
    at async specConsumeBody (node:internal/deps/undici/undici:5399:7)
    at Object.getModelsForMake (C:\Users\tfort\Desktop\Projects\the-pickard\src\lib\nhtsa-vpic-api.ts:78:18)
    at populateModels (C:\Users\tfort\Desktop\Projects\the-pickard\scripts\populate-vehicle-data.ts:175:22)
    at main (C:\Users\tfort\Desktop\Projects\the-pickard\scripts\populate-vehicle-data.ts:353:7)
      Found 0 models
      ✅ Added models for CHARLOTTE COUNTY CUSTOM CYCLES, INC.

   🔍 Fetching models for CHARLOTTE CUSTOM CYCLES, LLC...
      Found 1 models
      ✅ Added models for CHARLOTTE CUSTOM CYCLES, LLC

   🔍 Fetching models for CHARMAC...
      Found 9 models
      ✅ Added models for CHARMAC

   🔍 Fetching models for CHARMAC TRAILERS...
      Found 1 models
      ✅ Added models for CHARMAC TRAILERS

   🔍 Fetching models for CHART, INC....
Error fetching models for CHART, INC. from NHTSA vPIC: SyntaxError: Unexpected token '<', "<!DOCTYPE "... is not valid JSON
    at JSON.parse (<anonymous>)
    at parseJSONFromBytes (node:internal/deps/undici/undici:5419:19)
    at successSteps (node:internal/deps/undici/undici:5390:27)
    at fullyReadBody (node:internal/deps/undici/undici:1501:9)
    at process.processTicksAndRejections (node:internal/process/task_queues:95:5)
    at async specConsumeBody (node:internal/deps/undici/undici:5399:7)
    at Object.getModelsForMake (C:\Users\tfort\Desktop\Projects\the-pickard\src\lib\nhtsa-vpic-api.ts:78:18)
    at populateModels (C:\Users\tfort\Desktop\Projects\the-pickard\scripts\populate-vehicle-data.ts:175:22)
    at main (C:\Users\tfort\Desktop\Projects\the-pickard\scripts\populate-vehicle-data.ts:353:7)
      Found 0 models
      ✅ Added models for CHART, INC.

   🔍 Fetching models for CHASE TRAILERS, LLC...
      Found 1 models
      ✅ Added models for CHASE TRAILERS, LLC

   🔍 Fetching models for CHASSIS KING...
      Found 1 models
      ✅ Added models for CHASSIS KING

   🔍 Fetching models for CHENGFEI MOTORCYCLE MANUFACTURING...
      Found 0 models
      ✅ Added models for CHENGFEI MOTORCYCLE MANUFACTURING

   🔍 Fetching models for CHEROKEE MANUFACTURING CO....
Error fetching models for CHEROKEE MANUFACTURING CO. from NHTSA vPIC: SyntaxError: Unexpected token '<', "<!DOCTYPE "... is not valid JSON
    at JSON.parse (<anonymous>)
    at parseJSONFromBytes (node:internal/deps/undici/undici:5419:19)
    at successSteps (node:internal/deps/undici/undici:5390:27)
    at fullyReadBody (node:internal/deps/undici/undici:1501:9)
    at process.processTicksAndRejections (node:internal/process/task_queues:95:5)
    at async specConsumeBody (node:internal/deps/undici/undici:5399:7)
    at Object.getModelsForMake (C:\Users\tfort\Desktop\Projects\the-pickard\src\lib\nhtsa-vpic-api.ts:78:18)
    at populateModels (C:\Users\tfort\Desktop\Projects\the-pickard\scripts\populate-vehicle-data.ts:175:22)
    at main (C:\Users\tfort\Desktop\Projects\the-pickard\scripts\populate-vehicle-data.ts:353:7)
      Found 0 models
      ✅ Added models for CHEROKEE MANUFACTURING CO.

   🔍 Fetching models for CHESSLINE, INC....
Error fetching models for CHESSLINE, INC. from NHTSA vPIC: SyntaxError: Unexpected token '<', "<!DOCTYPE "... is not valid JSON
    at JSON.parse (<anonymous>)
    at parseJSONFromBytes (node:internal/deps/undici/undici:5419:19)
    at successSteps (node:internal/deps/undici/undici:5390:27)
    at fullyReadBody (node:internal/deps/undici/undici:1501:9)
    at process.processTicksAndRejections (node:internal/process/task_queues:95:5)
    at async specConsumeBody (node:internal/deps/undici/undici:5399:7)
    at Object.getModelsForMake (C:\Users\tfort\Desktop\Projects\the-pickard\src\lib\nhtsa-vpic-api.ts:78:18)
    at populateModels (C:\Users\tfort\Desktop\Projects\the-pickard\scripts\populate-vehicle-data.ts:175:22)
    at main (C:\Users\tfort\Desktop\Projects\the-pickard\scripts\populate-vehicle-data.ts:353:7)
      Found 0 models
      ✅ Added models for CHESSLINE, INC.

   🔍 Fetching models for CHESTER BUILT TRAILERS...
      Found 1 models
      ✅ Added models for CHESTER BUILT TRAILERS

   🔍 Fetching models for CHESTER COUNTY CUSTOMS, LLC...
      Found 1 models
      ✅ Added models for CHESTER COUNTY CUSTOMS, LLC

   🔍 Fetching models for CHEVAL LIBERTE...
      Found 1 models
      ✅ Added models for CHEVAL LIBERTE

   🔍 Fetching models for CHEVROLET...
      Found 124 models
      ✅ Added models for CHEVROLET

   🔍 Fetching models for CHICA CUSTOM CYCLES...
      Found 1 models
      ✅ Added models for CHICA CUSTOM CYCLES

   🔍 Fetching models for CHICAGO PNEUMATIC...
      Found 1 models
      ✅ Added models for CHICAGO PNEUMATIC

   🔍 Fetching models for CHICAGO SCOOTER COMPANY...
      Found 8 models
      ✅ Added models for CHICAGO SCOOTER COMPANY

   🔍 Fetching models for CHIEF FIRE...
      Found 6 models
      ✅ Added models for CHIEF FIRE

   🔍 Fetching models for CHIEF TRANSPORTATION PRODUCTS...
      Found 1 models
      ✅ Added models for CHIEF TRANSPORTATION PRODUCTS

   🔍 Fetching models for CHILTON MANUFACTURING CORP....
Error fetching models for CHILTON MANUFACTURING CORP. from NHTSA vPIC: SyntaxError: Unexpected token '<', "<!DOCTYPE "... is not valid JSON
    at JSON.parse (<anonymous>)
    at parseJSONFromBytes (node:internal/deps/undici/undici:5419:19)
    at successSteps (node:internal/deps/undici/undici:5390:27)
    at fullyReadBody (node:internal/deps/undici/undici:1501:9)
    at process.processTicksAndRejections (node:internal/process/task_queues:95:5)
    at async specConsumeBody (node:internal/deps/undici/undici:5399:7)
    at Object.getModelsForMake (C:\Users\tfort\Desktop\Projects\the-pickard\src\lib\nhtsa-vpic-api.ts:78:18)
    at populateModels (C:\Users\tfort\Desktop\Projects\the-pickard\scripts\populate-vehicle-data.ts:175:22)
    at main (C:\Users\tfort\Desktop\Projects\the-pickard\scripts\populate-vehicle-data.ts:353:7)
      Found 0 models
      ✅ Added models for CHILTON MANUFACTURING CORP.

   🔍 Fetching models for CHILTON TRAILERS...
      Found 1 models
      ✅ Added models for CHILTON TRAILERS

   🔍 Fetching models for CHIMERA KUSTOM CARTS...
      Found 4 models
      ✅ Added models for CHIMERA KUSTOM CARTS

   🔍 Fetching models for CHINA OFF-ROAD PRODUCTS, INC....
Error fetching models for CHINA OFF-ROAD PRODUCTS, INC. from NHTSA vPIC: SyntaxError: Unexpected token '<', "<!DOCTYPE "... is not valid JSON
    at JSON.parse (<anonymous>)
    at parseJSONFromBytes (node:internal/deps/undici/undici:5419:19)
    at successSteps (node:internal/deps/undici/undici:5390:27)
    at fullyReadBody (node:internal/deps/undici/undici:1501:9)
    at process.processTicksAndRejections (node:internal/process/task_queues:95:5)
    at async specConsumeBody (node:internal/deps/undici/undici:5399:7)
    at Object.getModelsForMake (C:\Users\tfort\Desktop\Projects\the-pickard\src\lib\nhtsa-vpic-api.ts:78:18)
    at populateModels (C:\Users\tfort\Desktop\Projects\the-pickard\scripts\populate-vehicle-data.ts:175:22)
    at main (C:\Users\tfort\Desktop\Projects\the-pickard\scripts\populate-vehicle-data.ts:353:7)
      Found 0 models
      ✅ Added models for CHINA OFF-ROAD PRODUCTS, INC.

   🔍 Fetching models for CHINA QINGQI GROUP INC....
Error fetching models for CHINA QINGQI GROUP INC. from NHTSA vPIC: SyntaxError: Unexpected token '<', "<!DOCTYPE "... is not valid JSON
    at JSON.parse (<anonymous>)
    at parseJSONFromBytes (node:internal/deps/undici/undici:5419:19)
    at successSteps (node:internal/deps/undici/undici:5390:27)
    at fullyReadBody (node:internal/deps/undici/undici:1501:9)
    at process.processTicksAndRejections (node:internal/process/task_queues:95:5)
    at async specConsumeBody (node:internal/deps/undici/undici:5399:7)
    at Object.getModelsForMake (C:\Users\tfort\Desktop\Projects\the-pickard\src\lib\nhtsa-vpic-api.ts:78:18)
    at populateModels (C:\Users\tfort\Desktop\Projects\the-pickard\scripts\populate-vehicle-data.ts:175:22)
    at main (C:\Users\tfort\Desktop\Projects\the-pickard\scripts\populate-vehicle-data.ts:353:7)
      Found 0 models
      ✅ Added models for CHINA QINGQI GROUP INC.

   🔍 Fetching models for CHINA TAISHAN GROUP...
      Found 2 models
      ✅ Added models for CHINA TAISHAN GROUP

   🔍 Fetching models for CHOCTAW TRAILERS...
      Found 1 models
      ✅ Added models for CHOCTAW TRAILERS

   🔍 Fetching models for CHOICE TRAILERS MANUFACTURING...
      Found 1 models
      ✅ Added models for CHOICE TRAILERS MANUFACTURING

   🔍 Fetching models for CHONGQING ZONGSHEN AUTOMOTIVE INDUSTRY CO., LTD....
Error fetching models for CHONGQING ZONGSHEN AUTOMOTIVE INDUSTRY CO., LTD. from NHTSA vPIC: SyntaxError: Unexpected token '<', "<!DOCTYPE "... is not valid JSON
    at JSON.parse (<anonymous>)
    at parseJSONFromBytes (node:internal/deps/undici/undici:5419:19)
    at successSteps (node:internal/deps/undici/undici:5390:27)
    at fullyReadBody (node:internal/deps/undici/undici:1501:9)
    at process.processTicksAndRejections (node:internal/process/task_queues:95:5)
    at async specConsumeBody (node:internal/deps/undici/undici:5399:7)
    at Object.getModelsForMake (C:\Users\tfort\Desktop\Projects\the-pickard\src\lib\nhtsa-vpic-api.ts:78:18)
    at populateModels (C:\Users\tfort\Desktop\Projects\the-pickard\scripts\populate-vehicle-data.ts:175:22)
    at main (C:\Users\tfort\Desktop\Projects\the-pickard\scripts\populate-vehicle-data.ts:353:7)
      Found 0 models
      ✅ Added models for CHONGQING ZONGSHEN AUTOMOTIVE INDUSTRY CO., LTD.

   🔍 Fetching models for CHONGQUING DAJIANG MOTORCYCLES...
      Found 1 models
      ✅ Added models for CHONGQUING DAJIANG MOTORCYCLES

   🔍 Fetching models for CHOP BOYZ...
      Found 1 models
      ✅ Added models for CHOP BOYZ

   🔍 Fetching models for CHOP SHOP...
      Found 6 models
      ✅ Added models for CHOP SHOP

   🔍 Fetching models for CHOP SHOP CUSTOMS...
      Found 1 models
      ✅ Added models for CHOP SHOP CUSTOMS

   🔍 Fetching models for CHOPPER ALLEY LLC...
      Found 1 models
      ✅ Added models for CHOPPER ALLEY LLC

   🔍 Fetching models for CHOPPER CITY...
      Found 1 models
      ✅ Added models for CHOPPER CITY

   🔍 Fetching models for CHOPPER DESIGNS...
      Found 1 models
      ✅ Added models for CHOPPER DESIGNS

   🔍 Fetching models for CHOPPER KINGS LLC...
      Found 1 models
      ✅ Added models for CHOPPER KINGS LLC

   🔍 Fetching models for CIRCLE C EQUIPMENT, LLC...
      Found 1 models
      ✅ Added models for CIRCLE C EQUIPMENT, LLC

   🔍 Fetching models for CIRCLE CITY CHOPPERS...
      Found 1 models
      ✅ Added models for CIRCLE CITY CHOPPERS

   🔍 Fetching models for CIRCLE D TRAILERS...
      Found 1 models
      ✅ Added models for CIRCLE D TRAILERS

   🔍 Fetching models for CIRCLE G TRAILERS...
      Found 1 models
      ✅ Added models for CIRCLE G TRAILERS

   🔍 Fetching models for CIRCLE H TRAILER COMPANY...
      Found 1 models
      ✅ Added models for CIRCLE H TRAILER COMPANY

   🔍 Fetching models for CIRCLE H TRAILERS...
      Found 1 models
      ✅ Added models for CIRCLE H TRAILERS

   🔍 Fetching models for CIRCLE J...
      Found 2 models
      ✅ Added models for CIRCLE J

   🔍 Fetching models for CIRCLE J TRAILERS...
      Found 1 models
      ✅ Added models for CIRCLE J TRAILERS

   🔍 Fetching models for CIRCLE L...
      Found 1 models
      ✅ Added models for CIRCLE L

   🔍 Fetching models for CIRCLE N TRAILERS...
      Found 1 models
      ✅ Added models for CIRCLE N TRAILERS

   🔍 Fetching models for CIRCLE R TRAILER MANUFACTURING...
      Found 1 models
      ✅ Added models for CIRCLE R TRAILER MANUFACTURING

   🔍 Fetching models for CIRCLE R TRAILERS...
      Found 1 models
      ✅ Added models for CIRCLE R TRAILERS

   🔍 Fetching models for CIRCLE TM TRAILERS...
      Found 1 models
      ✅ Added models for CIRCLE TM TRAILERS

   🔍 Fetching models for CIRCLE W TRAILER MFG INC...
      Found 1 models
      ✅ Added models for CIRCLE W TRAILER MFG INC

   🔍 Fetching models for CIRCLE W TRAILERS...
      Found 1 models
      ✅ Added models for CIRCLE W TRAILERS

   🔍 Fetching models for CIRCUS CITY CUSTOM CYCLES...
      Found 1 models
      ✅ Added models for CIRCUS CITY CUSTOM CYCLES

   🔍 Fetching models for CIS...
      Found 56 models
      ✅ Added models for CIS

   🔍 Fetching models for CITIVIEW...
      Found 3 models
      ✅ Added models for CITIVIEW

   🔍 Fetching models for CITROEN...
      Found 1 models
      ✅ Added models for CITROEN

   🔍 Fetching models for CK TRAILERS...
      Found 41 models
      ✅ Added models for CK TRAILERS

   🔍 Fetching models for CL FAB...
      Found 2 models
      ✅ Added models for CL FAB

   🔍 Fetching models for CL WHIGHAM...
      Found 1 models
      ✅ Added models for CL WHIGHAM

   🔍 Fetching models for CLACKACRAFT DRIFT...
      Found 1 models
      ✅ Added models for CLACKACRAFT DRIFT

   🔍 Fetching models for CLACKAMAS BODY AND EQUIPMENT...
      Found 1 models
      ✅ Added models for CLACKAMAS BODY AND EQUIPMENT

   🔍 Fetching models for CLARION MOTORS CORP....
Error fetching models for CLARION MOTORS CORP. from NHTSA vPIC: SyntaxError: Unexpected token '<', "<!DOCTYPE "... is not valid JSON
    at JSON.parse (<anonymous>)
    at parseJSONFromBytes (node:internal/deps/undici/undici:5419:19)
    at successSteps (node:internal/deps/undici/undici:5390:27)
    at fullyReadBody (node:internal/deps/undici/undici:1501:9)
    at process.processTicksAndRejections (node:internal/process/task_queues:95:5)
    at async specConsumeBody (node:internal/deps/undici/undici:5399:7)
    at Object.getModelsForMake (C:\Users\tfort\Desktop\Projects\the-pickard\src\lib\nhtsa-vpic-api.ts:78:18)
    at populateModels (C:\Users\tfort\Desktop\Projects\the-pickard\scripts\populate-vehicle-data.ts:175:22)
    at main (C:\Users\tfort\Desktop\Projects\the-pickard\scripts\populate-vehicle-data.ts:353:7)
      Found 0 models
      ✅ Added models for CLARION MOTORS CORP.

   🔍 Fetching models for CLARK TRAILER SERVICE...
      Found 1 models
      ✅ Added models for CLARK TRAILER SERVICE

   🔍 Fetching models for CLARKS WELDING...
      Found 1 models
      ✅ Added models for CLARKS WELDING

   🔍 Fetching models for CLASS TRAILER MANUFACTURING...
      Found 1 models
      ✅ Added models for CLASS TRAILER MANUFACTURING

   🔍 Fetching models for CLASSIC...
      Found 134 models
      ✅ Added models for CLASSIC

   🔍 Fetching models for CLASSIC ACQUISITIONS LLC...
      Found 1 models
      ✅ Added models for CLASSIC ACQUISITIONS LLC

   🔍 Fetching models for CLASSIC DESIGN TRAILERS...
      Found 1 models
      ✅ Added models for CLASSIC DESIGN TRAILERS

   🔍 Fetching models for CLASSIC GOLF CART COMPANY, INC...
      Found 6 models
      ✅ Added models for CLASSIC GOLF CART COMPANY, INC

   🔍 Fetching models for CLASSIC LEGENDS...
      Found 3 models
      ✅ Added models for CLASSIC LEGENDS

   🔍 Fetching models for CLASSIC TRAILERS SD...
      Found 1 models
      ✅ Added models for CLASSIC TRAILERS SD

   🔍 Fetching models for CLASSIC TRAILERS, INC...
      Found 78 models
      ✅ Added models for CLASSIC TRAILERS, INC

   🔍 Fetching models for CLASSIC TROLLEY...
      Found 1 models
      ✅ Added models for CLASSIC TROLLEY

   🔍 Fetching models for CLASSIC WELDING...
      Found 1 models
      ✅ Added models for CLASSIC WELDING

   🔍 Fetching models for CLASSY CHASSIS CAMPERS...
      Found 1 models
      ✅ Added models for CLASSY CHASSIS CAMPERS

   🔍 Fetching models for CLAY'S TRAILER SALES...
      Found 1 models
      ✅ Added models for CLAY'S TRAILER SALES

   🔍 Fetching models for CLAYPOOLE SPECIALTIES...
      Found 1 models
      ✅ Added models for CLAYPOOLE SPECIALTIES

   🔍 Fetching models for CIRCLE M TRAILERS...
      Found 1 models
      ✅ Added models for CIRCLE M TRAILERS

   🔍 Fetching models for CITY COCO...
      Found 23 models
      ✅ Added models for CITY COCO

   🔍 Fetching models for CITY TRAILERS...
      Found 2 models
      ✅ Added models for CITY TRAILERS

   🔍 Fetching models for CITY-EL...
      Found 1 models
      ✅ Added models for CITY-EL

   🔍 Fetching models for CIXI KINGRING MOTORCYCLE CO...
      Found 5 models
      ✅ Added models for CIXI KINGRING MOTORCYCLE CO

   🔍 Fetching models for CJ...
      Found 8 models
      ✅ Added models for CJ

   🔍 Fetching models for CJ CARGO INC...
      Found 1 models
      ✅ Added models for CJ CARGO INC

   🔍 Fetching models for CJ'S TRAILERS...
      Found 1 models
      ✅ Added models for CJ'S TRAILERS

   🔍 Fetching models for CJAY TRAILERS INC....
Error fetching models for CJAY TRAILERS INC. from NHTSA vPIC: SyntaxError: Unexpected token '<', "<!DOCTYPE "... is not valid JSON
    at JSON.parse (<anonymous>)
    at parseJSONFromBytes (node:internal/deps/undici/undici:5419:19)
    at successSteps (node:internal/deps/undici/undici:5390:27)
    at fullyReadBody (node:internal/deps/undici/undici:1501:9)
    at process.processTicksAndRejections (node:internal/process/task_queues:95:5)
    at async specConsumeBody (node:internal/deps/undici/undici:5399:7)
    at Object.getModelsForMake (C:\Users\tfort\Desktop\Projects\the-pickard\src\lib\nhtsa-vpic-api.ts:78:18)
    at populateModels (C:\Users\tfort\Desktop\Projects\the-pickard\scripts\populate-vehicle-data.ts:175:22)
    at main (C:\Users\tfort\Desktop\Projects\the-pickard\scripts\populate-vehicle-data.ts:353:7)
      Found 0 models
      ✅ Added models for CJAY TRAILERS INC.

   🔍 Fetching models for CJC CUSTOMS...
      Found 1 models
      ✅ Added models for CJC CUSTOMS

   🔍 Fetching models for CJZ CUSTOM...
      Found 1 models
      ✅ Added models for CJZ CUSTOM

   🔍 Fetching models for CK POWER...
      Found 1 models
      ✅ Added models for CK POWER

   🔍 Fetching models for CLARK TRAILERS...
      Found 1 models
      ✅ Added models for CLARK TRAILERS

   🔍 Fetching models for CLASSIC MC...
      Found 1 models
      ✅ Added models for CLASSIC MC

   🔍 Fetching models for CLASSIC MOTOR WORKS...
      Found 8 models
      ✅ Added models for CLASSIC MOTOR WORKS

   🔍 Fetching models for CLASSIC MOTORCYCLES & SIDECARS...
      Found 6 models
      ✅ Added models for CLASSIC MOTORCYCLES & SIDECARS

   🔍 Fetching models for CLASSIC ROADSTERS...
      Found 7 models
      ✅ Added models for CLASSIC ROADSTERS

   🔍 Fetching models for CLASSIC SPORTS CARS...
      Found 3 models
      ✅ Added models for CLASSIC SPORTS CARS

   🔍 Fetching models for CLASSIC TOWS...
      Found 1 models
      ✅ Added models for CLASSIC TOWS

   🔍 Fetching models for CLASSIC TRAILERS...
      Found 81 models
      ✅ Added models for CLASSIC TRAILERS

   🔍 Fetching models for CLC...
      Found 1 models
      ✅ Added models for CLC

   🔍 Fetching models for CLEAN - TECH...
      Found 1 models
      ✅ Added models for CLEAN - TECH

   🔍 Fetching models for CLEAR CUT FABRICATION...
      Found 1 models
      ✅ Added models for CLEAR CUT FABRICATION

   🔍 Fetching models for CLEARBLAST...
      Found 1 models
      ✅ Added models for CLEARBLAST

   🔍 Fetching models for CLEARSPRING CONVERSIONS, INC....
Error fetching models for CLEARSPRING CONVERSIONS, INC. from NHTSA vPIC: SyntaxError: Unexpected token '<', "<!DOCTYPE "... is not valid JSON
    at JSON.parse (<anonymous>)
    at parseJSONFromBytes (node:internal/deps/undici/undici:5419:19)
    at successSteps (node:internal/deps/undici/undici:5390:27)
    at fullyReadBody (node:internal/deps/undici/undici:1501:9)
    at process.processTicksAndRejections (node:internal/process/task_queues:95:5)
    at async specConsumeBody (node:internal/deps/undici/undici:5399:7)
    at Object.getModelsForMake (C:\Users\tfort\Desktop\Projects\the-pickard\src\lib\nhtsa-vpic-api.ts:78:18)
    at populateModels (C:\Users\tfort\Desktop\Projects\the-pickard\scripts\populate-vehicle-data.ts:175:22)
    at main (C:\Users\tfort\Desktop\Projects\the-pickard\scripts\populate-vehicle-data.ts:353:7)
      Found 0 models
      ✅ Added models for CLEARSPRING CONVERSIONS, INC.

   🔍 Fetching models for CLEASBY CONVEYORS...
      Found 1 models
      ✅ Added models for CLEASBY CONVEYORS

   🔍 Fetching models for CLEMENT INDUSTRIES...
      Found 1 models
      ✅ Added models for CLEMENT INDUSTRIES

   🔍 Fetching models for CLENET...
      Found 4 models
      ✅ Added models for CLENET

   🔍 Fetching models for CLENET COACHWORKS...
      Found 1 models
      ✅ Added models for CLENET COACHWORKS

   🔍 Fetching models for CLEVELAND CYCLEWERKS...
      Found 1 models
      ✅ Added models for CLEVELAND CYCLEWERKS

   🔍 Fetching models for CLEVELAND MOTORCYCLE MANUFACTURING CO...
      Found 3 models
      ✅ Added models for CLEVELAND MOTORCYCLE MANUFACTURING CO

   🔍 Fetching models for CLEVELAND T-TRIKE MANUFACTURING, INC....
Error fetching models for CLEVELAND T-TRIKE MANUFACTURING, INC. from NHTSA vPIC: SyntaxError: Unexpected token '<', "<!DOCTYPE "... is not valid JSON
    at JSON.parse (<anonymous>)
    at parseJSONFromBytes (node:internal/deps/undici/undici:5419:19)
    at successSteps (node:internal/deps/undici/undici:5390:27)
    at fullyReadBody (node:internal/deps/undici/undici:1501:9)
    at process.processTicksAndRejections (node:internal/process/task_queues:95:5)
    at async specConsumeBody (node:internal/deps/undici/undici:5399:7)
    at Object.getModelsForMake (C:\Users\tfort\Desktop\Projects\the-pickard\src\lib\nhtsa-vpic-api.ts:78:18)
    at populateModels (C:\Users\tfort\Desktop\Projects\the-pickard\scripts\populate-vehicle-data.ts:175:22)
    at main (C:\Users\tfort\Desktop\Projects\the-pickard\scripts\populate-vehicle-data.ts:353:7)
      Found 0 models
      ✅ Added models for CLEVELAND T-TRIKE MANUFACTURING, INC.

   🔍 Fetching models for CLIFF'S WELDING SERVICE...
      Found 2 models
      ✅ Added models for CLIFF'S WELDING SERVICE

   🔍 Fetching models for CLIFF'S WELDING SERVICE, LLC...
      Found 1 models
      ✅ Added models for CLIFF'S WELDING SERVICE, LLC

   🔍 Fetching models for DIAMONDBACK TRAILERS...
      Found 2 models
      ✅ Added models for DIAMONDBACK TRAILERS

   🔍 Fetching models for DOMATEX...
      Found 1 models
      ✅ Added models for DOMATEX

   🔍 Fetching models for DOMINE ENTERPRISES...
      Found 1 models
      ✅ Added models for DOMINE ENTERPRISES

   🔍 Fetching models for DOMINIGHT...
      Found 1 models
      ✅ Added models for DOMINIGHT

   🔍 Fetching models for DOMINION MOTORCYCLE...
      Found 1 models
      ✅ Added models for DOMINION MOTORCYCLE

   🔍 Fetching models for DON JOHNSON SALES...
      Found 1 models
      ✅ Added models for DON JOHNSON SALES

   🔍 Fetching models for DONALDSON FABRICATIONS...
      Found 1 models
      ✅ Added models for DONALDSON FABRICATIONS

   🔍 Fetching models for DONGFANG...
      Found 135 models
      ✅ Added models for DONGFANG

   🔍 Fetching models for DOOLITTLE, FOXTRAIL...
      Found 5 models
      ✅ Added models for DOOLITTLE, FOXTRAIL

   🔍 Fetching models for DOONAN SPECIALIZED TRAILER...
      Found 20 models
      ✅ Added models for DOONAN SPECIALIZED TRAILER

   🔍 Fetching models for DOOSAN...
      Found 30 models
      ✅ Added models for DOOSAN

   🔍 Fetching models for DOPPLERTECH...
      Found 1 models
      ✅ Added models for DOPPLERTECH

   🔍 Fetching models for DORADO...
      Found 9 models
      ✅ Added models for DORADO

   🔍 Fetching models for DORCHEAT MANUFACTURING COMPANY...
      Found 1 models
      ✅ Added models for DORCHEAT MANUFACTURING COMPANY

   🔍 Fetching models for DORSEY...
      Found 1 models
      ✅ Added models for DORSEY

   🔍 Fetching models for DOSE STEELWORKS, INC....
Error fetching models for DOSE STEELWORKS, INC. from NHTSA vPIC: SyntaxError: Unexpected token '<', "<!DOCTYPE "... is not valid JSON
    at JSON.parse (<anonymous>)
    at parseJSONFromBytes (node:internal/deps/undici/undici:5419:19)
    at successSteps (node:internal/deps/undici/undici:5390:27)
    at fullyReadBody (node:internal/deps/undici/undici:1501:9)
    at process.processTicksAndRejections (node:internal/process/task_queues:95:5)
    at async specConsumeBody (node:internal/deps/undici/undici:5399:7)
    at Object.getModelsForMake (C:\Users\tfort\Desktop\Projects\the-pickard\src\lib\nhtsa-vpic-api.ts:78:18)
    at populateModels (C:\Users\tfort\Desktop\Projects\the-pickard\scripts\populate-vehicle-data.ts:175:22)
    at main (C:\Users\tfort\Desktop\Projects\the-pickard\scripts\populate-vehicle-data.ts:353:7)
      Found 0 models
      ✅ Added models for DOSE STEELWORKS, INC.

   🔍 Fetching models for DOSKO...
      Found 2 models
      ✅ Added models for DOSKO

   🔍 Fetching models for DOSKO INDUSTRIES, INCORPORATED...
      Found 1 models
      ✅ Added models for DOSKO INDUSTRIES, INCORPORATED

   🔍 Fetching models for DOUBLE "P" TRAILERS...
      Found 1 models
      ✅ Added models for DOUBLE "P" TRAILERS

   🔍 Fetching models for DOUBLE A...
      Found 2 models
      ✅ Added models for DOUBLE A

   🔍 Fetching models for DOUBLE A TRAILERS...
      Found 1 models
      ✅ Added models for DOUBLE A TRAILERS

   🔍 Fetching models for DOUBLE K CUSTOM TRAILERS...
      Found 1 models
      ✅ Added models for DOUBLE K CUSTOM TRAILERS

   🔍 Fetching models for DOUBLE LJ MANUFACTURING...
      Found 1 models
      ✅ Added models for DOUBLE LJ MANUFACTURING

   🔍 Fetching models for DOUBLE R TRAILER MFG...
      Found 1 models
      ✅ Added models for DOUBLE R TRAILER MFG

   🔍 Fetching models for DOUBLE R TRAILERS...
      Found 2 models
      ✅ Added models for DOUBLE R TRAILERS

   🔍 Fetching models for DOUBLE R TRAILERS MFG...
      Found 1 models
      ✅ Added models for DOUBLE R TRAILERS MFG

   🔍 Fetching models for DOUBLE S ENTERPRISES...
      Found 1 models
      ✅ Added models for DOUBLE S ENTERPRISES

   🔍 Fetching models for DOUBLE S WELDING...
      Found 1 models
      ✅ Added models for DOUBLE S WELDING

   🔍 Fetching models for DOUBLEEAGLEUSA...
      Found 1 models
      ✅ Added models for DOUBLEEAGLEUSA

   🔍 Fetching models for DOUGLAS HOLDING LLC...
      Found 1 models
      ✅ Added models for DOUGLAS HOLDING LLC

   🔍 Fetching models for DOUGLAS MARINE CORPORATION...
      Found 4 models
      ✅ Added models for DOUGLAS MARINE CORPORATION

   🔍 Fetching models for DOUGLAS TRAILERS...
      Found 2 models
      ✅ Added models for DOUGLAS TRAILERS

   🔍 Fetching models for DOUGLAS TRAILERS INC...
      Found 1 models
      ✅ Added models for DOUGLAS TRAILERS INC

   🔍 Fetching models for DOUGLAS TRUCK & EQUIPMENT...
      Found 1 models
      ✅ Added models for DOUGLAS TRUCK & EQUIPMENT

   🔍 Fetching models for DOUGLASS TRUCK BODIES, INC....
Error fetching models for DOUGLASS TRUCK BODIES, INC. from NHTSA vPIC: SyntaxError: Unexpected token '<', "<!DOCTYPE "... is not valid JSON
    at JSON.parse (<anonymous>)
    at parseJSONFromBytes (node:internal/deps/undici/undici:5419:19)
    at successSteps (node:internal/deps/undici/undici:5390:27)
    at fullyReadBody (node:internal/deps/undici/undici:1501:9)
    at process.processTicksAndRejections (node:internal/process/task_queues:95:5)
    at async specConsumeBody (node:internal/deps/undici/undici:5399:7)
    at Object.getModelsForMake (C:\Users\tfort\Desktop\Projects\the-pickard\src\lib\nhtsa-vpic-api.ts:78:18)
    at populateModels (C:\Users\tfort\Desktop\Projects\the-pickard\scripts\populate-vehicle-data.ts:175:22)
    at main (C:\Users\tfort\Desktop\Projects\the-pickard\scripts\populate-vehicle-data.ts:353:7)
      Found 0 models
      ✅ Added models for DOUGLASS TRUCK BODIES, INC.

   🔍 Fetching models for DOVE WELDING...
      Found 1 models
      ✅ Added models for DOVE WELDING

   🔍 Fetching models for DOVER TRAILER & FAB...
      Found 1 models
      ✅ Added models for DOVER TRAILER & FAB

   🔍 Fetching models for DOYLE MANUFACTURING...
      Found 1 models
      ✅ Added models for DOYLE MANUFACTURING

   🔍 Fetching models for DOZ N GO...
      Found 1 models
      ✅ Added models for DOZ N GO

   🔍 Fetching models for DP CONINGPLANT USA CORP....
Error fetching models for DP CONINGPLANT USA CORP. from NHTSA vPIC: SyntaxError: Unexpected token '<', "<!DOCTYPE "... is not valid JSON
    at JSON.parse (<anonymous>)
    at parseJSONFromBytes (node:internal/deps/undici/undici:5419:19)
    at successSteps (node:internal/deps/undici/undici:5390:27)
    at fullyReadBody (node:internal/deps/undici/undici:1501:9)
    at process.processTicksAndRejections (node:internal/process/task_queues:95:5)
    at async specConsumeBody (node:internal/deps/undici/undici:5399:7)
    at Object.getModelsForMake (C:\Users\tfort\Desktop\Projects\the-pickard\src\lib\nhtsa-vpic-api.ts:78:18)
    at populateModels (C:\Users\tfort\Desktop\Projects\the-pickard\scripts\populate-vehicle-data.ts:175:22)
    at main (C:\Users\tfort\Desktop\Projects\the-pickard\scripts\populate-vehicle-data.ts:353:7)
      Found 0 models
      ✅ Added models for DP CONINGPLANT USA CORP.

   🔍 Fetching models for DP MANUFACTURING LLC...
      Found 1 models
      ✅ Added models for DP MANUFACTURING LLC

   🔍 Fetching models for DPJ...
      Found 1 models
      ✅ Added models for DPJ

   🔍 Fetching models for DR FOOD TRUCKS...
      Found 1 models
      ✅ Added models for DR FOOD TRUCKS

   🔍 Fetching models for DRAGGIN CUSTOM CYCLES...
      Found 1 models
      ✅ Added models for DRAGGIN CUSTOM CYCLES

   🔍 Fetching models for DRAGGIN' P, INC...
      Found 1 models
      ✅ Added models for DRAGGIN' P, INC

   🔍 Fetching models for DRAGSTER SUPPLY...
      Found 1 models
      ✅ Added models for DRAGSTER SUPPLY

   🔍 Fetching models for DRAKE TRAILERS...
      Found 1 models
      ✅ Added models for DRAKE TRAILERS

   🔍 Fetching models for DRAKE TRUCK & TRAILER EQUIPMENT...
      Found 1 models
      ✅ Added models for DRAKE TRUCK & TRAILER EQUIPMENT

   🔍 Fetching models for DRAPERBILT...
      Found 1 models
      ✅ Added models for DRAPERBILT

   🔍 Fetching models for DRC TRAILER AND SPORT...
      Found 1 models
      ✅ Added models for DRC TRAILER AND SPORT

   🔍 Fetching models for DRE CUSTOM TRAILERS...
      Found 1 models
      ✅ Added models for DRE CUSTOM TRAILERS

   🔍 Fetching models for DREAM COACH TRAILERS...
      Found 1 models
      ✅ Added models for DREAM COACH TRAILERS

   🔍 Fetching models for DREAM DESIGN AND FABRICATION...
      Found 1 models
      ✅ Added models for DREAM DESIGN AND FABRICATION

   🔍 Fetching models for DREAM FLY...
      Found 11 models
      ✅ Added models for DREAM FLY

   🔍 Fetching models for DREAM HAVEN...
      Found 1 models
      ✅ Added models for DREAM HAVEN

   🔍 Fetching models for DREAM PROJECTS BUILDERS LLC...
      Found 1 models
      ✅ Added models for DREAM PROJECTS BUILDERS LLC

   🔍 Fetching models for DREAM RIDGE DEVELOPMENT CORPORATION...
      Found 1 models
      ✅ Added models for DREAM RIDGE DEVELOPMENT CORPORATION

   🔍 Fetching models for DREAMLINE...
      Found 1 models
      ✅ Added models for DREAMLINE

   🔍 Fetching models for DRESSEN CUSTOM TRAILERS...
      Found 1 models
      ✅ Added models for DRESSEN CUSTOM TRAILERS

   🔍 Fetching models for DREWES ENGINEERING...
      Found 2 models
      ✅ Added models for DREWES ENGINEERING

   🔍 Fetching models for DREWS IRONWORKS...
      Found 1 models
      ✅ Added models for DREWS IRONWORKS

   🔍 Fetching models for DRI-DOC INC...
      Found 1 models
      ✅ Added models for DRI-DOC INC

   🔍 Fetching models for CLAYTON TINY HOMES...
      Found 1 models
      ✅ Added models for CLAYTON TINY HOMES

   🔍 Fetching models for CLEGG INDUSTRIES...
      Found 1 models
      ✅ Added models for CLEGG INDUSTRIES

   🔍 Fetching models for CLIFTON...
      Found 1 models
      ✅ Added models for CLIFTON

   🔍 Fetching models for CLOUD...
      Found 2 models
      ✅ Added models for CLOUD

   🔍 Fetching models for CLOUD 9 TRAILERS...
      Found 1 models
      ✅ Added models for CLOUD 9 TRAILERS

   🔍 Fetching models for CLUB CAR...
      Found 26 models
      ✅ Added models for CLUB CAR

   🔍 Fetching models for CLUB CAR PRECEDENT...
      Found 1 models
      ✅ Added models for CLUB CAR PRECEDENT

   🔍 Fetching models for CLW9021XLG...
      Found 1 models
      ✅ Added models for CLW9021XLG

   🔍 Fetching models for CM...
      Found 42 models
      ✅ Added models for CM

   🔍 Fetching models for CM TRAILERS...
      Found 1 models
      ✅ Added models for CM TRAILERS

   🔍 Fetching models for CM&W...
      Found 1 models
      ✅ Added models for CM&W

   🔍 Fetching models for CMD POWERSYSTEMS...
      Found 1 models
      ✅ Added models for CMD POWERSYSTEMS

   🔍 Fetching models for CMG CUSTOM TRAILERS, INC....
Error fetching models for CMG CUSTOM TRAILERS, INC. from NHTSA vPIC: SyntaxError: Unexpected token '<', "<!DOCTYPE "... is not valid JSON
    at JSON.parse (<anonymous>)
    at parseJSONFromBytes (node:internal/deps/undici/undici:5419:19)
    at successSteps (node:internal/deps/undici/undici:5390:27)
    at fullyReadBody (node:internal/deps/undici/undici:1501:9)
    at process.processTicksAndRejections (node:internal/process/task_queues:95:5)
    at async specConsumeBody (node:internal/deps/undici/undici:5399:7)
    at Object.getModelsForMake (C:\Users\tfort\Desktop\Projects\the-pickard\src\lib\nhtsa-vpic-api.ts:78:18)
    at populateModels (C:\Users\tfort\Desktop\Projects\the-pickard\scripts\populate-vehicle-data.ts:175:22)
    at main (C:\Users\tfort\Desktop\Projects\the-pickard\scripts\populate-vehicle-data.ts:353:7)
      Found 0 models
      ✅ Added models for CMG CUSTOM TRAILERS, INC.

   🔍 Fetching models for CMI...
      Found 4 models
      ✅ Added models for CMI

   🔍 Fetching models for CMI TEREX...
      Found 1 models
      ✅ Added models for CMI TEREX

   🔍 Fetching models for CMMC MACHINE, INC....
Error fetching models for CMMC MACHINE, INC. from NHTSA vPIC: SyntaxError: Unexpected token '<', "<!DOCTYPE "... is not valid JSON
    at JSON.parse (<anonymous>)
    at parseJSONFromBytes (node:internal/deps/undici/undici:5419:19)
    at successSteps (node:internal/deps/undici/undici:5390:27)
    at fullyReadBody (node:internal/deps/undici/undici:1501:9)
    at process.processTicksAndRejections (node:internal/process/task_queues:95:5)
    at async specConsumeBody (node:internal/deps/undici/undici:5399:7)
    at Object.getModelsForMake (C:\Users\tfort\Desktop\Projects\the-pickard\src\lib\nhtsa-vpic-api.ts:78:18)
    at populateModels (C:\Users\tfort\Desktop\Projects\the-pickard\scripts\populate-vehicle-data.ts:175:22)
    at main (C:\Users\tfort\Desktop\Projects\the-pickard\scripts\populate-vehicle-data.ts:353:7)
      Found 0 models
      ✅ Added models for CMMC MACHINE, INC.

   🔍 Fetching models for CMP...
      Found 1 models
      ✅ Added models for CMP

   🔍 Fetching models for CMS WELDING...
      Found 1 models
      ✅ Added models for CMS WELDING

   🔍 Fetching models for CMW...
      Found 1 models
      ✅ Added models for CMW

   🔍 Fetching models for CNC TRAILERS FABRICATION...
      Found 1 models
      ✅ Added models for CNC TRAILERS FABRICATION

   🔍 Fetching models for CNJ...
      Found 1 models
      ✅ Added models for CNJ

   🔍 Fetching models for COACHCRAFT TECHNOLOGIES, LLC...
      Found 1 models
      ✅ Added models for COACHCRAFT TECHNOLOGIES, LLC

   🔍 Fetching models for COACHMEN...
      Found 1 models
      ✅ Added models for COACHMEN

   🔍 Fetching models for COACHWORKS...
      Found 10 models
      ✅ Added models for COACHWORKS

   🔍 Fetching models for COACHWORKS1260 LLC...
      Found 1 models
      ✅ Added models for COACHWORKS1260 LLC

   🔍 Fetching models for COAHUILA...
      Found 1 models
      ✅ Added models for COAHUILA

   🔍 Fetching models for COAL MOUNTAIN...
      Found 1 models
      ✅ Added models for COAL MOUNTAIN

   🔍 Fetching models for COAL REGION TRAILERS...
      Found 1 models
      ✅ Added models for COAL REGION TRAILERS

   🔍 Fetching models for COALA...
      Found 1 models
      ✅ Added models for COALA

   🔍 Fetching models for COAST...
      Found 47 models
      ✅ Added models for COAST

   🔍 Fetching models for COAST 2 COAST...
      Found 2 models
      ✅ Added models for COAST 2 COAST

   🔍 Fetching models for COAST 2 COAST CHOPPERS...
      Found 1 models
      ✅ Added models for COAST 2 COAST CHOPPERS

   🔍 Fetching models for COAST AUTONOMOUS...
      Found 2 models
      ✅ Added models for COAST AUTONOMOUS

   🔍 Fetching models for COAST CONTAINER CORPORATION...
      Found 1 models
      ✅ Added models for COAST CONTAINER CORPORATION

   🔍 Fetching models for COASTAL CAR...
      Found 2 models
      ✅ Added models for COASTAL CAR

   🔍 Fetching models for COASTAL CAROLINA GOLF CARTS / ICON...
Error fetching models for COASTAL CAROLINA GOLF CARTS / ICON from NHTSA vPIC: SyntaxError: Unexpected token '<', "<!DOCTYPE "... is not valid JSON
    at JSON.parse (<anonymous>)
    at parseJSONFromBytes (node:internal/deps/undici/undici:5419:19)
    at successSteps (node:internal/deps/undici/undici:5390:27)
    at fullyReadBody (node:internal/deps/undici/undici:1501:9)
    at process.processTicksAndRejections (node:internal/process/task_queues:95:5)
    at async specConsumeBody (node:internal/deps/undici/undici:5399:7)
    at Object.getModelsForMake (C:\Users\tfort\Desktop\Projects\the-pickard\src\lib\nhtsa-vpic-api.ts:78:18)
    at populateModels (C:\Users\tfort\Desktop\Projects\the-pickard\scripts\populate-vehicle-data.ts:175:22)
    at main (C:\Users\tfort\Desktop\Projects\the-pickard\scripts\populate-vehicle-data.ts:353:7)
      Found 0 models
      ✅ Added models for COASTAL CAROLINA GOLF CARTS / ICON

   🔍 Fetching models for COASTAL INDUSTRIES...
      Found 1 models
      ✅ Added models for COASTAL INDUSTRIES

   🔍 Fetching models for COASTAL METAL FAB, INC....
Error fetching models for COASTAL METAL FAB, INC. from NHTSA vPIC: SyntaxError: Unexpected token '<', "<!DOCTYPE "... is not valid JSON
    at JSON.parse (<anonymous>)
    at parseJSONFromBytes (node:internal/deps/undici/undici:5419:19)
    at successSteps (node:internal/deps/undici/undici:5390:27)
    at fullyReadBody (node:internal/deps/undici/undici:1501:9)
    at process.processTicksAndRejections (node:internal/process/task_queues:95:5)
    at async specConsumeBody (node:internal/deps/undici/undici:5399:7)
    at Object.getModelsForMake (C:\Users\tfort\Desktop\Projects\the-pickard\src\lib\nhtsa-vpic-api.ts:78:18)
    at populateModels (C:\Users\tfort\Desktop\Projects\the-pickard\scripts\populate-vehicle-data.ts:175:22)
    at main (C:\Users\tfort\Desktop\Projects\the-pickard\scripts\populate-vehicle-data.ts:353:7)
      Found 0 models
      ✅ Added models for COASTAL METAL FAB, INC.

   🔍 Fetching models for COASTAL PRODUCTION SYSTEMS...
      Found 1 models
      ✅ Added models for COASTAL PRODUCTION SYSTEMS

   🔍 Fetching models for COASTAL TRAILERS...
      Found 1 models
      ✅ Added models for COASTAL TRAILERS

   🔍 Fetching models for COASTLINE LSV...
      Found 1 models
      ✅ Added models for COASTLINE LSV

   🔍 Fetching models for COASTLINE MANUFACTURING...
      Found 1 models
      ✅ Added models for COASTLINE MANUFACTURING

   🔍 Fetching models for COASTLINE POWER SOLUTIONS...
      Found 1 models
      ✅ Added models for COASTLINE POWER SOLUTIONS

   🔍 Fetching models for COASTLINE TRAILER...
      Found 6 models
      ✅ Added models for COASTLINE TRAILER

   🔍 Fetching models for COASTLINE TRAILER MFG...
      Found 1 models
      ✅ Added models for COASTLINE TRAILER MFG

   🔍 Fetching models for COASTLINE TRAILERS...
      Found 4 models
      ✅ Added models for COASTLINE TRAILERS

   🔍 Fetching models for COBRA CARS...
      Found 2 models
      ✅ Added models for COBRA CARS

   🔍 Fetching models for COBRA INDUSTRIES...
      Found 21 models
      ✅ Added models for COBRA INDUSTRIES

   🔍 Fetching models for COBRA INDUSTRIES LLC...
      Found 1 models
      ✅ Added models for COBRA INDUSTRIES LLC

   🔍 Fetching models for COBRA MFG...
      Found 1 models
      ✅ Added models for COBRA MFG

   🔍 Fetching models for COBRA MOTORHOMES & TRAILERS, INC....
Error fetching models for COBRA MOTORHOMES & TRAILERS, INC. from NHTSA vPIC: SyntaxError: Unexpected token '<', "<!DOCTYPE "... is not valid JSON
    at JSON.parse (<anonymous>)
    at parseJSONFromBytes (node:internal/deps/undici/undici:5419:19)
    at successSteps (node:internal/deps/undici/undici:5390:27)
    at fullyReadBody (node:internal/deps/undici/undici:1501:9)
    at process.processTicksAndRejections (node:internal/process/task_queues:95:5)
    at async specConsumeBody (node:internal/deps/undici/undici:5399:7)
    at Object.getModelsForMake (C:\Users\tfort\Desktop\Projects\the-pickard\src\lib\nhtsa-vpic-api.ts:78:18)
    at populateModels (C:\Users\tfort\Desktop\Projects\the-pickard\scripts\populate-vehicle-data.ts:175:22)
    at main (C:\Users\tfort\Desktop\Projects\the-pickard\scripts\populate-vehicle-data.ts:353:7)
      Found 0 models
      ✅ Added models for COBRA MOTORHOMES & TRAILERS, INC.

   🔍 Fetching models for COBRA RACING PRODUCTS INC...
      Found 1 models
      ✅ Added models for COBRA RACING PRODUCTS INC

   🔍 Fetching models for COBURN EQUIPMENT & REPAIRS...
      Found 1 models
      ✅ Added models for COBURN EQUIPMENT & REPAIRS

   🔍 Fetching models for COCHISE CUSTOM CYCLES...
      Found 1 models
      ✅ Added models for COCHISE CUSTOM CYCLES

   🔍 Fetching models for CODA...
      Found 1 models
      ✅ Added models for CODA

   🔍 Fetching models for COFFEE CREEK MFG LLC...
      Found 1 models
      ✅ Added models for COFFEE CREEK MFG LLC

   🔍 Fetching models for COFFEEVILLE TRAILER MANUFACTURING, INC....
Error fetching models for COFFEEVILLE TRAILER MANUFACTURING, INC. from NHTSA vPIC: SyntaxError: Unexpected token '<', "<!DOCTYPE "... is not valid JSON
    at JSON.parse (<anonymous>)
    at parseJSONFromBytes (node:internal/deps/undici/undici:5419:19)
    at successSteps (node:internal/deps/undici/undici:5390:27)
    at fullyReadBody (node:internal/deps/undici/undici:1501:9)
    at process.processTicksAndRejections (node:internal/process/task_queues:95:5)
    at async specConsumeBody (node:internal/deps/undici/undici:5399:7)
    at Object.getModelsForMake (C:\Users\tfort\Desktop\Projects\the-pickard\src\lib\nhtsa-vpic-api.ts:78:18)
    at populateModels (C:\Users\tfort\Desktop\Projects\the-pickard\scripts\populate-vehicle-data.ts:175:22)
    at main (C:\Users\tfort\Desktop\Projects\the-pickard\scripts\populate-vehicle-data.ts:353:7)
      Found 0 models
      ✅ Added models for COFFEEVILLE TRAILER MANUFACTURING, INC.

   🔍 Fetching models for COFFEY MFG...
      Found 1 models
      ✅ Added models for COFFEY MFG

   🔍 Fetching models for COGSUN...
      Found 1 models
      ✅ Added models for COGSUN

   🔍 Fetching models for COHEN METALS GROUP...
      Found 1 models
      ✅ Added models for COHEN METALS GROUP

   🔍 Fetching models for COKER ENTERPRISES...
      Found 1 models
      ✅ Added models for COKER ENTERPRISES

   🔍 Fetching models for COLE CUSTOMS...
      Found 1 models
      ✅ Added models for COLE CUSTOMS

   🔍 Fetching models for COLE STEEL...
      Found 1 models
      ✅ Added models for COLE STEEL

   🔍 Fetching models for COLE'S MASTER...
      Found 1 models
      ✅ Added models for COLE'S MASTER

   🔍 Fetching models for COLEMAN...
      Found 33 models
      ✅ Added models for COLEMAN

   🔍 Fetching models for COLEMAN CUSTOM CHOPPERS...
      Found 1 models
      ✅ Added models for COLEMAN CUSTOM CHOPPERS

   🔍 Fetching models for COLFAX TRAILER & REPAIR, LLC...
      Found 1 models
      ✅ Added models for COLFAX TRAILER & REPAIR, LLC

   🔍 Fetching models for COLLA TRAILERS...
      Found 1 models
      ✅ Added models for COLLA TRAILERS

   🔍 Fetching models for COLLIERS CUSTOM CYCLES...
      Found 1 models
      ✅ Added models for COLLIERS CUSTOM CYCLES

   🔍 Fetching models for COLLIN-ARNDT TRAILER MANUFACTURING INC...
      Found 6 models
      ✅ Added models for COLLIN-ARNDT TRAILER MANUFACTURING INC

   🔍 Fetching models for COLLINS...
      Found 5 models
      ✅ Added models for COLLINS

   🔍 Fetching models for COLLINS TRAILERS...
      Found 1 models
      ✅ Added models for COLLINS TRAILERS

   🔍 Fetching models for COLLINS WELDING...
      Found 1 models
      ✅ Added models for COLLINS WELDING

   🔍 Fetching models for COLORADO...
      Found 5 models
      ✅ Added models for COLORADO

   🔍 Fetching models for COLORADO BACKCOUNTRY TRAILERS, LLC...
      Found 1 models
      ✅ Added models for COLORADO BACKCOUNTRY TRAILERS, LLC

   🔍 Fetching models for COLORADO CUSTOM CENTER, INC....
Error fetching models for COLORADO CUSTOM CENTER, INC. from NHTSA vPIC: SyntaxError: Unexpected token '<', "<!DOCTYPE "... is not valid JSON
    at JSON.parse (<anonymous>)
    at parseJSONFromBytes (node:internal/deps/undici/undici:5419:19)
    at successSteps (node:internal/deps/undici/undici:5390:27)
    at fullyReadBody (node:internal/deps/undici/undici:1501:9)
    at process.processTicksAndRejections (node:internal/process/task_queues:95:5)
    at async specConsumeBody (node:internal/deps/undici/undici:5399:7)
    at Object.getModelsForMake (C:\Users\tfort\Desktop\Projects\the-pickard\src\lib\nhtsa-vpic-api.ts:78:18)
    at populateModels (C:\Users\tfort\Desktop\Projects\the-pickard\scripts\populate-vehicle-data.ts:175:22)
    at main (C:\Users\tfort\Desktop\Projects\the-pickard\scripts\populate-vehicle-data.ts:353:7)
      Found 0 models
      ✅ Added models for COLORADO CUSTOM CENTER, INC.

   🔍 Fetching models for COLORADO TEARDROP TRAILERS...
      Found 1 models
      ✅ Added models for COLORADO TEARDROP TRAILERS

   🔍 Fetching models for COLT...
      Found 2 models
      ✅ Added models for COLT

   🔍 Fetching models for COLT TRAILER MFG. CO....
Error fetching models for COLT TRAILER MFG. CO. from NHTSA vPIC: SyntaxError: Unexpected token '<', "<!DOCTYPE "... is not valid JSON
    at JSON.parse (<anonymous>)
    at parseJSONFromBytes (node:internal/deps/undici/undici:5419:19)
    at successSteps (node:internal/deps/undici/undici:5390:27)
    at fullyReadBody (node:internal/deps/undici/undici:1501:9)
    at process.processTicksAndRejections (node:internal/process/task_queues:95:5)
    at async specConsumeBody (node:internal/deps/undici/undici:5399:7)
    at Object.getModelsForMake (C:\Users\tfort\Desktop\Projects\the-pickard\src\lib\nhtsa-vpic-api.ts:78:18)
    at populateModels (C:\Users\tfort\Desktop\Projects\the-pickard\scripts\populate-vehicle-data.ts:175:22)
    at main (C:\Users\tfort\Desktop\Projects\the-pickard\scripts\populate-vehicle-data.ts:353:7)
      Found 0 models
      ✅ Added models for COLT TRAILER MFG. CO.

   🔍 Fetching models for COLUMBIA...
      Found 21 models
      ✅ Added models for COLUMBIA

   🔍 Fetching models for COLUMBIA BASIN TRAILERS...
      Found 1 models
      ✅ Added models for COLUMBIA BASIN TRAILERS

   🔍 Fetching models for COLUMBIA INDUSTRIES...
      Found 1 models
      ✅ Added models for COLUMBIA INDUSTRIES

   🔍 Fetching models for COLUMBIA NORTHWEST...
      Found 9 models
      ✅ Added models for COLUMBIA NORTHWEST

   🔍 Fetching models for COLVIN MOTORCYCLE COMPANY...
      Found 2 models
      ✅ Added models for COLVIN MOTORCYCLE COMPANY

   🔍 Fetching models for COM-FAB INC....
Error fetching models for COM-FAB INC. from NHTSA vPIC: SyntaxError: Unexpected token '<', "<!DOCTYPE "... is not valid JSON
    at JSON.parse (<anonymous>)
    at parseJSONFromBytes (node:internal/deps/undici/undici:5419:19)
    at successSteps (node:internal/deps/undici/undici:5390:27)
    at fullyReadBody (node:internal/deps/undici/undici:1501:9)
    at process.processTicksAndRejections (node:internal/process/task_queues:95:5)
    at async specConsumeBody (node:internal/deps/undici/undici:5399:7)
    at Object.getModelsForMake (C:\Users\tfort\Desktop\Projects\the-pickard\src\lib\nhtsa-vpic-api.ts:78:18)
    at populateModels (C:\Users\tfort\Desktop\Projects\the-pickard\scripts\populate-vehicle-data.ts:175:22)
    at main (C:\Users\tfort\Desktop\Projects\the-pickard\scripts\populate-vehicle-data.ts:353:7)
      Found 0 models
      ✅ Added models for COM-FAB INC.

   🔍 Fetching models for COMANCHE TRAILERS...
      Found 1 models
      ✅ Added models for COMANCHE TRAILERS

   🔍 Fetching models for COMBAT ...
Error fetching models for COMBAT  from NHTSA vPIC: SyntaxError: Unexpected token '<', "<!DOCTYPE "... is not valid JSON
    at JSON.parse (<anonymous>)
    at parseJSONFromBytes (node:internal/deps/undici/undici:5419:19)
    at successSteps (node:internal/deps/undici/undici:5390:27)
    at fullyReadBody (node:internal/deps/undici/undici:1501:9)
    at process.processTicksAndRejections (node:internal/process/task_queues:95:5)
    at async specConsumeBody (node:internal/deps/undici/undici:5399:7)
    at Object.getModelsForMake (C:\Users\tfort\Desktop\Projects\the-pickard\src\lib\nhtsa-vpic-api.ts:78:18)
    at populateModels (C:\Users\tfort\Desktop\Projects\the-pickard\scripts\populate-vehicle-data.ts:175:22)
    at main (C:\Users\tfort\Desktop\Projects\the-pickard\scripts\populate-vehicle-data.ts:353:7)
      Found 0 models
      ✅ Added models for COMBAT 

   🔍 Fetching models for COMBAT SUPPORT PRODUCTS...
      Found 1 models
      ✅ Added models for COMBAT SUPPORT PRODUCTS

   🔍 Fetching models for COMBS TRAILER MANUFACTURING...
      Found 1 models
      ✅ Added models for COMBS TRAILER MANUFACTURING

   🔍 Fetching models for COMET...
      Found 1 models
      ✅ Added models for COMET

   🔍 Fetching models for COMFORT CAMPER...
      Found 1 models
      ✅ Added models for COMFORT CAMPER

   🔍 Fetching models for COMFORT HOOF CARE...
      Found 1 models
      ✅ Added models for COMFORT HOOF CARE

   🔍 Fetching models for COMFORT STATION...
      Found 1 models
      ✅ Added models for COMFORT STATION

   🔍 Fetching models for COMFORTS OF HOME SERVICES...
      Found 1 models
      ✅ Added models for COMFORTS OF HOME SERVICES

   🔍 Fetching models for COMM / LIGHT TOWER...
Error fetching models for COMM / LIGHT TOWER from NHTSA vPIC: SyntaxError: Unexpected token '<', "<!DOCTYPE "... is not valid JSON
    at JSON.parse (<anonymous>)
    at parseJSONFromBytes (node:internal/deps/undici/undici:5419:19)
    at successSteps (node:internal/deps/undici/undici:5390:27)
    at fullyReadBody (node:internal/deps/undici/undici:1501:9)
    at process.processTicksAndRejections (node:internal/process/task_queues:95:5)
    at async specConsumeBody (node:internal/deps/undici/undici:5399:7)
    at Object.getModelsForMake (C:\Users\tfort\Desktop\Projects\the-pickard\src\lib\nhtsa-vpic-api.ts:78:18)
    at populateModels (C:\Users\tfort\Desktop\Projects\the-pickard\scripts\populate-vehicle-data.ts:175:22)
    at main (C:\Users\tfort\Desktop\Projects\the-pickard\scripts\populate-vehicle-data.ts:353:7)
      Found 0 models
      ✅ Added models for COMM / LIGHT TOWER

   🔍 Fetching models for COMMANDER...
      Found 4 models
      ✅ Added models for COMMANDER

   🔍 Fetching models for COMMANDER SCRV...
      Found 1 models
      ✅ Added models for COMMANDER SCRV

   🔍 Fetching models for COMMANDER TRAILERS...
      Found 2 models
      ✅ Added models for COMMANDER TRAILERS

   🔍 Fetching models for COMMERCIAL MANUFACTURING & INDUSTRIAL, CO....
Error fetching models for COMMERCIAL MANUFACTURING & INDUSTRIAL, CO. from NHTSA vPIC: SyntaxError: Unexpected token '<', "<!DOCTYPE "... is not valid JSON
    at JSON.parse (<anonymous>)
    at parseJSONFromBytes (node:internal/deps/undici/undici:5419:19)
    at successSteps (node:internal/deps/undici/undici:5390:27)
    at fullyReadBody (node:internal/deps/undici/undici:1501:9)
    at process.processTicksAndRejections (node:internal/process/task_queues:95:5)
    at async specConsumeBody (node:internal/deps/undici/undici:5399:7)
    at Object.getModelsForMake (C:\Users\tfort\Desktop\Projects\the-pickard\src\lib\nhtsa-vpic-api.ts:78:18)
    at populateModels (C:\Users\tfort\Desktop\Projects\the-pickard\scripts\populate-vehicle-data.ts:175:22)
    at main (C:\Users\tfort\Desktop\Projects\the-pickard\scripts\populate-vehicle-data.ts:353:7)
      Found 0 models
      ✅ Added models for COMMERCIAL MANUFACTURING & INDUSTRIAL, CO.

   🔍 Fetching models for COMMERCIAL STRUCTURES...
      Found 1 models
      ✅ Added models for COMMERCIAL STRUCTURES

   🔍 Fetching models for COMMERCIAL TRAILER...
      Found 4 models
      ✅ Added models for COMMERCIAL TRAILER

   🔍 Fetching models for COMMERCIAL VEHICLES CV...
      Found 1 models
      ✅ Added models for COMMERCIAL VEHICLES CV

   🔍 Fetching models for COMMODORE HOMES OF INDIANA...
      Found 2 models
      ✅ Added models for COMMODORE HOMES OF INDIANA

   🔍 Fetching models for COMMODORE TRAILERS...
      Found 1 models
      ✅ Added models for COMMODORE TRAILERS

   🔍 Fetching models for COMMON SENSE COTTON SYSTEMS...
      Found 1 models
      ✅ Added models for COMMON SENSE COTTON SYSTEMS

   🔍 Fetching models for COMMUNICATIONS VEHICLE SERVICE...
      Found 1 models
      ✅ Added models for COMMUNICATIONS VEHICLE SERVICE

   🔍 Fetching models for COMPACT CONSTRUCTION...
      Found 5 models
      ✅ Added models for COMPACT CONSTRUCTION

   🔍 Fetching models for COMPAIR USA...
      Found 1 models
      ✅ Added models for COMPAIR USA

   🔍 Fetching models for COMPAKS...
      Found 6 models
      ✅ Added models for COMPAKS

   🔍 Fetching models for COMPANION TRAILER COMPANY...
      Found 1 models
      ✅ Added models for COMPANION TRAILER COMPANY

   🔍 Fetching models for COMPANION TRAILERS...
      Found 1 models
      ✅ Added models for COMPANION TRAILERS

   🔍 Fetching models for COMPASS...
      Found 4 models
      ✅ Added models for COMPASS

   🔍 Fetching models for COMPASS NORTH...
      Found 1 models
      ✅ Added models for COMPASS NORTH

   🔍 Fetching models for COMPASS POINT TRAILERS...
      Found 1 models
      ✅ Added models for COMPASS POINT TRAILERS

   🔍 Fetching models for COMPASS TRAILERS...
      Found 1 models
      ✅ Added models for COMPASS TRAILERS

   🔍 Fetching models for COMPETITION TRAILERS...
      Found 1 models
      ✅ Added models for COMPETITION TRAILERS

   🔍 Fetching models for COMPLETE DEWATERING...
      Found 1 models
      ✅ Added models for COMPLETE DEWATERING

   🔍 Fetching models for COMPLETE FLEET SERVICES...
      Found 1 models
      ✅ Added models for COMPLETE FLEET SERVICES

   🔍 Fetching models for CONCESSION CORP....
Error fetching models for CONCESSION CORP. from NHTSA vPIC: SyntaxError: Unexpected token '<', "<!DOCTYPE "... is not valid JSON
    at JSON.parse (<anonymous>)
    at parseJSONFromBytes (node:internal/deps/undici/undici:5419:19)
    at successSteps (node:internal/deps/undici/undici:5390:27)
    at fullyReadBody (node:internal/deps/undici/undici:1501:9)
    at process.processTicksAndRejections (node:internal/process/task_queues:95:5)
    at async specConsumeBody (node:internal/deps/undici/undici:5399:7)
    at Object.getModelsForMake (C:\Users\tfort\Desktop\Projects\the-pickard\src\lib\nhtsa-vpic-api.ts:78:18)
    at populateModels (C:\Users\tfort\Desktop\Projects\the-pickard\scripts\populate-vehicle-data.ts:175:22)
    at main (C:\Users\tfort\Desktop\Projects\the-pickard\scripts\populate-vehicle-data.ts:353:7)
      Found 0 models
      ✅ Added models for CONCESSION CORP.

   🔍 Fetching models for CONCHO...
      Found 3 models
      ✅ Added models for CONCHO

   🔍 Fetching models for CONCHO CHOPPERS...
      Found 1 models
      ✅ Added models for CONCHO CHOPPERS

   🔍 Fetching models for CONCHO EQUIPMENT & SERVICES...
      Found 1 models
      ✅ Added models for CONCHO EQUIPMENT & SERVICES

   🔍 Fetching models for CONCORD ROAD EQUIPMENT, MFG....
Error fetching models for CONCORD ROAD EQUIPMENT, MFG. from NHTSA vPIC: SyntaxError: Unexpected token '<', "<!DOCTYPE "... is not valid JSON
    at JSON.parse (<anonymous>)
    at parseJSONFromBytes (node:internal/deps/undici/undici:5419:19)
    at successSteps (node:internal/deps/undici/undici:5390:27)
    at fullyReadBody (node:internal/deps/undici/undici:1501:9)
    at process.processTicksAndRejections (node:internal/process/task_queues:95:5)
    at async specConsumeBody (node:internal/deps/undici/undici:5399:7)
    at Object.getModelsForMake (C:\Users\tfort\Desktop\Projects\the-pickard\src\lib\nhtsa-vpic-api.ts:78:18)
    at populateModels (C:\Users\tfort\Desktop\Projects\the-pickard\scripts\populate-vehicle-data.ts:175:22)
    at main (C:\Users\tfort\Desktop\Projects\the-pickard\scripts\populate-vehicle-data.ts:353:7)
      Found 0 models
      ✅ Added models for CONCORD ROAD EQUIPMENT, MFG.

   🔍 Fetching models for CONDESSA...
      Found 1 models
      ✅ Added models for CONDESSA

   🔍 Fetching models for CONDOR...
      Found 1 models
      ✅ Added models for CONDOR

   🔍 Fetching models for CONDUX INTERNATIONAL...
      Found 1 models
      ✅ Added models for CONDUX INTERNATIONAL

   🔍 Fetching models for CONESTOGA WAGON COMPANY, LLC...
      Found 1 models
      ✅ Added models for CONESTOGA WAGON COMPANY, LLC

   🔍 Fetching models for CONFEDERATE...
      Found 12 models
      ✅ Added models for CONFEDERATE

   🔍 Fetching models for CONSTRUCCIONES INDUSTRIALES EL-AR, S.A. DE C.V....
Error fetching models for CONSTRUCCIONES INDUSTRIALES EL-AR, S.A. DE C.V. from NHTSA vPIC: SyntaxError: Unexpected token '<', "<!DOCTYPE "... is not valid JSON
    at JSON.parse (<anonymous>)
    at parseJSONFromBytes (node:internal/deps/undici/undici:5419:19)
    at successSteps (node:internal/deps/undici/undici:5390:27)
    at fullyReadBody (node:internal/deps/undici/undici:1501:9)
    at process.processTicksAndRejections (node:internal/process/task_queues:95:5)
    at async specConsumeBody (node:internal/deps/undici/undici:5399:7)
    at Object.getModelsForMake (C:\Users\tfort\Desktop\Projects\the-pickard\src\lib\nhtsa-vpic-api.ts:78:18)
    at populateModels (C:\Users\tfort\Desktop\Projects\the-pickard\scripts\populate-vehicle-data.ts:175:22)
    at main (C:\Users\tfort\Desktop\Projects\the-pickard\scripts\populate-vehicle-data.ts:353:7)
      Found 0 models
      ✅ Added models for CONSTRUCCIONES INDUSTRIALES EL-AR, S.A. DE C.V.

   🔍 Fetching models for CONSTRUCTION HAULERS...
      Found 1 models
      ✅ Added models for CONSTRUCTION HAULERS

   🔍 Fetching models for CONSTRUCTION TRAILER SPECIALISTS...
      Found 1 models
      ✅ Added models for CONSTRUCTION TRAILER SPECIALISTS

   🔍 Fetching models for CONSULIER...
      Found 2 models
      ✅ Added models for CONSULIER

   🔍 Fetching models for CONSULIER GTP...
      Found 1 models
      ✅ Added models for CONSULIER GTP

   🔍 Fetching models for CONTAINER ENTERPRISE...
      Found 1 models
      ✅ Added models for CONTAINER ENTERPRISE

   🔍 Fetching models for CONTEC...
      Found 2 models
      ✅ Added models for CONTEC

   🔍 Fetching models for CONTECH...
      Found 1 models
      ✅ Added models for CONTECH

   🔍 Fetching models for CONTEMPORARY CLASSIC CARS (CCC)...
      Found 1 models
      ✅ Added models for CONTEMPORARY CLASSIC CARS (CCC)

   🔍 Fetching models for CONTINENTAL BIOMASS INDUSTRIES...
      Found 1 models
      ✅ Added models for CONTINENTAL BIOMASS INDUSTRIES

   🔍 Fetching models for CONTINENTAL MIXER...
      Found 0 models
      ✅ Added models for CONTINENTAL MIXER

   🔍 Fetching models for CONTINENTAL TRAILERS...
      Found 1 models
      ✅ Added models for CONTINENTAL TRAILERS

   🔍 Fetching models for CONTRACT MANUFACTURER...
      Found 1 models
      ✅ Added models for CONTRACT MANUFACTURER

   🔍 Fetching models for CONTRACT WELDING AND FABRICATING...
      Found 1 models
      ✅ Added models for CONTRACT WELDING AND FABRICATING

   🔍 Fetching models for CONTRACTORS SPECIALTIES COMPANY/WATER WORKS...
Error fetching models for CONTRACTORS SPECIALTIES COMPANY/WATER WORKS from NHTSA vPIC: SyntaxError: Unexpected token '<', "<!DOCTYPE "... is not valid JSON
    at JSON.parse (<anonymous>)
    at parseJSONFromBytes (node:internal/deps/undici/undici:5419:19)
    at successSteps (node:internal/deps/undici/undici:5390:27)
    at fullyReadBody (node:internal/deps/undici/undici:1501:9)
    at process.processTicksAndRejections (node:internal/process/task_queues:95:5)
    at async specConsumeBody (node:internal/deps/undici/undici:5399:7)
    at Object.getModelsForMake (C:\Users\tfort\Desktop\Projects\the-pickard\src\lib\nhtsa-vpic-api.ts:78:18)
    at populateModels (C:\Users\tfort\Desktop\Projects\the-pickard\scripts\populate-vehicle-data.ts:175:22)
    at main (C:\Users\tfort\Desktop\Projects\the-pickard\scripts\populate-vehicle-data.ts:353:7)
      Found 0 models
      ✅ Added models for CONTRACTORS SPECIALTIES COMPANY/WATER WORKS

   🔍 Fetching models for COOPER EQUIPMENT, INC...
      Found 1 models
      ✅ Added models for COOPER EQUIPMENT, INC

   🔍 Fetching models for COOSE TRAILER MFG INC...
      Found 1 models
      ✅ Added models for COOSE TRAILER MFG INC

   🔍 Fetching models for COPPER RIVER FABRICATORS...
      Found 1 models
      ✅ Added models for COPPER RIVER FABRICATORS

   🔍 Fetching models for COPPER STATE CYCLES...
      Found 1 models
      ✅ Added models for COPPER STATE CYCLES

   🔍 Fetching models for COPPERHEAD TRAILERS...
      Found 0 models
      ✅ Added models for COPPERHEAD TRAILERS

   🔍 Fetching models for COPY CATT TRAILERS...
      Found 1 models
      ✅ Added models for COPY CATT TRAILERS

   🔍 Fetching models for CORAL OILFIELD SERVICES INC....
Error fetching models for CORAL OILFIELD SERVICES INC. from NHTSA vPIC: SyntaxError: Unexpected token '<', "<!DOCTYPE "... is not valid JSON
    at JSON.parse (<anonymous>)
    at parseJSONFromBytes (node:internal/deps/undici/undici:5419:19)
    at successSteps (node:internal/deps/undici/undici:5390:27)
    at fullyReadBody (node:internal/deps/undici/undici:1501:9)
    at process.processTicksAndRejections (node:internal/process/task_queues:95:5)
    at async specConsumeBody (node:internal/deps/undici/undici:5399:7)
    at Object.getModelsForMake (C:\Users\tfort\Desktop\Projects\the-pickard\src\lib\nhtsa-vpic-api.ts:78:18)
    at populateModels (C:\Users\tfort\Desktop\Projects\the-pickard\scripts\populate-vehicle-data.ts:175:22)
    at main (C:\Users\tfort\Desktop\Projects\the-pickard\scripts\populate-vehicle-data.ts:353:7)
      Found 0 models
      ✅ Added models for CORAL OILFIELD SERVICES INC.

   🔍 Fetching models for CORAS WELDING SHOP, INC....
Error fetching models for CORAS WELDING SHOP, INC. from NHTSA vPIC: SyntaxError: Unexpected token '<', "<!DOCTYPE "... is not valid JSON
    at JSON.parse (<anonymous>)
    at parseJSONFromBytes (node:internal/deps/undici/undici:5419:19)
    at successSteps (node:internal/deps/undici/undici:5390:27)
    at fullyReadBody (node:internal/deps/undici/undici:1501:9)
    at process.processTicksAndRejections (node:internal/process/task_queues:95:5)
    at async specConsumeBody (node:internal/deps/undici/undici:5399:7)
    at Object.getModelsForMake (C:\Users\tfort\Desktop\Projects\the-pickard\src\lib\nhtsa-vpic-api.ts:78:18)
    at populateModels (C:\Users\tfort\Desktop\Projects\the-pickard\scripts\populate-vehicle-data.ts:175:22)
    at main (C:\Users\tfort\Desktop\Projects\the-pickard\scripts\populate-vehicle-data.ts:353:7)
      Found 0 models
      ✅ Added models for CORAS WELDING SHOP, INC.

   🔍 Fetching models for CORBIN MOTORS...
      Found 2 models
      ✅ Added models for CORBIN MOTORS

   🔍 Fetching models for COUNTRY WAGON TRAILERS...
      Found 1 models
      ✅ Added models for COUNTRY WAGON TRAILERS

   🔍 Fetching models for COUNTRY WELDING...
      Found 1 models
      ✅ Added models for COUNTRY WELDING

   🔍 Fetching models for COUNTRYSIDE WELDING...
      Found 1 models
      ✅ Added models for COUNTRYSIDE WELDING

   🔍 Fetching models for COUNTY LINE CHOPPERS...
      Found 1 models
      ✅ Added models for COUNTY LINE CHOPPERS

   🔍 Fetching models for COUNTY LINE TRAILER CO....
Error fetching models for COUNTY LINE TRAILER CO. from NHTSA vPIC: SyntaxError: Unexpected token '<', "<!DOCTYPE "... is not valid JSON
    at JSON.parse (<anonymous>)
    at parseJSONFromBytes (node:internal/deps/undici/undici:5419:19)
    at successSteps (node:internal/deps/undici/undici:5390:27)
    at fullyReadBody (node:internal/deps/undici/undici:1501:9)
    at process.processTicksAndRejections (node:internal/process/task_queues:95:5)
    at async specConsumeBody (node:internal/deps/undici/undici:5399:7)
    at Object.getModelsForMake (C:\Users\tfort\Desktop\Projects\the-pickard\src\lib\nhtsa-vpic-api.ts:78:18)
    at populateModels (C:\Users\tfort\Desktop\Projects\the-pickard\scripts\populate-vehicle-data.ts:175:22)
    at main (C:\Users\tfort\Desktop\Projects\the-pickard\scripts\populate-vehicle-data.ts:353:7)
      Found 0 models
      ✅ Added models for COUNTY LINE TRAILER CO.

   🔍 Fetching models for COUNTY ROAD TRAILERS...
      Found 2 models
      ✅ Added models for COUNTY ROAD TRAILERS

   🔍 Fetching models for COUNTY ROAD TRAILERS LLC...
      Found 1 models
      ✅ Added models for COUNTY ROAD TRAILERS LLC

   🔍 Fetching models for COURTNEY BERG INDUSTRIES LTD...
      Found 1 models
      ✅ Added models for COURTNEY BERG INDUSTRIES LTD

   🔍 Fetching models for COVERED BODY...
      Found 1 models
      ✅ Added models for COVERED BODY

   🔍 Fetching models for COVERED WAGON TRAILERS...
      Found 1 models
      ✅ Added models for COVERED WAGON TRAILERS

   🔍 Fetching models for COVINGTON CYCLE CITY LLC...
      Found 1 models
      ✅ Added models for COVINGTON CYCLE CITY LLC

   🔍 Fetching models for COWBOY COACHES...
      Found 2 models
      ✅ Added models for COWBOY COACHES

   🔍 Fetching models for COWBOY FABRICATION, CO...
      Found 1 models
      ✅ Added models for COWBOY FABRICATION, CO

   🔍 Fetching models for COWBOY TRADING COMPANY INC...
      Found 1 models
      ✅ Added models for COWBOY TRADING COMPANY INC

   🔍 Fetching models for COWBOY TRAILER...
      Found 2 models
      ✅ Added models for COWBOY TRAILER

   🔍 Fetching models for COWBOY TRAILERS...
      Found 1 models
      ✅ Added models for COWBOY TRAILERS

   🔍 Fetching models for COZAD...
      Found 2 models
      ✅ Added models for COZAD

   🔍 Fetching models for CRAIG SYSTEMS CORPORATION...
      Found 1 models
      ✅ Added models for CRAIG SYSTEMS CORPORATION

   🔍 Fetching models for CRAIG WELDING...
      Found 1 models
      ✅ Added models for CRAIG WELDING

   🔍 Fetching models for CRAIG'S CUSTOM FABRICATING...
      Found 1 models
      ✅ Added models for CRAIG'S CUSTOM FABRICATING

   🔍 Fetching models for CRANDALL...
      Found 1 models
      ✅ Added models for CRANDALL

   🔍 Fetching models for CRANE CARRIER...
      Found 31 models
      ✅ Added models for CRANE CARRIER

   🔍 Fetching models for CRANE CARRIER COMPANY (CCC)...
      Found 18 models
      ✅ Added models for CRANE CARRIER COMPANY (CCC)

   🔍 Fetching models for CRANE HILL...
      Found 1 models
      ✅ Added models for CRANE HILL

   🔍 Fetching models for CRANEWORKS...
      Found 1 models
      ✅ Added models for CRANEWORKS

   🔍 Fetching models for CRANFORD RADIATOR INC....
Error fetching models for CRANFORD RADIATOR INC. from NHTSA vPIC: SyntaxError: Unexpected token '<', "<!DOCTYPE "... is not valid JSON
    at JSON.parse (<anonymous>)
    at parseJSONFromBytes (node:internal/deps/undici/undici:5419:19)
    at successSteps (node:internal/deps/undici/undici:5390:27)
    at fullyReadBody (node:internal/deps/undici/undici:1501:9)
    at process.processTicksAndRejections (node:internal/process/task_queues:95:5)
    at async specConsumeBody (node:internal/deps/undici/undici:5399:7)
    at Object.getModelsForMake (C:\Users\tfort\Desktop\Projects\the-pickard\src\lib\nhtsa-vpic-api.ts:78:18)
    at populateModels (C:\Users\tfort\Desktop\Projects\the-pickard\scripts\populate-vehicle-data.ts:175:22)
    at main (C:\Users\tfort\Desktop\Projects\the-pickard\scripts\populate-vehicle-data.ts:353:7)
      Found 0 models
      ✅ Added models for CRANFORD RADIATOR INC.

   🔍 Fetching models for CRARY...
      Found 2 models
      ✅ Added models for CRARY

   🔍 Fetching models for CREIGHTON'S TRAILERS...
      Found 1 models
      ✅ Added models for CREIGHTON'S TRAILERS

   🔍 Fetching models for CROFT TRAILER SUPPLY...
      Found 1 models
      ✅ Added models for CROFT TRAILER SUPPLY

   🔍 Fetching models for CROMWELL...
      Found 1 models
      ✅ Added models for CROMWELL

   🔍 Fetching models for CRONKHITE INDUSTRIES...
      Found 1 models
      ✅ Added models for CRONKHITE INDUSTRIES

   🔍 Fetching models for CROOKED RIVER CHOPPERS...
      Found 1 models
      ✅ Added models for CROOKED RIVER CHOPPERS

   🔍 Fetching models for CROP MASTER TRAILERS...
      Found 1 models
      ✅ Added models for CROP MASTER TRAILERS

   🔍 Fetching models for CROPP WELDING & FABRICATION...
      Found 1 models
      ✅ Added models for CROPP WELDING & FABRICATION

   🔍 Fetching models for CROSLEY...
      Found 75 models
      ✅ Added models for CROSLEY

   🔍 Fetching models for CROSLEY TRAILERS...
      Found 37 models
      ✅ Added models for CROSLEY TRAILERS

   🔍 Fetching models for CROSLEY TRAILERS, INC...
      Found 1 models
      ✅ Added models for CROSLEY TRAILERS, INC

   🔍 Fetching models for CROSS CLEANING SOLUTIONS...
      Found 1 models
      ✅ Added models for CROSS CLEANING SOLUTIONS

   🔍 Fetching models for CROSS COUNTRY...
      Found 2 models
      ✅ Added models for CROSS COUNTRY

   🔍 Fetching models for COMMERCIAL MOBILE SYSTEMS...
      Found 1 models
      ✅ Added models for COMMERCIAL MOBILE SYSTEMS

   🔍 Fetching models for COMPETITION BODYWORKS...
      Found 1 models
      ✅ Added models for COMPETITION BODYWORKS

   🔍 Fetching models for COMPLETE TRAILER SOLUTIONS...
      Found 1 models
      ✅ Added models for COMPLETE TRAILER SOLUTIONS

   🔍 Fetching models for COMPLIANCE ASSURANCE ASSOCIATES...
      Found 1 models
      ✅ Added models for COMPLIANCE ASSURANCE ASSOCIATES

   🔍 Fetching models for COMPREHENSIVE COMMUNICATION SERVICES...
      Found 1 models
      ✅ Added models for COMPREHENSIVE COMMUNICATION SERVICES

   🔍 Fetching models for COMPTANK...
      Found 2 models
      ✅ Added models for COMPTANK

   🔍 Fetching models for COMPUTER DESIGNED CHASSIS INC....
Error fetching models for COMPUTER DESIGNED CHASSIS INC. from NHTSA vPIC: SyntaxError: Unexpected token '<', "<!DOCTYPE "... is not valid JSON
    at JSON.parse (<anonymous>)
    at parseJSONFromBytes (node:internal/deps/undici/undici:5419:19)
    at successSteps (node:internal/deps/undici/undici:5390:27)
    at fullyReadBody (node:internal/deps/undici/undici:1501:9)
    at process.processTicksAndRejections (node:internal/process/task_queues:95:5)
    at async specConsumeBody (node:internal/deps/undici/undici:5399:7)
    at Object.getModelsForMake (C:\Users\tfort\Desktop\Projects\the-pickard\src\lib\nhtsa-vpic-api.ts:78:18)
    at populateModels (C:\Users\tfort\Desktop\Projects\the-pickard\scripts\populate-vehicle-data.ts:175:22)
    at main (C:\Users\tfort\Desktop\Projects\the-pickard\scripts\populate-vehicle-data.ts:353:7)
      Found 0 models
      ✅ Added models for COMPUTER DESIGNED CHASSIS INC.

   🔍 Fetching models for CON-WAY MANUFACTURING...
      Found 1 models
      ✅ Added models for CON-WAY MANUFACTURING

   🔍 Fetching models for CONCAR...
      Found 1 models
      ✅ Added models for CONCAR

   🔍 Fetching models for CONCEPT PRODUCTS...
      Found 1 models
      ✅ Added models for CONCEPT PRODUCTS

   🔍 Fetching models for CONCEPTION METAVIC...
      Found 1 models
      ✅ Added models for CONCEPTION METAVIC

   🔍 Fetching models for CONCESSION...
      Found 18 models
      ✅ Added models for CONCESSION

   🔍 Fetching models for CONFLUENCE...
      Found 1 models
      ✅ Added models for CONFLUENCE

   🔍 Fetching models for CONLEY FABRICATION...
      Found 1 models
      ✅ Added models for CONLEY FABRICATION

   🔍 Fetching models for CONNECT...
      Found 12 models
      ✅ Added models for CONNECT

   🔍 Fetching models for CONNER FARM AND RANCH SUPPLY...
      Found 1 models
      ✅ Added models for CONNER FARM AND RANCH SUPPLY

   🔍 Fetching models for CONQUEROR...
      Found 14 models
      ✅ Added models for CONQUEROR

   🔍 Fetching models for CONQUEROR TRAILER...
      Found 8 models
      ✅ Added models for CONQUEROR TRAILER

   🔍 Fetching models for CONQUEROR TRANS...
      Found 1 models
      ✅ Added models for CONQUEROR TRANS

   🔍 Fetching models for CONQUEST...
      Found 4 models
      ✅ Added models for CONQUEST

   🔍 Fetching models for CONQUEST TRIKES...
      Found 1 models
      ✅ Added models for CONQUEST TRIKES

   🔍 Fetching models for CONSOLIDATED...
      Found 1 models
      ✅ Added models for CONSOLIDATED

   🔍 Fetching models for CONTAINER MOVING SOLUTIONS...
      Found 1 models
      ✅ Added models for CONTAINER MOVING SOLUTIONS

   🔍 Fetching models for CONTREE SPRAYER AND EQUIPMENT...
      Found 1 models
      ✅ Added models for CONTREE SPRAYER AND EQUIPMENT

   🔍 Fetching models for CONVEY-ALL INDUSTRIES INC...
      Found 1 models
      ✅ Added models for CONVEY-ALL INDUSTRIES INC

   🔍 Fetching models for CONVOY...
      Found 0 models
      ✅ Added models for CONVOY

   🔍 Fetching models for CONWAY AXLE...
      Found 1 models
      ✅ Added models for CONWAY AXLE

   🔍 Fetching models for COOK COUNTY WELDING & MACHINE...
      Found 1 models
      ✅ Added models for COOK COUNTY WELDING & MACHINE

   🔍 Fetching models for COOKE'S TRAILER MANUFACTURING...
      Found 1 models
      ✅ Added models for COOKE'S TRAILER MANUFACTURING

   🔍 Fetching models for COOKSHACK...
      Found 1 models
      ✅ Added models for COOKSHACK

   🔍 Fetching models for COOL CARRIERS CUSTOM TRAILERS...
      Found 1 models
      ✅ Added models for COOL CARRIERS CUSTOM TRAILERS

   🔍 Fetching models for COOL CITY CUSTOMS...
      Found 1 models
      ✅ Added models for COOL CITY CUSTOMS

   🔍 Fetching models for COOL CITY INC...
      Found 1 models
      ✅ Added models for COOL CITY INC

   🔍 Fetching models for COONYZ CUSTOMZ...
      Found 1 models
      ✅ Added models for COONYZ CUSTOMZ

   🔍 Fetching models for COOPER CYCLES...
      Found 1 models
      ✅ Added models for COOPER CYCLES

   🔍 Fetching models for COREY ENTERPRISES, INC....
Error fetching models for COREY ENTERPRISES, INC. from NHTSA vPIC: SyntaxError: Unexpected token '<', "<!DOCTYPE "... is not valid JSON
    at JSON.parse (<anonymous>)
    at parseJSONFromBytes (node:internal/deps/undici/undici:5419:19)
    at successSteps (node:internal/deps/undici/undici:5390:27)
    at fullyReadBody (node:internal/deps/undici/undici:1501:9)
    at process.processTicksAndRejections (node:internal/process/task_queues:95:5)
    at async specConsumeBody (node:internal/deps/undici/undici:5399:7)
    at Object.getModelsForMake (C:\Users\tfort\Desktop\Projects\the-pickard\src\lib\nhtsa-vpic-api.ts:78:18)
    at populateModels (C:\Users\tfort\Desktop\Projects\the-pickard\scripts\populate-vehicle-data.ts:175:22)
    at main (C:\Users\tfort\Desktop\Projects\the-pickard\scripts\populate-vehicle-data.ts:353:7)
      Found 0 models
      ✅ Added models for COREY ENTERPRISES, INC.

   🔍 Fetching models for COREY MACHINE COMPANY...
      Found 1 models
      ✅ Added models for COREY MACHINE COMPANY

   🔍 Fetching models for CORN BELT MANUFACTURING CO., INC....
Error fetching models for CORN BELT MANUFACTURING CO., INC. from NHTSA vPIC: SyntaxError: Unexpected token '<', "<!DOCTYPE "... is not valid JSON
    at JSON.parse (<anonymous>)
    at parseJSONFromBytes (node:internal/deps/undici/undici:5419:19)
    at successSteps (node:internal/deps/undici/undici:5390:27)
    at fullyReadBody (node:internal/deps/undici/undici:1501:9)
    at process.processTicksAndRejections (node:internal/process/task_queues:95:5)
    at async specConsumeBody (node:internal/deps/undici/undici:5399:7)
    at Object.getModelsForMake (C:\Users\tfort\Desktop\Projects\the-pickard\src\lib\nhtsa-vpic-api.ts:78:18)
    at populateModels (C:\Users\tfort\Desktop\Projects\the-pickard\scripts\populate-vehicle-data.ts:175:22)
    at main (C:\Users\tfort\Desktop\Projects\the-pickard\scripts\populate-vehicle-data.ts:353:7)
      Found 0 models
      ✅ Added models for CORN BELT MANUFACTURING CO., INC.

   🔍 Fetching models for CORNELL...
      Found 1 models
      ✅ Added models for CORNELL

   🔍 Fetching models for CORNERSTONE MANUFACTURING...
      Found 1 models
      ✅ Added models for CORNERSTONE MANUFACTURING

   🔍 Fetching models for CORNERSTONE TINY HOMES...
      Found 1 models
      ✅ Added models for CORNERSTONE TINY HOMES

   🔍 Fetching models for CORONA LTD. DBA BARON'S TRAILER SALES...
Error fetching models for CORONA LTD. DBA BARON'S TRAILER SALES from NHTSA vPIC: SyntaxError: Unexpected token '<', "<!DOCTYPE "... is not valid JSON
    at JSON.parse (<anonymous>)
    at parseJSONFromBytes (node:internal/deps/undici/undici:5419:19)
    at successSteps (node:internal/deps/undici/undici:5390:27)
    at fullyReadBody (node:internal/deps/undici/undici:1501:9)
    at process.processTicksAndRejections (node:internal/process/task_queues:95:5)
    at async specConsumeBody (node:internal/deps/undici/undici:5399:7)
    at Object.getModelsForMake (C:\Users\tfort\Desktop\Projects\the-pickard\src\lib\nhtsa-vpic-api.ts:78:18)
    at populateModels (C:\Users\tfort\Desktop\Projects\the-pickard\scripts\populate-vehicle-data.ts:175:22)
    at main (C:\Users\tfort\Desktop\Projects\the-pickard\scripts\populate-vehicle-data.ts:353:7)
      Found 0 models
      ✅ Added models for CORONA LTD. DBA BARON'S TRAILER SALES

   🔍 Fetching models for CORPUS TRAILERS...
      Found 1 models
      ✅ Added models for CORPUS TRAILERS

   🔍 Fetching models for CORRATTI CHOPPERS...
      Found 1 models
      ✅ Added models for CORRATTI CHOPPERS

   🔍 Fetching models for CORRECT CRAFT INC...
      Found 14 models
      ✅ Added models for CORRECT CRAFT INC

   🔍 Fetching models for CORTERRA...
      Found 1 models
      ✅ Added models for CORTERRA

   🔍 Fetching models for CORTES...
      Found 1 models
      ✅ Added models for CORTES

   🔍 Fetching models for CORULLO FOREST PRODUCTS CORPORATION...
      Found 1 models
      ✅ Added models for CORULLO FOREST PRODUCTS CORPORATION

   🔍 Fetching models for CORVEL FOOD TRAILERS...
      Found 1 models
      ✅ Added models for CORVEL FOOD TRAILERS

   🔍 Fetching models for COSENTINO MOTOR COMPANY,LLC....
Error fetching models for COSENTINO MOTOR COMPANY,LLC. from NHTSA vPIC: SyntaxError: Unexpected token '<', "<!DOCTYPE "... is not valid JSON
    at JSON.parse (<anonymous>)
    at parseJSONFromBytes (node:internal/deps/undici/undici:5419:19)
    at successSteps (node:internal/deps/undici/undici:5390:27)
    at fullyReadBody (node:internal/deps/undici/undici:1501:9)
    at process.processTicksAndRejections (node:internal/process/task_queues:95:5)
    at async specConsumeBody (node:internal/deps/undici/undici:5399:7)
    at Object.getModelsForMake (C:\Users\tfort\Desktop\Projects\the-pickard\src\lib\nhtsa-vpic-api.ts:78:18)
    at populateModels (C:\Users\tfort\Desktop\Projects\the-pickard\scripts\populate-vehicle-data.ts:175:22)
    at main (C:\Users\tfort\Desktop\Projects\the-pickard\scripts\populate-vehicle-data.ts:353:7)
      Found 0 models
      ✅ Added models for COSENTINO MOTOR COMPANY,LLC.

   🔍 Fetching models for COSMI...
      Found 1 models
      ✅ Added models for COSMI

   🔍 Fetching models for COSMO TRUCK EQUIPMENT, INC....
Error fetching models for COSMO TRUCK EQUIPMENT, INC. from NHTSA vPIC: SyntaxError: Unexpected token '<', "<!DOCTYPE "... is not valid JSON
    at JSON.parse (<anonymous>)
    at parseJSONFromBytes (node:internal/deps/undici/undici:5419:19)
    at successSteps (node:internal/deps/undici/undici:5390:27)
    at fullyReadBody (node:internal/deps/undici/undici:1501:9)
    at process.processTicksAndRejections (node:internal/process/task_queues:95:5)
    at async specConsumeBody (node:internal/deps/undici/undici:5399:7)
    at Object.getModelsForMake (C:\Users\tfort\Desktop\Projects\the-pickard\src\lib\nhtsa-vpic-api.ts:78:18)
    at populateModels (C:\Users\tfort\Desktop\Projects\the-pickard\scripts\populate-vehicle-data.ts:175:22)
    at main (C:\Users\tfort\Desktop\Projects\the-pickard\scripts\populate-vehicle-data.ts:353:7)
      Found 0 models
      ✅ Added models for COSMO TRUCK EQUIPMENT, INC.

   🔍 Fetching models for COSTA CARTS...
      Found 1 models
      ✅ Added models for COSTA CARTS

   🔍 Fetching models for COSTIN SPORTS CAR...
      Found 2 models
      ✅ Added models for COSTIN SPORTS CAR

   🔍 Fetching models for COTNER...
      Found 1 models
      ✅ Added models for COTNER

   🔍 Fetching models for COTTRELL...
      Found 26 models
      ✅ Added models for COTTRELL

   🔍 Fetching models for COUGAR...
      Found 1 models
      ✅ Added models for COUGAR

   🔍 Fetching models for COUGER MANUFACTURING...
      Found 1 models
      ✅ Added models for COUGER MANUFACTURING

   🔍 Fetching models for COUNT'S KUSTOMS...
      Found 1 models
      ✅ Added models for COUNT'S KUSTOMS

   🔍 Fetching models for COUNTRY BOY MFG....
Error fetching models for COUNTRY BOY MFG. from NHTSA vPIC: SyntaxError: Unexpected token '<', "<!DOCTYPE "... is not valid JSON
    at JSON.parse (<anonymous>)
    at parseJSONFromBytes (node:internal/deps/undici/undici:5419:19)
    at successSteps (node:internal/deps/undici/undici:5390:27)
    at fullyReadBody (node:internal/deps/undici/undici:1501:9)
    at process.processTicksAndRejections (node:internal/process/task_queues:95:5)
    at async specConsumeBody (node:internal/deps/undici/undici:5399:7)
    at Object.getModelsForMake (C:\Users\tfort\Desktop\Projects\the-pickard\src\lib\nhtsa-vpic-api.ts:78:18)
    at populateModels (C:\Users\tfort\Desktop\Projects\the-pickard\scripts\populate-vehicle-data.ts:175:22)
    at main (C:\Users\tfort\Desktop\Projects\the-pickard\scripts\populate-vehicle-data.ts:353:7)
      Found 0 models
      ✅ Added models for COUNTRY BOY MFG.

   🔍 Fetching models for COUNTRY BOY TRAILERS...
      Found 1 models
      ✅ Added models for COUNTRY BOY TRAILERS

   🔍 Fetching models for COUNTRY COACH...
      Found 13 models
      ✅ Added models for COUNTRY COACH

   🔍 Fetching models for COUNTRY PRIDE TRAILERS...
      Found 1 models
      ✅ Added models for COUNTRY PRIDE TRAILERS

   🔍 Fetching models for COUNTRY SALES AND SERVICE...
      Found 1 models
      ✅ Added models for COUNTRY SALES AND SERVICE

   🔍 Fetching models for COUNTRY STONES...
      Found 1 models
      ✅ Added models for COUNTRY STONES

   🔍 Fetching models for COUNTRY TRAILERS...
      Found 4 models
      ✅ Added models for COUNTRY TRAILERS

   🔍 Fetching models for COWBOYS KUSTOMS...
      Found 1 models
      ✅ Added models for COWBOYS KUSTOMS

   🔍 Fetching models for COWELL BUILT TRAILERS...
      Found 1 models
      ✅ Added models for COWELL BUILT TRAILERS

   🔍 Fetching models for COWELL CUSTOM TRAILERS...
      Found 1 models
      ✅ Added models for COWELL CUSTOM TRAILERS

   🔍 Fetching models for COWTOWN CUSTOMS AND COBRAS, INC...
      Found 1 models
      ✅ Added models for COWTOWN CUSTOMS AND COBRAS, INC

   🔍 Fetching models for COWTOWN TRAILERS AND TIRES...
      Found 1 models
      ✅ Added models for COWTOWN TRAILERS AND TIRES

   🔍 Fetching models for COX FABRICATION, INC....
Error fetching models for COX FABRICATION, INC. from NHTSA vPIC: SyntaxError: Unexpected token '<', "<!DOCTYPE "... is not valid JSON
    at JSON.parse (<anonymous>)
    at parseJSONFromBytes (node:internal/deps/undici/undici:5419:19)
    at successSteps (node:internal/deps/undici/undici:5390:27)
    at fullyReadBody (node:internal/deps/undici/undici:1501:9)
    at process.processTicksAndRejections (node:internal/process/task_queues:95:5)
    at async specConsumeBody (node:internal/deps/undici/undici:5399:7)
    at Object.getModelsForMake (C:\Users\tfort\Desktop\Projects\the-pickard\src\lib\nhtsa-vpic-api.ts:78:18)
    at populateModels (C:\Users\tfort\Desktop\Projects\the-pickard\scripts\populate-vehicle-data.ts:175:22)
    at main (C:\Users\tfort\Desktop\Projects\the-pickard\scripts\populate-vehicle-data.ts:353:7)
      Found 0 models
      ✅ Added models for COX FABRICATION, INC.

   🔍 Fetching models for COYNE OIL...
      Found 1 models
      ✅ Added models for COYNE OIL

   🔍 Fetching models for COYOTE MFG CO....
Error fetching models for COYOTE MFG CO. from NHTSA vPIC: SyntaxError: Unexpected token '<', "<!DOCTYPE "... is not valid JSON
    at JSON.parse (<anonymous>)
    at parseJSONFromBytes (node:internal/deps/undici/undici:5419:19)
    at successSteps (node:internal/deps/undici/undici:5390:27)
    at fullyReadBody (node:internal/deps/undici/undici:1501:9)
    at process.processTicksAndRejections (node:internal/process/task_queues:95:5)
    at async specConsumeBody (node:internal/deps/undici/undici:5399:7)
    at Object.getModelsForMake (C:\Users\tfort\Desktop\Projects\the-pickard\src\lib\nhtsa-vpic-api.ts:78:18)
    at populateModels (C:\Users\tfort\Desktop\Projects\the-pickard\scripts\populate-vehicle-data.ts:175:22)
    at main (C:\Users\tfort\Desktop\Projects\the-pickard\scripts\populate-vehicle-data.ts:353:7)
      Found 0 models
      ✅ Added models for COYOTE MFG CO.

   🔍 Fetching models for COYOTE MFG CO. TRAILERS...
Error fetching models for COYOTE MFG CO. TRAILERS from NHTSA vPIC: SyntaxError: Unexpected token '<', "<!DOCTYPE "... is not valid JSON
    at JSON.parse (<anonymous>)
    at parseJSONFromBytes (node:internal/deps/undici/undici:5419:19)
    at successSteps (node:internal/deps/undici/undici:5390:27)
    at fullyReadBody (node:internal/deps/undici/undici:1501:9)
    at process.processTicksAndRejections (node:internal/process/task_queues:95:5)
    at async specConsumeBody (node:internal/deps/undici/undici:5399:7)
    at Object.getModelsForMake (C:\Users\tfort\Desktop\Projects\the-pickard\src\lib\nhtsa-vpic-api.ts:78:18)
    at populateModels (C:\Users\tfort\Desktop\Projects\the-pickard\scripts\populate-vehicle-data.ts:175:22)
    at main (C:\Users\tfort\Desktop\Projects\the-pickard\scripts\populate-vehicle-data.ts:353:7)
      Found 0 models
      ✅ Added models for COYOTE MFG CO. TRAILERS

   🔍 Fetching models for COYOTE MFG LLC TRAILERS...
      Found 1 models
      ✅ Added models for COYOTE MFG LLC TRAILERS

   🔍 Fetching models for COYOTE WELDING...
      Found 1 models
      ✅ Added models for COYOTE WELDING

   🔍 Fetching models for COZAD TRAILER SALES...
      Found 1 models
      ✅ Added models for COZAD TRAILER SALES

   🔍 Fetching models for CP INDUSTRIES, INC....
Error fetching models for CP INDUSTRIES, INC. from NHTSA vPIC: SyntaxError: Unexpected token '<', "<!DOCTYPE "... is not valid JSON
    at JSON.parse (<anonymous>)
    at parseJSONFromBytes (node:internal/deps/undici/undici:5419:19)
    at successSteps (node:internal/deps/undici/undici:5390:27)
    at fullyReadBody (node:internal/deps/undici/undici:1501:9)
    at process.processTicksAndRejections (node:internal/process/task_queues:95:5)
    at async specConsumeBody (node:internal/deps/undici/undici:5399:7)
    at Object.getModelsForMake (C:\Users\tfort\Desktop\Projects\the-pickard\src\lib\nhtsa-vpic-api.ts:78:18)
    at populateModels (C:\Users\tfort\Desktop\Projects\the-pickard\scripts\populate-vehicle-data.ts:175:22)
    at main (C:\Users\tfort\Desktop\Projects\the-pickard\scripts\populate-vehicle-data.ts:353:7)
      Found 0 models
      ✅ Added models for CP INDUSTRIES, INC.

   🔍 Fetching models for CPAT DISTRIBUTION, INC....
Error fetching models for CPAT DISTRIBUTION, INC. from NHTSA vPIC: SyntaxError: Unexpected token '<', "<!DOCTYPE "... is not valid JSON
    at JSON.parse (<anonymous>)
    at parseJSONFromBytes (node:internal/deps/undici/undici:5419:19)
    at successSteps (node:internal/deps/undici/undici:5390:27)
    at fullyReadBody (node:internal/deps/undici/undici:1501:9)
    at process.processTicksAndRejections (node:internal/process/task_queues:95:5)
    at async specConsumeBody (node:internal/deps/undici/undici:5399:7)
    at Object.getModelsForMake (C:\Users\tfort\Desktop\Projects\the-pickard\src\lib\nhtsa-vpic-api.ts:78:18)
    at populateModels (C:\Users\tfort\Desktop\Projects\the-pickard\scripts\populate-vehicle-data.ts:175:22)
    at main (C:\Users\tfort\Desktop\Projects\the-pickard\scripts\populate-vehicle-data.ts:353:7)
      Found 0 models
      ✅ Added models for CPAT DISTRIBUTION, INC.

   🔍 Fetching models for CPI...
      Found 6 models
      ✅ Added models for CPI

   🔍 Fetching models for CPS TRAILER COMPANY...
      Found 12 models
      ✅ Added models for CPS TRAILER COMPANY

   🔍 Fetching models for CR SPECIALTY MANUFACTURING...
      Found 1 models
      ✅ Added models for CR SPECIALTY MANUFACTURING

   🔍 Fetching models for CRAFCO INC....
Error fetching models for CRAFCO INC. from NHTSA vPIC: SyntaxError: Unexpected token '<', "<!DOCTYPE "... is not valid JSON
    at JSON.parse (<anonymous>)
    at parseJSONFromBytes (node:internal/deps/undici/undici:5419:19)
    at successSteps (node:internal/deps/undici/undici:5390:27)
    at fullyReadBody (node:internal/deps/undici/undici:1501:9)
    at process.processTicksAndRejections (node:internal/process/task_queues:95:5)
    at async specConsumeBody (node:internal/deps/undici/undici:5399:7)
    at Object.getModelsForMake (C:\Users\tfort\Desktop\Projects\the-pickard\src\lib\nhtsa-vpic-api.ts:78:18)
    at populateModels (C:\Users\tfort\Desktop\Projects\the-pickard\scripts\populate-vehicle-data.ts:175:22)
    at main (C:\Users\tfort\Desktop\Projects\the-pickard\scripts\populate-vehicle-data.ts:353:7)
      Found 0 models
      ✅ Added models for CRAFCO INC.

   🔍 Fetching models for CRAFTON EQUIPMENT...
      Found 1 models
      ✅ Added models for CRAFTON EQUIPMENT

   🔍 Fetching models for CRAFTSMEN INDUSTRIES, INC....
Error fetching models for CRAFTSMEN INDUSTRIES, INC. from NHTSA vPIC: SyntaxError: Unexpected token '<', "<!DOCTYPE "... is not valid JSON
    at JSON.parse (<anonymous>)
    at parseJSONFromBytes (node:internal/deps/undici/undici:5419:19)
    at successSteps (node:internal/deps/undici/undici:5390:27)
    at fullyReadBody (node:internal/deps/undici/undici:1501:9)
    at process.processTicksAndRejections (node:internal/process/task_queues:95:5)
    at async specConsumeBody (node:internal/deps/undici/undici:5399:7)
    at Object.getModelsForMake (C:\Users\tfort\Desktop\Projects\the-pickard\src\lib\nhtsa-vpic-api.ts:78:18)
    at populateModels (C:\Users\tfort\Desktop\Projects\the-pickard\scripts\populate-vehicle-data.ts:175:22)
    at main (C:\Users\tfort\Desktop\Projects\the-pickard\scripts\populate-vehicle-data.ts:353:7)
      Found 0 models
      ✅ Added models for CRAFTSMEN INDUSTRIES, INC.

   🔍 Fetching models for CRARY A DIV OF TERRAMARC INDUSTRIES...
      Found 0 models
      ✅ Added models for CRARY A DIV OF TERRAMARC INDUSTRIES

   🔍 Fetching models for CRARY AGRICULTURAL SOLUTIONS...
      Found 1 models
      ✅ Added models for CRARY AGRICULTURAL SOLUTIONS

   🔍 Fetching models for CRATEBOX...
      Found 1 models
      ✅ Added models for CRATEBOX

   🔍 Fetching models for CRATER TRAILERS OF LA, LLC...
      Found 1 models
      ✅ Added models for CRATER TRAILERS OF LA, LLC

   🔍 Fetching models for CRAZY DAGO CUSTOMS...
      Found 15 models
      ✅ Added models for CRAZY DAGO CUSTOMS

   🔍 Fetching models for CRAZY HORSE IRON...
      Found 1 models
      ✅ Added models for CRAZY HORSE IRON

   🔍 Fetching models for CRAZY MONKEY FOOD TRAILERS...
      Found 1 models
      ✅ Added models for CRAZY MONKEY FOOD TRAILERS

   🔍 Fetching models for CRC CEMETERY SERVICES...
      Found 1 models
      ✅ Added models for CRC CEMETERY SERVICES

   🔍 Fetching models for CREATE A CUSTOM CYCLE...
      Found 1 models
      ✅ Added models for CREATE A CUSTOM CYCLE

   🔍 Fetching models for CREATE-A-CUSTOM CYCLES...
      Found 1 models
      ✅ Added models for CREATE-A-CUSTOM CYCLES

   🔍 Fetching models for CREATION DESIGN...
      Found 1 models
      ✅ Added models for CREATION DESIGN

   🔍 Fetching models for CREATIVE COACHWORKS...
      Found 2 models
      ✅ Added models for CREATIVE COACHWORKS

   🔍 Fetching models for CREATIVE COACHWORKS INC....
Error fetching models for CREATIVE COACHWORKS INC. from NHTSA vPIC: SyntaxError: Unexpected token '<', "<!DOCTYPE "... is not valid JSON
    at JSON.parse (<anonymous>)
    at parseJSONFromBytes (node:internal/deps/undici/undici:5419:19)
    at successSteps (node:internal/deps/undici/undici:5390:27)
    at fullyReadBody (node:internal/deps/undici/undici:1501:9)
    at process.processTicksAndRejections (node:internal/process/task_queues:95:5)
    at async specConsumeBody (node:internal/deps/undici/undici:5399:7)
    at Object.getModelsForMake (C:\Users\tfort\Desktop\Projects\the-pickard\src\lib\nhtsa-vpic-api.ts:78:18)
    at populateModels (C:\Users\tfort\Desktop\Projects\the-pickard\scripts\populate-vehicle-data.ts:175:22)
    at main (C:\Users\tfort\Desktop\Projects\the-pickard\scripts\populate-vehicle-data.ts:353:7)
      Found 0 models
      ✅ Added models for CREATIVE COACHWORKS INC.

   🔍 Fetching models for CREATIVE CUSTOM MANUFACTURING...
      Found 1 models
      ✅ Added models for CREATIVE CUSTOM MANUFACTURING

   🔍 Fetching models for CREATIVE CYCLES...
      Found 1 models
      ✅ Added models for CREATIVE CYCLES

   🔍 Fetching models for CREATIVE HOT RODS...
      Found 1 models
      ✅ Added models for CREATIVE HOT RODS

   🔍 Fetching models for CREATIVE MOBILE SYSTEMS...
      Found 1 models
      ✅ Added models for CREATIVE MOBILE SYSTEMS

   🔍 Fetching models for CREATIVE SPORTS SUPPLY...
      Found 1 models
      ✅ Added models for CREATIVE SPORTS SUPPLY

   🔍 Fetching models for CREATIVE TRAILER CONCEPTS...
      Found 1 models
      ✅ Added models for CREATIVE TRAILER CONCEPTS

   🔍 Fetching models for CREEK HILL WELDING...
      Found 2 models
      ✅ Added models for CREEK HILL WELDING

   🔍 Fetching models for CREEKSIDE WELDING & JAMAR TRAILERS...
      Found 1 models
      ✅ Added models for CREEKSIDE WELDING & JAMAR TRAILERS

   🔍 Fetching models for CREEP CYCLE WORKS...
      Found 1 models
      ✅ Added models for CREEP CYCLE WORKS

   🔍 Fetching models for CRESCENT MANUFACTURING...
      Found 1 models
      ✅ Added models for CRESCENT MANUFACTURING

   🔍 Fetching models for CRIMINAL CHOPPERS OF AZ...
      Found 1 models
      ✅ Added models for CRIMINAL CHOPPERS OF AZ

   🔍 Fetching models for CRIMINAL CUSTOMS...
      Found 1 models
      ✅ Added models for CRIMINAL CUSTOMS

   🔍 Fetching models for CRIMINALISTICS...
      Found 2 models
      ✅ Added models for CRIMINALISTICS

   🔍 Fetching models for CRISMON MOBILE CLASSICS...
      Found 1 models
      ✅ Added models for CRISMON MOBILE CLASSICS

   🔍 Fetching models for CRITERION...
      Found 2 models
      ✅ Added models for CRITERION

   🔍 Fetching models for CRITERION TRAILERS LLC...
      Found 1 models
      ✅ Added models for CRITERION TRAILERS LLC

   🔍 Fetching models for CROSS TRAILERS...
      Found 1 models
      ✅ Added models for CROSS TRAILERS

   🔍 Fetching models for CROSSED PISTONS...
      Found 8 models
      ✅ Added models for CROSSED PISTONS

   🔍 Fetching models for CROSSHAIR...
      Found 1 models
      ✅ Added models for CROSSHAIR

   🔍 Fetching models for CROSSMAN...
      Found 1 models
      ✅ Added models for CROSSMAN

   🔍 Fetching models for CROSSROAD RV / REDWOOD RV...
Error fetching models for CROSSROAD RV / REDWOOD RV from NHTSA vPIC: SyntaxError: Unexpected token '<', "<!DOCTYPE "... is not valid JSON
    at JSON.parse (<anonymous>)
    at parseJSONFromBytes (node:internal/deps/undici/undici:5419:19)
    at successSteps (node:internal/deps/undici/undici:5390:27)
    at fullyReadBody (node:internal/deps/undici/undici:1501:9)
    at process.processTicksAndRejections (node:internal/process/task_queues:95:5)
    at async specConsumeBody (node:internal/deps/undici/undici:5399:7)
    at Object.getModelsForMake (C:\Users\tfort\Desktop\Projects\the-pickard\src\lib\nhtsa-vpic-api.ts:78:18)
    at populateModels (C:\Users\tfort\Desktop\Projects\the-pickard\scripts\populate-vehicle-data.ts:175:22)
    at main (C:\Users\tfort\Desktop\Projects\the-pickard\scripts\populate-vehicle-data.ts:353:7)
      Found 0 models
      ✅ Added models for CROSSROAD RV / REDWOOD RV

   🔍 Fetching models for CROSSROADS...
      Found 4 models
      ✅ Added models for CROSSROADS

   🔍 Fetching models for CROSSROADS INDUSTRIES...
      Found 1 models
      ✅ Added models for CROSSROADS INDUSTRIES

   🔍 Fetching models for CROSSROADS MANUFACTURING...
      Found 1 models
      ✅ Added models for CROSSROADS MANUFACTURING

   🔍 Fetching models for CROSSROADS QUALITY DISTRIBUTION ...
Error fetching models for CROSSROADS QUALITY DISTRIBUTION  from NHTSA vPIC: SyntaxError: Unexpected token '<', "<!DOCTYPE "... is not valid JSON
    at JSON.parse (<anonymous>)
    at parseJSONFromBytes (node:internal/deps/undici/undici:5419:19)
    at successSteps (node:internal/deps/undici/undici:5390:27)
    at fullyReadBody (node:internal/deps/undici/undici:1501:9)
    at process.processTicksAndRejections (node:internal/process/task_queues:95:5)
    at async specConsumeBody (node:internal/deps/undici/undici:5399:7)
    at Object.getModelsForMake (C:\Users\tfort\Desktop\Projects\the-pickard\src\lib\nhtsa-vpic-api.ts:78:18)
    at populateModels (C:\Users\tfort\Desktop\Projects\the-pickard\scripts\populate-vehicle-data.ts:175:22)
    at main (C:\Users\tfort\Desktop\Projects\the-pickard\scripts\populate-vehicle-data.ts:353:7)
      Found 0 models
      ✅ Added models for CROSSROADS QUALITY DISTRIBUTION 

   🔍 Fetching models for CROW FABRICATION, LLC...
      Found 1 models
      ✅ Added models for CROW FABRICATION, LLC

   🔍 Fetching models for CROWD PLEASERS, INC...
      Found 4 models
      ✅ Added models for CROWD PLEASERS, INC

   🔍 Fetching models for CROWE CO....
Error fetching models for CROWE CO. from NHTSA vPIC: SyntaxError: Unexpected token '<', "<!DOCTYPE "... is not valid JSON
    at JSON.parse (<anonymous>)
    at parseJSONFromBytes (node:internal/deps/undici/undici:5419:19)
    at successSteps (node:internal/deps/undici/undici:5390:27)
    at fullyReadBody (node:internal/deps/undici/undici:1501:9)
    at process.processTicksAndRejections (node:internal/process/task_queues:95:5)
    at async specConsumeBody (node:internal/deps/undici/undici:5399:7)
    at Object.getModelsForMake (C:\Users\tfort\Desktop\Projects\the-pickard\src\lib\nhtsa-vpic-api.ts:78:18)
    at populateModels (C:\Users\tfort\Desktop\Projects\the-pickard\scripts\populate-vehicle-data.ts:175:22)
    at main (C:\Users\tfort\Desktop\Projects\the-pickard\scripts\populate-vehicle-data.ts:353:7)
      Found 0 models
      ✅ Added models for CROWE CO.

   🔍 Fetching models for CROWN COACH CORPORATION...
      Found 51 models
      ✅ Added models for CROWN COACH CORPORATION

   🔍 Fetching models for CROWN CUSTOM TRAILERS,INC...
      Found 1 models
      ✅ Added models for CROWN CUSTOM TRAILERS,INC

   🔍 Fetching models for CROWN ENERGY TECHNOLOGIES...
      Found 5 models
      ✅ Added models for CROWN ENERGY TECHNOLOGIES

   🔍 Fetching models for CROWN FOOD CARTS INCORPORATED...
      Found 1 models
      ✅ Added models for CROWN FOOD CARTS INCORPORATED

   🔍 Fetching models for CRUISE MASTER...
      Found 1 models
      ✅ Added models for CRUISE MASTER

   🔍 Fetching models for CRUISE N CAMP...
      Found 1 models
      ✅ Added models for CRUISE N CAMP

   🔍 Fetching models for CRUISE N SNOOZE INC....
Error fetching models for CRUISE N SNOOZE INC. from NHTSA vPIC: SyntaxError: Unexpected token '<', "<!DOCTYPE "... is not valid JSON
    at JSON.parse (<anonymous>)
    at parseJSONFromBytes (node:internal/deps/undici/undici:5419:19)
    at successSteps (node:internal/deps/undici/undici:5390:27)
    at fullyReadBody (node:internal/deps/undici/undici:1501:9)
    at process.processTicksAndRejections (node:internal/process/task_queues:95:5)
    at async specConsumeBody (node:internal/deps/undici/undici:5399:7)
    at Object.getModelsForMake (C:\Users\tfort\Desktop\Projects\the-pickard\src\lib\nhtsa-vpic-api.ts:78:18)
    at populateModels (C:\Users\tfort\Desktop\Projects\the-pickard\scripts\populate-vehicle-data.ts:175:22)
    at main (C:\Users\tfort\Desktop\Projects\the-pickard\scripts\populate-vehicle-data.ts:353:7)
      Found 0 models
      ✅ Added models for CRUISE N SNOOZE INC.

   🔍 Fetching models for CRUISER...
      Found 14 models
      ✅ Added models for CRUISER

   🔍 Fetching models for CRUISERS MFG, INC (CMI)...
      Found 1 models
      ✅ Added models for CRUISERS MFG, INC (CMI)

   🔍 Fetching models for CRUSE TRAILER MFG...
      Found 1 models
      ✅ Added models for CRUSE TRAILER MFG

   🔍 Fetching models for CT&T AMERICA...
      Found 3 models
      ✅ Added models for CT&T AMERICA

   🔍 Fetching models for CTJ TRAILERS...
      Found 1 models
      ✅ Added models for CTJ TRAILERS

   🔍 Fetching models for CUSTOM CYCLE CARRIER...
      Found 1 models
      ✅ Added models for CUSTOM CYCLE CARRIER

   🔍 Fetching models for CUSTOM FARM AND RANCH SUPPLY...
      Found 1 models
      ✅ Added models for CUSTOM FARM AND RANCH SUPPLY

   🔍 Fetching models for CUSTOM FIRE APPARATUS...
      Found 1 models
      ✅ Added models for CUSTOM FIRE APPARATUS

   🔍 Fetching models for CUSTOM LINE CAMPERS...
      Found 1 models
      ✅ Added models for CUSTOM LINE CAMPERS

   🔍 Fetching models for CUSTOM MARINE COMPONENTS...
      Found 1 models
      ✅ Added models for CUSTOM MARINE COMPONENTS

   🔍 Fetching models for CUSTOM MAX TRAILERS...
      Found 1 models
      ✅ Added models for CUSTOM MAX TRAILERS

   🔍 Fetching models for CUSTOM METAL PROJECTS...
      Found 4 models
      ✅ Added models for CUSTOM METAL PROJECTS

   🔍 Fetching models for CUSTOM MFG....
Error fetching models for CUSTOM MFG. from NHTSA vPIC: SyntaxError: Unexpected token '<', "<!DOCTYPE "... is not valid JSON
    at JSON.parse (<anonymous>)
    at parseJSONFromBytes (node:internal/deps/undici/undici:5419:19)
    at successSteps (node:internal/deps/undici/undici:5390:27)
    at fullyReadBody (node:internal/deps/undici/undici:1501:9)
    at process.processTicksAndRejections (node:internal/process/task_queues:95:5)
    at async specConsumeBody (node:internal/deps/undici/undici:5399:7)
    at Object.getModelsForMake (C:\Users\tfort\Desktop\Projects\the-pickard\src\lib\nhtsa-vpic-api.ts:78:18)
    at populateModels (C:\Users\tfort\Desktop\Projects\the-pickard\scripts\populate-vehicle-data.ts:175:22)
    at main (C:\Users\tfort\Desktop\Projects\the-pickard\scripts\populate-vehicle-data.ts:353:7)
      Found 0 models
      ✅ Added models for CUSTOM MFG.

   🔍 Fetching models for CUSTOM MOBILE DESIGNS...
      Found 1 models
      ✅ Added models for CUSTOM MOBILE DESIGNS

   🔍 Fetching models for CUSTOM MOBILE FOOD EQUIPMENT...
      Found 8 models
      ✅ Added models for CUSTOM MOBILE FOOD EQUIPMENT

   🔍 Fetching models for CUSTOM MOTORCYCLE WORKS...
      Found 2 models
      ✅ Added models for CUSTOM MOTORCYCLE WORKS

   🔍 Fetching models for CUSTOM PITS AND FABRICATION...
      Found 1 models
      ✅ Added models for CUSTOM PITS AND FABRICATION

   🔍 Fetching models for CUSTOM PULL TRAILER...
      Found 1 models
      ✅ Added models for CUSTOM PULL TRAILER

   🔍 Fetching models for CUSTOM SERVICES...
      Found 2 models
      ✅ Added models for CUSTOM SERVICES

   🔍 Fetching models for CUSTOM TANK TECHNOLOGY...
      Found 1 models
      ✅ Added models for CUSTOM TANK TECHNOLOGY

   🔍 Fetching models for CUSTOM TRAILER COMPANY...
      Found 1 models
      ✅ Added models for CUSTOM TRAILER COMPANY

   🔍 Fetching models for CUSTOM TRAILERS...
      Found 89 models
      ✅ Added models for CUSTOM TRAILERS

   🔍 Fetching models for CUSTOM TRAILERS INC...
      Found 3 models
      ✅ Added models for CUSTOM TRAILERS INC

   🔍 Fetching models for CUSTOM WELDING, INC....
Error fetching models for CUSTOM WELDING, INC. from NHTSA vPIC: SyntaxError: Unexpected token '<', "<!DOCTYPE "... is not valid JSON
    at JSON.parse (<anonymous>)
    at parseJSONFromBytes (node:internal/deps/undici/undici:5419:19)
    at successSteps (node:internal/deps/undici/undici:5390:27)
    at fullyReadBody (node:internal/deps/undici/undici:1501:9)
    at process.processTicksAndRejections (node:internal/process/task_queues:95:5)
    at async specConsumeBody (node:internal/deps/undici/undici:5399:7)
    at Object.getModelsForMake (C:\Users\tfort\Desktop\Projects\the-pickard\src\lib\nhtsa-vpic-api.ts:78:18)
    at populateModels (C:\Users\tfort\Desktop\Projects\the-pickard\scripts\populate-vehicle-data.ts:175:22)
    at main (C:\Users\tfort\Desktop\Projects\the-pickard\scripts\populate-vehicle-data.ts:353:7)
      Found 0 models
      ✅ Added models for CUSTOM WELDING, INC.

   🔍 Fetching models for CUSTOM-FAB...
      Found 1 models
      ✅ Added models for CUSTOM-FAB

   🔍 Fetching models for CUSTOMIZED UTILITY TRAILERS...
      Found 1 models
      ✅ Added models for CUSTOMIZED UTILITY TRAILERS

   🔍 Fetching models for CUTLASS...
      Found 1 models
      ✅ Added models for CUTLASS

   🔍 Fetching models for CUTTING EDGE...
      Found 2 models
      ✅ Added models for CUTTING EDGE

   🔍 Fetching models for CUTTING EDGE TRAILERS...
      Found 1 models
      ✅ Added models for CUTTING EDGE TRAILERS

   🔍 Fetching models for CVR...
      Found 1 models
      ✅ Added models for CVR

   🔍 Fetching models for CW WELDING AND FABRICATION, LLC...
      Found 1 models
      ✅ Added models for CW WELDING AND FABRICATION, LLC

   🔍 Fetching models for CX AUTOMOTIVE...
      Found 1 models
      ✅ Added models for CX AUTOMOTIVE

   🔍 Fetching models for D & D REPAIR AND FABRICATION...
      Found 1 models
      ✅ Added models for D & D REPAIR AND FABRICATION

   🔍 Fetching models for D & D SALES...
      Found 1 models
      ✅ Added models for D & D SALES

   🔍 Fetching models for D & D SPEED...
      Found 1 models
      ✅ Added models for D & D SPEED

   🔍 Fetching models for D & D TRAILERS & EQUIPMENT...
      Found 1 models
      ✅ Added models for D & D TRAILERS & EQUIPMENT

   🔍 Fetching models for D & D TRAILERS INC....
Error fetching models for D & D TRAILERS INC. from NHTSA vPIC: SyntaxError: Unexpected token '<', "<!DOCTYPE "... is not valid JSON
    at JSON.parse (<anonymous>)
    at parseJSONFromBytes (node:internal/deps/undici/undici:5419:19)
    at successSteps (node:internal/deps/undici/undici:5390:27)
    at fullyReadBody (node:internal/deps/undici/undici:1501:9)
    at process.processTicksAndRejections (node:internal/process/task_queues:95:5)
    at async specConsumeBody (node:internal/deps/undici/undici:5399:7)
    at Object.getModelsForMake (C:\Users\tfort\Desktop\Projects\the-pickard\src\lib\nhtsa-vpic-api.ts:78:18)
    at populateModels (C:\Users\tfort\Desktop\Projects\the-pickard\scripts\populate-vehicle-data.ts:175:22)
    at main (C:\Users\tfort\Desktop\Projects\the-pickard\scripts\populate-vehicle-data.ts:353:7)
      Found 0 models
      ✅ Added models for D & D TRAILERS INC.

   🔍 Fetching models for D & G WELDING...
      Found 1 models
      ✅ Added models for D & G WELDING

   🔍 Fetching models for D & H ENTERPRISES...
      Found 1 models
      ✅ Added models for D & H ENTERPRISES

   🔍 Fetching models for D & M MARKETING INC....
Error fetching models for D & M MARKETING INC. from NHTSA vPIC: SyntaxError: Unexpected token '<', "<!DOCTYPE "... is not valid JSON
    at JSON.parse (<anonymous>)
    at parseJSONFromBytes (node:internal/deps/undici/undici:5419:19)
    at successSteps (node:internal/deps/undici/undici:5390:27)
    at fullyReadBody (node:internal/deps/undici/undici:1501:9)
    at process.processTicksAndRejections (node:internal/process/task_queues:95:5)
    at async specConsumeBody (node:internal/deps/undici/undici:5399:7)
    at Object.getModelsForMake (C:\Users\tfort\Desktop\Projects\the-pickard\src\lib\nhtsa-vpic-api.ts:78:18)
    at populateModels (C:\Users\tfort\Desktop\Projects\the-pickard\scripts\populate-vehicle-data.ts:175:22)
    at main (C:\Users\tfort\Desktop\Projects\the-pickard\scripts\populate-vehicle-data.ts:353:7)
      Found 0 models
      ✅ Added models for D & M MARKETING INC.

   🔍 Fetching models for D & M TRAILERS...
      Found 1 models
      ✅ Added models for D & M TRAILERS

   🔍 Fetching models for D & N TRAILERS...
      Found 1 models
      ✅ Added models for D & N TRAILERS

   🔍 Fetching models for D & P WELDING...
      Found 1 models
      ✅ Added models for D & P WELDING

   🔍 Fetching models for D & S TRAILER BUILDERS...
      Found 1 models
      ✅ Added models for D & S TRAILER BUILDERS

   🔍 Fetching models for D & S TRAILER SALES...
      Found 1 models
      ✅ Added models for D & S TRAILER SALES

   🔍 Fetching models for D&A WELDING AND FABRICATION...
      Found 1 models
      ✅ Added models for D&A WELDING AND FABRICATION

   🔍 Fetching models for D&B FABRICATORS...
      Found 1 models
      ✅ Added models for D&B FABRICATORS

   🔍 Fetching models for D&D...
      Found 3 models
      ✅ Added models for D&D

   🔍 Fetching models for D&D MACHINE AND WELDING...
      Found 1 models
      ✅ Added models for D&D MACHINE AND WELDING

   🔍 Fetching models for D&D METAL WORKS AND POWDER COATING ...
Error fetching models for D&D METAL WORKS AND POWDER COATING  from NHTSA vPIC: SyntaxError: Unexpected token '<', "<!DOCTYPE "... is not valid JSON
    at JSON.parse (<anonymous>)
    at parseJSONFromBytes (node:internal/deps/undici/undici:5419:19)
    at successSteps (node:internal/deps/undici/undici:5390:27)
    at fullyReadBody (node:internal/deps/undici/undici:1501:9)
    at process.processTicksAndRejections (node:internal/process/task_queues:95:5)
    at async specConsumeBody (node:internal/deps/undici/undici:5399:7)
    at Object.getModelsForMake (C:\Users\tfort\Desktop\Projects\the-pickard\src\lib\nhtsa-vpic-api.ts:78:18)
    at populateModels (C:\Users\tfort\Desktop\Projects\the-pickard\scripts\populate-vehicle-data.ts:175:22)
    at main (C:\Users\tfort\Desktop\Projects\the-pickard\scripts\populate-vehicle-data.ts:353:7)
      Found 0 models
      ✅ Added models for D&D METAL WORKS AND POWDER COATING 

   🔍 Fetching models for D&D TRAILERS...
      Found 1 models
      ✅ Added models for D&D TRAILERS

   🔍 Fetching models for D&L TRAILERS...
      Found 1 models
      ✅ Added models for D&L TRAILERS

   🔍 Fetching models for D&S EQUIPMENT...
      Found 1 models
      ✅ Added models for D&S EQUIPMENT

   🔍 Fetching models for DALE'S WELDING SALES...
      Found 1 models
      ✅ Added models for DALE'S WELDING SALES

   🔍 Fetching models for CROSS COUNTRY MFG....
Error fetching models for CROSS COUNTRY MFG. from NHTSA vPIC: SyntaxError: Unexpected token '<', "<!DOCTYPE "... is not valid JSON
    at JSON.parse (<anonymous>)
    at parseJSONFromBytes (node:internal/deps/undici/undici:5419:19)
    at successSteps (node:internal/deps/undici/undici:5390:27)
    at fullyReadBody (node:internal/deps/undici/undici:1501:9)
    at process.processTicksAndRejections (node:internal/process/task_queues:95:5)
    at async specConsumeBody (node:internal/deps/undici/undici:5399:7)
    at Object.getModelsForMake (C:\Users\tfort\Desktop\Projects\the-pickard\src\lib\nhtsa-vpic-api.ts:78:18)
    at populateModels (C:\Users\tfort\Desktop\Projects\the-pickard\scripts\populate-vehicle-data.ts:175:22)
    at main (C:\Users\tfort\Desktop\Projects\the-pickard\scripts\populate-vehicle-data.ts:353:7)
      Found 0 models
      ✅ Added models for CROSS COUNTRY MFG.

   🔍 Fetching models for CROSS INDUSTRIES INC....
Error fetching models for CROSS INDUSTRIES INC. from NHTSA vPIC: SyntaxError: Unexpected token '<', "<!DOCTYPE "... is not valid JSON
    at JSON.parse (<anonymous>)
    at parseJSONFromBytes (node:internal/deps/undici/undici:5419:19)
    at successSteps (node:internal/deps/undici/undici:5390:27)
    at fullyReadBody (node:internal/deps/undici/undici:1501:9)
    at process.processTicksAndRejections (node:internal/process/task_queues:95:5)
    at async specConsumeBody (node:internal/deps/undici/undici:5399:7)
    at Object.getModelsForMake (C:\Users\tfort\Desktop\Projects\the-pickard\src\lib\nhtsa-vpic-api.ts:78:18)
    at populateModels (C:\Users\tfort\Desktop\Projects\the-pickard\scripts\populate-vehicle-data.ts:175:22)
    at main (C:\Users\tfort\Desktop\Projects\the-pickard\scripts\populate-vehicle-data.ts:353:7)
      Found 0 models
      ✅ Added models for CROSS INDUSTRIES INC.

   🔍 Fetching models for CROSS LANDER OF NORTH AMERICA INC....
Error fetching models for CROSS LANDER OF NORTH AMERICA INC. from NHTSA vPIC: SyntaxError: Unexpected token '<', "<!DOCTYPE "... is not valid JSON
    at JSON.parse (<anonymous>)
    at parseJSONFromBytes (node:internal/deps/undici/undici:5419:19)
    at successSteps (node:internal/deps/undici/undici:5390:27)
    at fullyReadBody (node:internal/deps/undici/undici:1501:9)
    at process.processTicksAndRejections (node:internal/process/task_queues:95:5)
    at async specConsumeBody (node:internal/deps/undici/undici:5399:7)
    at Object.getModelsForMake (C:\Users\tfort\Desktop\Projects\the-pickard\src\lib\nhtsa-vpic-api.ts:78:18)
    at populateModels (C:\Users\tfort\Desktop\Projects\the-pickard\scripts\populate-vehicle-data.ts:175:22)
    at main (C:\Users\tfort\Desktop\Projects\the-pickard\scripts\populate-vehicle-data.ts:353:7)
      Found 0 models
      ✅ Added models for CROSS LANDER OF NORTH AMERICA INC.

   🔍 Fetching models for CROSS ROADS...
      Found 1 models
      ✅ Added models for CROSS ROADS

   🔍 Fetching models for CROSS TRAILER...
      Found 2 models
      ✅ Added models for CROSS TRAILER

   🔍 Fetching models for CROWNLINE...
      Found 2 models
      ✅ Added models for CROWNLINE

   🔍 Fetching models for CRP RACING...
      Found 1 models
      ✅ Added models for CRP RACING

   🔍 Fetching models for CRUCIAL, INC...
      Found 1 models
      ✅ Added models for CRUCIAL, INC

   🔍 Fetching models for CRUISE...
      Found 101 models
      ✅ Added models for CRUISE

   🔍 Fetching models for CRUISE AIR...
      Found 1 models
      ✅ Added models for CRUISE AIR

   🔍 Fetching models for CRUISE CAR...
      Found 80 models
      ✅ Added models for CRUISE CAR

   🔍 Fetching models for CRUSTBUSTER...
      Found 1 models
      ✅ Added models for CRUSTBUSTER

   🔍 Fetching models for CRUX EXPEDITION TRAILERS...
      Found 1 models
      ✅ Added models for CRUX EXPEDITION TRAILERS

   🔍 Fetching models for CRUZER...
      Found 34 models
      ✅ Added models for CRUZER

   🔍 Fetching models for CRYENCO, INC....
Error fetching models for CRYENCO, INC. from NHTSA vPIC: SyntaxError: Unexpected token '<', "<!DOCTYPE "... is not valid JSON
    at JSON.parse (<anonymous>)
    at parseJSONFromBytes (node:internal/deps/undici/undici:5419:19)
    at successSteps (node:internal/deps/undici/undici:5390:27)
    at fullyReadBody (node:internal/deps/undici/undici:1501:9)
    at process.processTicksAndRejections (node:internal/process/task_queues:95:5)
    at async specConsumeBody (node:internal/deps/undici/undici:5399:7)
    at Object.getModelsForMake (C:\Users\tfort\Desktop\Projects\the-pickard\src\lib\nhtsa-vpic-api.ts:78:18)
    at populateModels (C:\Users\tfort\Desktop\Projects\the-pickard\scripts\populate-vehicle-data.ts:175:22)
    at main (C:\Users\tfort\Desktop\Projects\the-pickard\scripts\populate-vehicle-data.ts:353:7)
      Found 0 models
      ✅ Added models for CRYENCO, INC.

   🔍 Fetching models for CRYOGENIC VESSEL ALTERNATIVES (CVA)...
      Found 1 models
      ✅ Added models for CRYOGENIC VESSEL ALTERNATIVES (CVA)

   🔍 Fetching models for CRYOLOR...
      Found 1 models
      ✅ Added models for CRYOLOR

   🔍 Fetching models for CRYOTECH...
      Found 1 models
      ✅ Added models for CRYOTECH

   🔍 Fetching models for CRYSTAL WELDING...
      Found 1 models
      ✅ Added models for CRYSTAL WELDING

   🔍 Fetching models for CRYSTEEL MANUFACTURING...
      Found 1 models
      ✅ Added models for CRYSTEEL MANUFACTURING

   🔍 Fetching models for CS&P TECHNOLOGIES...
      Found 1 models
      ✅ Added models for CS&P TECHNOLOGIES

   🔍 Fetching models for CSC TRAILERS, LLC...
      Found 1 models
      ✅ Added models for CSC TRAILERS, LLC

   🔍 Fetching models for CSE TRAILERS...
      Found 1 models
      ✅ Added models for CSE TRAILERS

   🔍 Fetching models for CSIRIUS...
      Found 1 models
      ✅ Added models for CSIRIUS

   🔍 Fetching models for CSS...
      Found 1 models
      ✅ Added models for CSS

   🔍 Fetching models for CT COACHWORKS...
      Found 1 models
      ✅ Added models for CT COACHWORKS

   🔍 Fetching models for CT FABRICATION...
      Found 1 models
      ✅ Added models for CT FABRICATION

   🔍 Fetching models for CT&E, LLC...
      Found 1 models
      ✅ Added models for CT&E, LLC

   🔍 Fetching models for CTM...
      Found 2 models
      ✅ Added models for CTM

   🔍 Fetching models for CTM CUSTOMS...
      Found 1 models
      ✅ Added models for CTM CUSTOMS

   🔍 Fetching models for CTS TRAILERS...
      Found 1 models
      ✅ Added models for CTS TRAILERS

   🔍 Fetching models for CUBE MANUFACTURING...
      Found 1 models
      ✅ Added models for CUBE MANUFACTURING

   🔍 Fetching models for CUBE SERIES RV...
      Found 1 models
      ✅ Added models for CUBE SERIES RV

   🔍 Fetching models for CUBELITE...
      Found 1 models
      ✅ Added models for CUBELITE

   🔍 Fetching models for CUDDLE SHUTTLE...
      Found 1 models
      ✅ Added models for CUDDLE SHUTTLE

   🔍 Fetching models for CUMBERLAND ADVENTURE TRAILERS, LLC...
      Found 1 models
      ✅ Added models for CUMBERLAND ADVENTURE TRAILERS, LLC

   🔍 Fetching models for CUMBERLAND CAMPER...
      Found 1 models
      ✅ Added models for CUMBERLAND CAMPER

   🔍 Fetching models for CUMBERLAND COUNTY CUSTOM CYCLES...
      Found 1 models
      ✅ Added models for CUMBERLAND COUNTY CUSTOM CYCLES

   🔍 Fetching models for CUMBERLAND FARMS...
      Found 1 models
      ✅ Added models for CUMBERLAND FARMS

   🔍 Fetching models for CURLEY BROTHERS TRAILERS LLC...
      Found 1 models
      ✅ Added models for CURLEY BROTHERS TRAILERS LLC

   🔍 Fetching models for CURRAHEE TRAILERS...
      Found 1 models
      ✅ Added models for CURRAHEE TRAILERS

   🔍 Fetching models for CURRENT MOTOR COMPANY...
      Found 2 models
      ✅ Added models for CURRENT MOTOR COMPANY

   🔍 Fetching models for CURRY CUSTOMS...
      Found 1 models
      ✅ Added models for CURRY CUSTOMS

   🔍 Fetching models for CURRY SUPPLY...
      Found 1 models
      ✅ Added models for CURRY SUPPLY

   🔍 Fetching models for CURT'S WELDING...
      Found 1 models
      ✅ Added models for CURT'S WELDING

   🔍 Fetching models for CURTIS INDUSTRIES, INC....
Error fetching models for CURTIS INDUSTRIES, INC. from NHTSA vPIC: SyntaxError: Unexpected token '<', "<!DOCTYPE "... is not valid JSON
    at JSON.parse (<anonymous>)
    at parseJSONFromBytes (node:internal/deps/undici/undici:5419:19)
    at successSteps (node:internal/deps/undici/undici:5390:27)
    at fullyReadBody (node:internal/deps/undici/undici:1501:9)
    at process.processTicksAndRejections (node:internal/process/task_queues:95:5)
    at async specConsumeBody (node:internal/deps/undici/undici:5399:7)
    at Object.getModelsForMake (C:\Users\tfort\Desktop\Projects\the-pickard\src\lib\nhtsa-vpic-api.ts:78:18)
    at populateModels (C:\Users\tfort\Desktop\Projects\the-pickard\scripts\populate-vehicle-data.ts:175:22)
    at main (C:\Users\tfort\Desktop\Projects\the-pickard\scripts\populate-vehicle-data.ts:353:7)
      Found 0 models
      ✅ Added models for CURTIS INDUSTRIES, INC.

   🔍 Fetching models for CURTIS WELDING...
      Found 1 models
      ✅ Added models for CURTIS WELDING

   🔍 Fetching models for CURTISS...
      Found 4 models
      ✅ Added models for CURTISS

   🔍 Fetching models for CUSHMAN...
      Found 3 models
      ✅ Added models for CUSHMAN

   🔍 Fetching models for CUSITEC...
      Found 1 models
      ✅ Added models for CUSITEC

   🔍 Fetching models for CUSTOM...
      Found 602 models
      ✅ Added models for CUSTOM

   🔍 Fetching models for CUSTOM AIRBOAT TRAILERS...
      Found 1 models
      ✅ Added models for CUSTOM AIRBOAT TRAILERS

   🔍 Fetching models for CUSTOM AMUSEMENT PRODUCTS...
      Found 1 models
      ✅ Added models for CUSTOM AMUSEMENT PRODUCTS

   🔍 Fetching models for CUSTOM BIKES OF LAUDERDALE...
      Found 1 models
      ✅ Added models for CUSTOM BIKES OF LAUDERDALE

   🔍 Fetching models for CUSTOM BIKEWORKS INC...
      Found 1 models
      ✅ Added models for CUSTOM BIKEWORKS INC

   🔍 Fetching models for CUSTOM BUILT AG. INDUSTRIES LTD....
Error fetching models for CUSTOM BUILT AG. INDUSTRIES LTD. from NHTSA vPIC: SyntaxError: Unexpected token '<', "<!DOCTYPE "... is not valid JSON
    at JSON.parse (<anonymous>)
    at parseJSONFromBytes (node:internal/deps/undici/undici:5419:19)
    at successSteps (node:internal/deps/undici/undici:5390:27)
    at fullyReadBody (node:internal/deps/undici/undici:1501:9)
    at process.processTicksAndRejections (node:internal/process/task_queues:95:5)
    at async specConsumeBody (node:internal/deps/undici/undici:5399:7)
    at Object.getModelsForMake (C:\Users\tfort\Desktop\Projects\the-pickard\src\lib\nhtsa-vpic-api.ts:78:18)
    at populateModels (C:\Users\tfort\Desktop\Projects\the-pickard\scripts\populate-vehicle-data.ts:175:22)
    at main (C:\Users\tfort\Desktop\Projects\the-pickard\scripts\populate-vehicle-data.ts:353:7)
      Found 0 models
      ✅ Added models for CUSTOM BUILT AG. INDUSTRIES LTD.

   🔍 Fetching models for CUSTOM BUILT PRODUCTS INC....
Error fetching models for CUSTOM BUILT PRODUCTS INC. from NHTSA vPIC: SyntaxError: Unexpected token '<', "<!DOCTYPE "... is not valid JSON
    at JSON.parse (<anonymous>)
    at parseJSONFromBytes (node:internal/deps/undici/undici:5419:19)
    at successSteps (node:internal/deps/undici/undici:5390:27)
    at fullyReadBody (node:internal/deps/undici/undici:1501:9)
    at process.processTicksAndRejections (node:internal/process/task_queues:95:5)
    at async specConsumeBody (node:internal/deps/undici/undici:5399:7)
    at Object.getModelsForMake (C:\Users\tfort\Desktop\Projects\the-pickard\src\lib\nhtsa-vpic-api.ts:78:18)
    at populateModels (C:\Users\tfort\Desktop\Projects\the-pickard\scripts\populate-vehicle-data.ts:175:22)
    at main (C:\Users\tfort\Desktop\Projects\the-pickard\scripts\populate-vehicle-data.ts:353:7)
      Found 0 models
      ✅ Added models for CUSTOM BUILT PRODUCTS INC.

   🔍 Fetching models for CUSTOM BUILT TRAILERS...
      Found 6 models
      ✅ Added models for CUSTOM BUILT TRAILERS

   🔍 Fetching models for CUSTOM CHASSIS INC....
Error fetching models for CUSTOM CHASSIS INC. from NHTSA vPIC: SyntaxError: Unexpected token '<', "<!DOCTYPE "... is not valid JSON
    at JSON.parse (<anonymous>)
    at parseJSONFromBytes (node:internal/deps/undici/undici:5419:19)
    at successSteps (node:internal/deps/undici/undici:5390:27)
    at fullyReadBody (node:internal/deps/undici/undici:1501:9)
    at process.processTicksAndRejections (node:internal/process/task_queues:95:5)
    at async specConsumeBody (node:internal/deps/undici/undici:5399:7)
    at Object.getModelsForMake (C:\Users\tfort\Desktop\Projects\the-pickard\src\lib\nhtsa-vpic-api.ts:78:18)
    at populateModels (C:\Users\tfort\Desktop\Projects\the-pickard\scripts\populate-vehicle-data.ts:175:22)
    at main (C:\Users\tfort\Desktop\Projects\the-pickard\scripts\populate-vehicle-data.ts:353:7)
      Found 0 models
      ✅ Added models for CUSTOM CHASSIS INC.

   🔍 Fetching models for CUSTOM CHOPPERS BY OTIS...
      Found 1 models
      ✅ Added models for CUSTOM CHOPPERS BY OTIS

   🔍 Fetching models for CUSTOM CHOPPERWERKS...
      Found 1 models
      ✅ Added models for CUSTOM CHOPPERWERKS

   🔍 Fetching models for CUSTOM COMPONENTS AND STRUCTURES...
      Found 0 models
      ✅ Added models for CUSTOM COMPONENTS AND STRUCTURES

   🔍 Fetching models for CUSTOM CONCESSIONS TRAILERS...
      Found 1 models
      ✅ Added models for CUSTOM CONCESSIONS TRAILERS

   🔍 Fetching models for CUSTOM COTTAGES...
      Found 1 models
      ✅ Added models for CUSTOM COTTAGES

   🔍 Fetching models for CUSTOM COVERS...
      Found 1 models
      ✅ Added models for CUSTOM COVERS

   🔍 Fetching models for CUSTOM CRANK DOWN FISH HOUSES...
      Found 1 models
      ✅ Added models for CUSTOM CRANK DOWN FISH HOUSES

   🔍 Fetching models for CUSTOM CUT FABRICATION...
      Found 1 models
      ✅ Added models for CUSTOM CUT FABRICATION

   🔍 Fetching models for CUSTOM CYCLE STUDIO...
      Found 1 models
      ✅ Added models for CUSTOM CYCLE STUDIO

   🔍 Fetching models for CUSTOM CYCLE STUDIO LLC...
      Found 1 models
      ✅ Added models for CUSTOM CYCLE STUDIO LLC

   🔍 Fetching models for CUSTOM DESIGN...
      Found 8 models
      ✅ Added models for CUSTOM DESIGN

   🔍 Fetching models for CUSTOM DESIGN PARK MODEL HOMES...
      Found 1 models
      ✅ Added models for CUSTOM DESIGN PARK MODEL HOMES

   🔍 Fetching models for CUSTOM DESIGNED, INC....
Error fetching models for CUSTOM DESIGNED, INC. from NHTSA vPIC: SyntaxError: Unexpected token '<', "<!DOCTYPE "... is not valid JSON
    at JSON.parse (<anonymous>)
    at parseJSONFromBytes (node:internal/deps/undici/undici:5419:19)
    at successSteps (node:internal/deps/undici/undici:5390:27)
    at fullyReadBody (node:internal/deps/undici/undici:1501:9)
    at process.processTicksAndRejections (node:internal/process/task_queues:95:5)
    at async specConsumeBody (node:internal/deps/undici/undici:5399:7)
    at Object.getModelsForMake (C:\Users\tfort\Desktop\Projects\the-pickard\src\lib\nhtsa-vpic-api.ts:78:18)
    at populateModels (C:\Users\tfort\Desktop\Projects\the-pickard\scripts\populate-vehicle-data.ts:175:22)
    at main (C:\Users\tfort\Desktop\Projects\the-pickard\scripts\populate-vehicle-data.ts:353:7)
      Found 0 models
      ✅ Added models for CUSTOM DESIGNED, INC.

   🔍 Fetching models for CUSTOM ENGINEERED PRODUCTS...
      Found 1 models
      ✅ Added models for CUSTOM ENGINEERED PRODUCTS

   🔍 Fetching models for CUSTOM EQUIPMENT BUILDERS, INC....
Error fetching models for CUSTOM EQUIPMENT BUILDERS, INC. from NHTSA vPIC: SyntaxError: Unexpected token '<', "<!DOCTYPE "... is not valid JSON
    at JSON.parse (<anonymous>)
    at parseJSONFromBytes (node:internal/deps/undici/undici:5419:19)
    at successSteps (node:internal/deps/undici/undici:5390:27)
    at fullyReadBody (node:internal/deps/undici/undici:1501:9)
    at process.processTicksAndRejections (node:internal/process/task_queues:95:5)
    at async specConsumeBody (node:internal/deps/undici/undici:5399:7)
    at Object.getModelsForMake (C:\Users\tfort\Desktop\Projects\the-pickard\src\lib\nhtsa-vpic-api.ts:78:18)
    at populateModels (C:\Users\tfort\Desktop\Projects\the-pickard\scripts\populate-vehicle-data.ts:175:22)
    at main (C:\Users\tfort\Desktop\Projects\the-pickard\scripts\populate-vehicle-data.ts:353:7)
      Found 0 models
      ✅ Added models for CUSTOM EQUIPMENT BUILDERS, INC.

   🔍 Fetching models for CUSTOM EQUIPMENT CO INC...
      Found 1 models
      ✅ Added models for CUSTOM EQUIPMENT CO INC

   🔍 Fetching models for CUSTOM EQUIPMENT SALES INC....
Error fetching models for CUSTOM EQUIPMENT SALES INC. from NHTSA vPIC: SyntaxError: Unexpected token '<', "<!DOCTYPE "... is not valid JSON
    at JSON.parse (<anonymous>)
    at parseJSONFromBytes (node:internal/deps/undici/undici:5419:19)
    at successSteps (node:internal/deps/undici/undici:5390:27)
    at fullyReadBody (node:internal/deps/undici/undici:1501:9)
    at process.processTicksAndRejections (node:internal/process/task_queues:95:5)
    at async specConsumeBody (node:internal/deps/undici/undici:5399:7)
    at Object.getModelsForMake (C:\Users\tfort\Desktop\Projects\the-pickard\src\lib\nhtsa-vpic-api.ts:78:18)
    at populateModels (C:\Users\tfort\Desktop\Projects\the-pickard\scripts\populate-vehicle-data.ts:175:22)
    at main (C:\Users\tfort\Desktop\Projects\the-pickard\scripts\populate-vehicle-data.ts:353:7)
      Found 0 models
      ✅ Added models for CUSTOM EQUIPMENT SALES INC.

   🔍 Fetching models for CUSTOM EXPANSION FABRICATORS...
      Found 1 models
      ✅ Added models for CUSTOM EXPANSION FABRICATORS

   🔍 Fetching models for CUSTOM FABRICATION AND EQUIPMENT...
      Found 1 models
      ✅ Added models for CUSTOM FABRICATION AND EQUIPMENT

   🔍 Fetching models for CUSTOM FABRICATORS, INC....
Error fetching models for CUSTOM FABRICATORS, INC. from NHTSA vPIC: SyntaxError: Unexpected token '<', "<!DOCTYPE "... is not valid JSON
    at JSON.parse (<anonymous>)
    at parseJSONFromBytes (node:internal/deps/undici/undici:5419:19)
    at successSteps (node:internal/deps/undici/undici:5390:27)
    at fullyReadBody (node:internal/deps/undici/undici:1501:9)
    at process.processTicksAndRejections (node:internal/process/task_queues:95:5)
    at async specConsumeBody (node:internal/deps/undici/undici:5399:7)
    at Object.getModelsForMake (C:\Users\tfort\Desktop\Projects\the-pickard\src\lib\nhtsa-vpic-api.ts:78:18)
    at populateModels (C:\Users\tfort\Desktop\Projects\the-pickard\scripts\populate-vehicle-data.ts:175:22)
    at main (C:\Users\tfort\Desktop\Projects\the-pickard\scripts\populate-vehicle-data.ts:353:7)
      Found 0 models
      ✅ Added models for CUSTOM FABRICATORS, INC.

   🔍 Fetching models for CUSTOM FIT TRAILERS...
      Found 1 models
      ✅ Added models for CUSTOM FIT TRAILERS

   🔍 Fetching models for CUSTOM FOOD...
      Found 1 models
      ✅ Added models for CUSTOM FOOD

   🔍 Fetching models for CUSTOM HAUL...
      Found 4 models
      ✅ Added models for CUSTOM HAUL

   🔍 Fetching models for CUSTOM HAULER...
      Found 3 models
      ✅ Added models for CUSTOM HAULER

   🔍 Fetching models for CUSTOM IRON WORKZ...
      Found 1 models
      ✅ Added models for CUSTOM IRON WORKZ

   🔍 Fetching models for CUSTOM KAYAK TRAILERS...
      Found 1 models
      ✅ Added models for CUSTOM KAYAK TRAILERS

   🔍 Fetching models for CUSTOM MOBILE SAUNA...
      Found 1 models
      ✅ Added models for CUSTOM MOBILE SAUNA

   🔍 Fetching models for CUSTOM TRAILERS OF TEXAS...
      Found 1 models
      ✅ Added models for CUSTOM TRAILERS OF TEXAS

   🔍 Fetching models for CUSTOM TRAILERS, INC....
Error fetching models for CUSTOM TRAILERS, INC. from NHTSA vPIC: SyntaxError: Unexpected token '<', "<!DOCTYPE "... is not valid JSON
    at JSON.parse (<anonymous>)
    at parseJSONFromBytes (node:internal/deps/undici/undici:5419:19)
    at successSteps (node:internal/deps/undici/undici:5390:27)
    at fullyReadBody (node:internal/deps/undici/undici:1501:9)
    at process.processTicksAndRejections (node:internal/process/task_queues:95:5)
    at async specConsumeBody (node:internal/deps/undici/undici:5399:7)
    at Object.getModelsForMake (C:\Users\tfort\Desktop\Projects\the-pickard\src\lib\nhtsa-vpic-api.ts:78:18)
    at populateModels (C:\Users\tfort\Desktop\Projects\the-pickard\scripts\populate-vehicle-data.ts:175:22)
    at main (C:\Users\tfort\Desktop\Projects\the-pickard\scripts\populate-vehicle-data.ts:353:7)
      Found 0 models
      ✅ Added models for CUSTOM TRAILERS, INC.

   🔍 Fetching models for CUSTOM TRIKES, INC....
Error fetching models for CUSTOM TRIKES, INC. from NHTSA vPIC: SyntaxError: Unexpected token '<', "<!DOCTYPE "... is not valid JSON
    at JSON.parse (<anonymous>)
    at parseJSONFromBytes (node:internal/deps/undici/undici:5419:19)
    at successSteps (node:internal/deps/undici/undici:5390:27)
    at fullyReadBody (node:internal/deps/undici/undici:1501:9)
    at process.processTicksAndRejections (node:internal/process/task_queues:95:5)
    at async specConsumeBody (node:internal/deps/undici/undici:5399:7)
    at Object.getModelsForMake (C:\Users\tfort\Desktop\Projects\the-pickard\src\lib\nhtsa-vpic-api.ts:78:18)
    at populateModels (C:\Users\tfort\Desktop\Projects\the-pickard\scripts\populate-vehicle-data.ts:175:22)
    at main (C:\Users\tfort\Desktop\Projects\the-pickard\scripts\populate-vehicle-data.ts:353:7)
      Found 0 models
      ✅ Added models for CUSTOM TRIKES, INC.

   🔍 Fetching models for CUSTOM TRUCK BODY & EQUIPMENT, INC....
Error fetching models for CUSTOM TRUCK BODY & EQUIPMENT, INC. from NHTSA vPIC: SyntaxError: Unexpected token '<', "<!DOCTYPE "... is not valid JSON
    at JSON.parse (<anonymous>)
    at parseJSONFromBytes (node:internal/deps/undici/undici:5419:19)
    at successSteps (node:internal/deps/undici/undici:5390:27)
    at fullyReadBody (node:internal/deps/undici/undici:1501:9)
    at process.processTicksAndRejections (node:internal/process/task_queues:95:5)
    at async specConsumeBody (node:internal/deps/undici/undici:5399:7)
    at Object.getModelsForMake (C:\Users\tfort\Desktop\Projects\the-pickard\src\lib\nhtsa-vpic-api.ts:78:18)
    at populateModels (C:\Users\tfort\Desktop\Projects\the-pickard\scripts\populate-vehicle-data.ts:175:22)
    at main (C:\Users\tfort\Desktop\Projects\the-pickard\scripts\populate-vehicle-data.ts:353:7)
      Found 0 models
      ✅ Added models for CUSTOM TRUCK BODY & EQUIPMENT, INC.

   🔍 Fetching models for CUSTOM UPFITS...
      Found 1 models
      ✅ Added models for CUSTOM UPFITS

   🔍 Fetching models for CUSTOM WELDED FRAME...
      Found 3 models
      ✅ Added models for CUSTOM WELDED FRAME

   🔍 Fetching models for CUSTOM WELDING AND TRAILERS...
      Found 1 models
      ✅ Added models for CUSTOM WELDING AND TRAILERS

   🔍 Fetching models for CY-CORP ENTERPRISES, INC....
Error fetching models for CY-CORP ENTERPRISES, INC. from NHTSA vPIC: SyntaxError: Unexpected token '<', "<!DOCTYPE "... is not valid JSON
    at JSON.parse (<anonymous>)
    at parseJSONFromBytes (node:internal/deps/undici/undici:5419:19)
    at successSteps (node:internal/deps/undici/undici:5390:27)
    at fullyReadBody (node:internal/deps/undici/undici:1501:9)
    at process.processTicksAndRejections (node:internal/process/task_queues:95:5)
    at async specConsumeBody (node:internal/deps/undici/undici:5399:7)
    at Object.getModelsForMake (C:\Users\tfort\Desktop\Projects\the-pickard\src\lib\nhtsa-vpic-api.ts:78:18)
    at populateModels (C:\Users\tfort\Desktop\Projects\the-pickard\scripts\populate-vehicle-data.ts:175:22)
    at main (C:\Users\tfort\Desktop\Projects\the-pickard\scripts\populate-vehicle-data.ts:353:7)
      Found 0 models
      ✅ Added models for CY-CORP ENTERPRISES, INC.

   🔍 Fetching models for CYCLE CONCEPTS INC....
Error fetching models for CYCLE CONCEPTS INC. from NHTSA vPIC: SyntaxError: Unexpected token '<', "<!DOCTYPE "... is not valid JSON
    at JSON.parse (<anonymous>)
    at parseJSONFromBytes (node:internal/deps/undici/undici:5419:19)
    at successSteps (node:internal/deps/undici/undici:5390:27)
    at fullyReadBody (node:internal/deps/undici/undici:1501:9)
    at process.processTicksAndRejections (node:internal/process/task_queues:95:5)
    at async specConsumeBody (node:internal/deps/undici/undici:5399:7)
    at Object.getModelsForMake (C:\Users\tfort\Desktop\Projects\the-pickard\src\lib\nhtsa-vpic-api.ts:78:18)
    at populateModels (C:\Users\tfort\Desktop\Projects\the-pickard\scripts\populate-vehicle-data.ts:175:22)
    at main (C:\Users\tfort\Desktop\Projects\the-pickard\scripts\populate-vehicle-data.ts:353:7)
      Found 0 models
      ✅ Added models for CYCLE CONCEPTS INC.

   🔍 Fetching models for CYCLE HAULER...
      Found 1 models
      ✅ Added models for CYCLE HAULER

   🔍 Fetching models for CYCLE PRODUCTS...
      Found 1 models
      ✅ Added models for CYCLE PRODUCTS

   🔍 Fetching models for CYCLESTREAM...
      Found 1 models
      ✅ Added models for CYCLESTREAM

   🔍 Fetching models for CYCLONE...
      Found 12 models
      ✅ Added models for CYCLONE

   🔍 Fetching models for CYCLONE, FUEL, GRAVITY, ROAD WARRIOR, TORQUE, & TORQUE TT, LITHIUM...
      Found 1 models
      ✅ Added models for CYCLONE, FUEL, GRAVITY, ROAD WARRIOR, TORQUE, & TORQUE TT, LITHIUM

   🔍 Fetching models for CYCLOPS TRIKE COMPONENTS...
      Found 3 models
      ✅ Added models for CYCLOPS TRIKE COMPONENTS

   🔍 Fetching models for CYGNUS MANUFACTURING COMPANY (CMC)...
      Found 1 models
      ✅ Added models for CYGNUS MANUFACTURING COMPANY (CMC)

   🔍 Fetching models for CYLTEX ...
Error fetching models for CYLTEX  from NHTSA vPIC: SyntaxError: Unexpected token '<', "<!DOCTYPE "... is not valid JSON
    at JSON.parse (<anonymous>)
    at parseJSONFromBytes (node:internal/deps/undici/undici:5419:19)
    at successSteps (node:internal/deps/undici/undici:5390:27)
    at fullyReadBody (node:internal/deps/undici/undici:1501:9)
    at process.processTicksAndRejections (node:internal/process/task_queues:95:5)
    at async specConsumeBody (node:internal/deps/undici/undici:5399:7)
    at Object.getModelsForMake (C:\Users\tfort\Desktop\Projects\the-pickard\src\lib\nhtsa-vpic-api.ts:78:18)
    at populateModels (C:\Users\tfort\Desktop\Projects\the-pickard\scripts\populate-vehicle-data.ts:175:22)
    at main (C:\Users\tfort\Desktop\Projects\the-pickard\scripts\populate-vehicle-data.ts:353:7)
      Found 0 models
      ✅ Added models for CYLTEX 

   🔍 Fetching models for CYNERGY CARGO...
      Found 2 models
      ✅ Added models for CYNERGY CARGO

   🔍 Fetching models for CYNERGY CARGO2 LLC...
      Found 1 models
      ✅ Added models for CYNERGY CARGO2 LLC

   🔍 Fetching models for CYTEC TRAILERS...
      Found 1 models
      ✅ Added models for CYTEC TRAILERS

   🔍 Fetching models for CZ ENGINEERING, INC....
Error fetching models for CZ ENGINEERING, INC. from NHTSA vPIC: SyntaxError: Unexpected token '<', "<!DOCTYPE "... is not valid JSON
    at JSON.parse (<anonymous>)
    at parseJSONFromBytes (node:internal/deps/undici/undici:5419:19)
    at successSteps (node:internal/deps/undici/undici:5390:27)
    at fullyReadBody (node:internal/deps/undici/undici:1501:9)
    at process.processTicksAndRejections (node:internal/process/task_queues:95:5)
    at async specConsumeBody (node:internal/deps/undici/undici:5399:7)
    at Object.getModelsForMake (C:\Users\tfort\Desktop\Projects\the-pickard\src\lib\nhtsa-vpic-api.ts:78:18)
    at populateModels (C:\Users\tfort\Desktop\Projects\the-pickard\scripts\populate-vehicle-data.ts:175:22)
    at main (C:\Users\tfort\Desktop\Projects\the-pickard\scripts\populate-vehicle-data.ts:353:7)
      Found 0 models
      ✅ Added models for CZ ENGINEERING, INC.

   🔍 Fetching models for CZINGER...
      Found 1 models
      ✅ Added models for CZINGER

   🔍 Fetching models for D & D INDUSTRIES...
      Found 1 models
      ✅ Added models for D & D INDUSTRIES

   🔍 Fetching models for D & H TRUCK EQUIPMENT INC...
      Found 1 models
      ✅ Added models for D & H TRUCK EQUIPMENT INC

   🔍 Fetching models for D & J FABRICATING LLC...
      Found 1 models
      ✅ Added models for D & J FABRICATING LLC

   🔍 Fetching models for D & K TRAILERS...
      Found 1 models
      ✅ Added models for D & K TRAILERS

   🔍 Fetching models for D & S TRAILERS AND MANUFACTURING INC....
Error fetching models for D & S TRAILERS AND MANUFACTURING INC. from NHTSA vPIC: SyntaxError: Unexpected token '<', "<!DOCTYPE "... is not valid JSON
    at JSON.parse (<anonymous>)
    at parseJSONFromBytes (node:internal/deps/undici/undici:5419:19)
    at successSteps (node:internal/deps/undici/undici:5390:27)
    at fullyReadBody (node:internal/deps/undici/undici:1501:9)
    at process.processTicksAndRejections (node:internal/process/task_queues:95:5)
    at async specConsumeBody (node:internal/deps/undici/undici:5399:7)
    at Object.getModelsForMake (C:\Users\tfort\Desktop\Projects\the-pickard\src\lib\nhtsa-vpic-api.ts:78:18)
    at populateModels (C:\Users\tfort\Desktop\Projects\the-pickard\scripts\populate-vehicle-data.ts:175:22)
    at main (C:\Users\tfort\Desktop\Projects\the-pickard\scripts\populate-vehicle-data.ts:353:7)
      Found 0 models
      ✅ Added models for D & S TRAILERS AND MANUFACTURING INC.

   🔍 Fetching models for D AND A CUSTOM...
      Found 1 models
      ✅ Added models for D AND A CUSTOM

   🔍 Fetching models for D HART DESIGNS INC...
      Found 2 models
      ✅ Added models for D HART DESIGNS INC

   🔍 Fetching models for D MASTER...
      Found 1 models
      ✅ Added models for D MASTER

   🔍 Fetching models for D SQUARED...
      Found 1 models
      ✅ Added models for D SQUARED

   🔍 Fetching models for D T SUPPLY...
      Found 1 models
      ✅ Added models for D T SUPPLY

   🔍 Fetching models for D&B CYCLE PARTS & ACCESSORIES...
      Found 1 models
      ✅ Added models for D&B CYCLE PARTS & ACCESSORIES

   🔍 Fetching models for D&R METAL FAB. INC....
Error fetching models for D&R METAL FAB. INC. from NHTSA vPIC: SyntaxError: Unexpected token '<', "<!DOCTYPE "... is not valid JSON
    at JSON.parse (<anonymous>)
    at parseJSONFromBytes (node:internal/deps/undici/undici:5419:19)
    at successSteps (node:internal/deps/undici/undici:5390:27)
    at fullyReadBody (node:internal/deps/undici/undici:1501:9)
    at process.processTicksAndRejections (node:internal/process/task_queues:95:5)
    at async specConsumeBody (node:internal/deps/undici/undici:5399:7)
    at Object.getModelsForMake (C:\Users\tfort\Desktop\Projects\the-pickard\src\lib\nhtsa-vpic-api.ts:78:18)
    at populateModels (C:\Users\tfort\Desktop\Projects\the-pickard\scripts\populate-vehicle-data.ts:175:22)
    at main (C:\Users\tfort\Desktop\Projects\the-pickard\scripts\populate-vehicle-data.ts:353:7)
      Found 0 models
      ✅ Added models for D&R METAL FAB. INC.

   🔍 Fetching models for D'S FIBERGLASS...
      Found 1 models
      ✅ Added models for D'S FIBERGLASS

   🔍 Fetching models for D-LUX TRAILER SALES INC...
      Found 1 models
      ✅ Added models for D-LUX TRAILER SALES INC

   🔍 Fetching models for D.G.C. TRAILER SALES...
Error fetching models for D.G.C. TRAILER SALES from NHTSA vPIC: SyntaxError: Unexpected token '<', "<!DOCTYPE "... is not valid JSON
    at JSON.parse (<anonymous>)
    at parseJSONFromBytes (node:internal/deps/undici/undici:5419:19)
    at successSteps (node:internal/deps/undici/undici:5390:27)
    at fullyReadBody (node:internal/deps/undici/undici:1501:9)
    at process.processTicksAndRejections (node:internal/process/task_queues:95:5)
    at async specConsumeBody (node:internal/deps/undici/undici:5399:7)
    at Object.getModelsForMake (C:\Users\tfort\Desktop\Projects\the-pickard\src\lib\nhtsa-vpic-api.ts:78:18)
    at populateModels (C:\Users\tfort\Desktop\Projects\the-pickard\scripts\populate-vehicle-data.ts:175:22)
    at main (C:\Users\tfort\Desktop\Projects\the-pickard\scripts\populate-vehicle-data.ts:353:7)
      Found 0 models
      ✅ Added models for D.G.C. TRAILER SALES

   🔍 Fetching models for D.J. TRAILERS AND WELDING...
Error fetching models for D.J. TRAILERS AND WELDING from NHTSA vPIC: SyntaxError: Unexpected token '<', "<!DOCTYPE "... is not valid JSON
    at JSON.parse (<anonymous>)
    at parseJSONFromBytes (node:internal/deps/undici/undici:5419:19)
    at successSteps (node:internal/deps/undici/undici:5390:27)
    at fullyReadBody (node:internal/deps/undici/undici:1501:9)
    at process.processTicksAndRejections (node:internal/process/task_queues:95:5)
    at async specConsumeBody (node:internal/deps/undici/undici:5399:7)
    at Object.getModelsForMake (C:\Users\tfort\Desktop\Projects\the-pickard\src\lib\nhtsa-vpic-api.ts:78:18)
    at populateModels (C:\Users\tfort\Desktop\Projects\the-pickard\scripts\populate-vehicle-data.ts:175:22)
    at main (C:\Users\tfort\Desktop\Projects\the-pickard\scripts\populate-vehicle-data.ts:353:7)
      Found 0 models
      ✅ Added models for D.J. TRAILERS AND WELDING

   🔍 Fetching models for D.K. HOSTETLER...
Error fetching models for D.K. HOSTETLER from NHTSA vPIC: SyntaxError: Unexpected token '<', "<!DOCTYPE "... is not valid JSON
    at JSON.parse (<anonymous>)
    at parseJSONFromBytes (node:internal/deps/undici/undici:5419:19)
    at successSteps (node:internal/deps/undici/undici:5390:27)
    at fullyReadBody (node:internal/deps/undici/undici:1501:9)
    at process.processTicksAndRejections (node:internal/process/task_queues:95:5)
    at async specConsumeBody (node:internal/deps/undici/undici:5399:7)
    at Object.getModelsForMake (C:\Users\tfort\Desktop\Projects\the-pickard\src\lib\nhtsa-vpic-api.ts:78:18)
    at populateModels (C:\Users\tfort\Desktop\Projects\the-pickard\scripts\populate-vehicle-data.ts:175:22)
    at main (C:\Users\tfort\Desktop\Projects\the-pickard\scripts\populate-vehicle-data.ts:353:7)
      Found 0 models
      ✅ Added models for D.K. HOSTETLER

   🔍 Fetching models for D.R.M. TRAILERS...
Error fetching models for D.R.M. TRAILERS from NHTSA vPIC: SyntaxError: Unexpected token '<', "<!DOCTYPE "... is not valid JSON
    at JSON.parse (<anonymous>)
    at parseJSONFromBytes (node:internal/deps/undici/undici:5419:19)
    at successSteps (node:internal/deps/undici/undici:5390:27)
    at fullyReadBody (node:internal/deps/undici/undici:1501:9)
    at process.processTicksAndRejections (node:internal/process/task_queues:95:5)
    at async specConsumeBody (node:internal/deps/undici/undici:5399:7)
    at Object.getModelsForMake (C:\Users\tfort\Desktop\Projects\the-pickard\src\lib\nhtsa-vpic-api.ts:78:18)
    at populateModels (C:\Users\tfort\Desktop\Projects\the-pickard\scripts\populate-vehicle-data.ts:175:22)
    at main (C:\Users\tfort\Desktop\Projects\the-pickard\scripts\populate-vehicle-data.ts:353:7)
      Found 0 models
      ✅ Added models for D.R.M. TRAILERS

   🔍 Fetching models for D.R.T...
Error fetching models for D.R.T from NHTSA vPIC: SyntaxError: Unexpected token '<', "<!DOCTYPE "... is not valid JSON
    at JSON.parse (<anonymous>)
    at parseJSONFromBytes (node:internal/deps/undici/undici:5419:19)
    at successSteps (node:internal/deps/undici/undici:5390:27)
    at fullyReadBody (node:internal/deps/undici/undici:1501:9)
    at process.processTicksAndRejections (node:internal/process/task_queues:95:5)
    at async specConsumeBody (node:internal/deps/undici/undici:5399:7)
    at Object.getModelsForMake (C:\Users\tfort\Desktop\Projects\the-pickard\src\lib\nhtsa-vpic-api.ts:78:18)
    at populateModels (C:\Users\tfort\Desktop\Projects\the-pickard\scripts\populate-vehicle-data.ts:175:22)
    at main (C:\Users\tfort\Desktop\Projects\the-pickard\scripts\populate-vehicle-data.ts:353:7)
      Found 0 models
      ✅ Added models for D.R.T

   🔍 Fetching models for DA ...
Error fetching models for DA  from NHTSA vPIC: SyntaxError: Unexpected token '<', "<!DOCTYPE "... is not valid JSON
    at JSON.parse (<anonymous>)
    at parseJSONFromBytes (node:internal/deps/undici/undici:5419:19)
    at successSteps (node:internal/deps/undici/undici:5390:27)
    at fullyReadBody (node:internal/deps/undici/undici:1501:9)
    at process.processTicksAndRejections (node:internal/process/task_queues:95:5)
    at async specConsumeBody (node:internal/deps/undici/undici:5399:7)
    at Object.getModelsForMake (C:\Users\tfort\Desktop\Projects\the-pickard\src\lib\nhtsa-vpic-api.ts:78:18)
    at populateModels (C:\Users\tfort\Desktop\Projects\the-pickard\scripts\populate-vehicle-data.ts:175:22)
    at main (C:\Users\tfort\Desktop\Projects\the-pickard\scripts\populate-vehicle-data.ts:353:7)
      Found 0 models
      ✅ Added models for DA 

   🔍 Fetching models for DA CAR...
      Found 1 models
      ✅ Added models for DA CAR

   🔍 Fetching models for DAB MOTORS...
      Found 1 models
      ✅ Added models for DAB MOTORS

   🔍 Fetching models for DABCO FABRICATION...
      Found 1 models
      ✅ Added models for DABCO FABRICATION

   🔍 Fetching models for DAC...
      Found 8 models
      ✅ Added models for DAC

   🔍 Fetching models for DACH...
      Found 2 models
      ✅ Added models for DACH

   🔍 Fetching models for DACHI GOLF CART...
      Found 1 models
      ✅ Added models for DACHI GOLF CART

   🔍 Fetching models for DACUS MANUFACTURING INC....
Error fetching models for DACUS MANUFACTURING INC. from NHTSA vPIC: SyntaxError: Unexpected token '<', "<!DOCTYPE "... is not valid JSON
    at JSON.parse (<anonymous>)
    at parseJSONFromBytes (node:internal/deps/undici/undici:5419:19)
    at successSteps (node:internal/deps/undici/undici:5390:27)
    at fullyReadBody (node:internal/deps/undici/undici:1501:9)
    at process.processTicksAndRejections (node:internal/process/task_queues:95:5)
    at async specConsumeBody (node:internal/deps/undici/undici:5399:7)
    at Object.getModelsForMake (C:\Users\tfort\Desktop\Projects\the-pickard\src\lib\nhtsa-vpic-api.ts:78:18)
    at populateModels (C:\Users\tfort\Desktop\Projects\the-pickard\scripts\populate-vehicle-data.ts:175:22)
    at main (C:\Users\tfort\Desktop\Projects\the-pickard\scripts\populate-vehicle-data.ts:353:7)
      Found 0 models
      ✅ Added models for DACUS MANUFACTURING INC.

   🔍 Fetching models for DAECHANG MOTORS COMPANY LIMITED...
      Found 1 models
      ✅ Added models for DAECHANG MOTORS COMPANY LIMITED

   🔍 Fetching models for DAELIM MOTOR CO., LTD...
Error fetching models for DAELIM MOTOR CO., LTD from NHTSA vPIC: SyntaxError: Unexpected token '<', "<!DOCTYPE "... is not valid JSON
    at JSON.parse (<anonymous>)
    at parseJSONFromBytes (node:internal/deps/undici/undici:5419:19)
    at successSteps (node:internal/deps/undici/undici:5390:27)
    at fullyReadBody (node:internal/deps/undici/undici:1501:9)
    at process.processTicksAndRejections (node:internal/process/task_queues:95:5)
    at async specConsumeBody (node:internal/deps/undici/undici:5399:7)
    at Object.getModelsForMake (C:\Users\tfort\Desktop\Projects\the-pickard\src\lib\nhtsa-vpic-api.ts:78:18)
    at populateModels (C:\Users\tfort\Desktop\Projects\the-pickard\scripts\populate-vehicle-data.ts:175:22)
    at main (C:\Users\tfort\Desktop\Projects\the-pickard\scripts\populate-vehicle-data.ts:353:7)
      Found 0 models
      ✅ Added models for DAELIM MOTOR CO., LTD

   🔍 Fetching models for DAEWOO...
      Found 6 models
      ✅ Added models for DAEWOO

   🔍 Fetching models for DAFU...
      Found 13 models
      ✅ Added models for DAFU

   🔍 Fetching models for DAHE...
      Found 20 models
      ✅ Added models for DAHE

   🔍 Fetching models for DAIGLE BROTHERS...
      Found 1 models
      ✅ Added models for DAIGLE BROTHERS

   🔍 Fetching models for DAIGLE TRAILERS...
      Found 1 models
      ✅ Added models for DAIGLE TRAILERS

   🔍 Fetching models for DAIHATSU...
      Found 3 models
      ✅ Added models for DAIHATSU

   🔍 Fetching models for DAILEY TRAILERS INC...
      Found 2 models
      ✅ Added models for DAILEY TRAILERS INC

   🔍 Fetching models for DAIMLER...
      Found 2 models
      ✅ Added models for DAIMLER

   🔍 Fetching models for DAIX...
      Found 13 models
      ✅ Added models for DAIX

   🔍 Fetching models for DAKAN MOUNTAIN TEARDROP TRAILERS...
      Found 1 models
      ✅ Added models for DAKAN MOUNTAIN TEARDROP TRAILERS

   🔍 Fetching models for DAKOTA AIRBOATS...
      Found 1 models
      ✅ Added models for DAKOTA AIRBOATS

   🔍 Fetching models for DAKOTA CABINS OF TEXAS...
      Found 1 models
      ✅ Added models for DAKOTA CABINS OF TEXAS

   🔍 Fetching models for DAKOTA CORPORATION...
      Found 1 models
      ✅ Added models for DAKOTA CORPORATION

   🔍 Fetching models for DAKOTA LITEHOUSE, LLC...
      Found 1 models
      ✅ Added models for DAKOTA LITEHOUSE, LLC

   🔍 Fetching models for DAKOTA MANUFACTURING CO. / TRAIL-EZE...
Error fetching models for DAKOTA MANUFACTURING CO. / TRAIL-EZE from NHTSA vPIC: SyntaxError: Unexpected token '<', "<!DOCTYPE "... is not valid JSON
    at JSON.parse (<anonymous>)
    at parseJSONFromBytes (node:internal/deps/undici/undici:5419:19)
    at successSteps (node:internal/deps/undici/undici:5390:27)
    at fullyReadBody (node:internal/deps/undici/undici:1501:9)
    at process.processTicksAndRejections (node:internal/process/task_queues:95:5)
    at async specConsumeBody (node:internal/deps/undici/undici:5399:7)
    at Object.getModelsForMake (C:\Users\tfort\Desktop\Projects\the-pickard\src\lib\nhtsa-vpic-api.ts:78:18)
    at populateModels (C:\Users\tfort\Desktop\Projects\the-pickard\scripts\populate-vehicle-data.ts:175:22)
    at main (C:\Users\tfort\Desktop\Projects\the-pickard\scripts\populate-vehicle-data.ts:353:7)
      Found 0 models
      ✅ Added models for DAKOTA MANUFACTURING CO. / TRAIL-EZE

   🔍 Fetching models for DAKOTA METAL SOLUTIONS...
      Found 1 models
      ✅ Added models for DAKOTA METAL SOLUTIONS

   🔍 Fetching models for DAKOTA MOTORCYCLE CO....
Error fetching models for DAKOTA MOTORCYCLE CO. from NHTSA vPIC: SyntaxError: Unexpected token '<', "<!DOCTYPE "... is not valid JSON
    at JSON.parse (<anonymous>)
    at parseJSONFromBytes (node:internal/deps/undici/undici:5419:19)
    at successSteps (node:internal/deps/undici/undici:5390:27)
    at fullyReadBody (node:internal/deps/undici/undici:1501:9)
    at process.processTicksAndRejections (node:internal/process/task_queues:95:5)
    at async specConsumeBody (node:internal/deps/undici/undici:5399:7)
    at Object.getModelsForMake (C:\Users\tfort\Desktop\Projects\the-pickard\src\lib\nhtsa-vpic-api.ts:78:18)
    at populateModels (C:\Users\tfort\Desktop\Projects\the-pickard\scripts\populate-vehicle-data.ts:175:22)
    at main (C:\Users\tfort\Desktop\Projects\the-pickard\scripts\populate-vehicle-data.ts:353:7)
      Found 0 models
      ✅ Added models for DAKOTA MOTORCYCLE CO.

   🔍 Fetching models for DAKOTA MOTORCYCLES U.S.A. INC...
Error fetching models for DAKOTA MOTORCYCLES U.S.A. INC from NHTSA vPIC: SyntaxError: Unexpected token '<', "<!DOCTYPE "... is not valid JSON
    at JSON.parse (<anonymous>)
    at parseJSONFromBytes (node:internal/deps/undici/undici:5419:19)
    at successSteps (node:internal/deps/undici/undici:5390:27)
    at fullyReadBody (node:internal/deps/undici/undici:1501:9)
    at process.processTicksAndRejections (node:internal/process/task_queues:95:5)
    at async specConsumeBody (node:internal/deps/undici/undici:5399:7)
    at Object.getModelsForMake (C:\Users\tfort\Desktop\Projects\the-pickard\src\lib\nhtsa-vpic-api.ts:78:18)
    at populateModels (C:\Users\tfort\Desktop\Projects\the-pickard\scripts\populate-vehicle-data.ts:175:22)
    at main (C:\Users\tfort\Desktop\Projects\the-pickard\scripts\populate-vehicle-data.ts:353:7)
      Found 0 models
      ✅ Added models for DAKOTA MOTORCYCLES U.S.A. INC

   🔍 Fetching models for DAKOTA TRAILERS...
      Found 1 models
      ✅ Added models for DAKOTA TRAILERS

   🔍 Fetching models for DAL-FAB & MACHINE, INC...
      Found 1 models
      ✅ Added models for DAL-FAB & MACHINE, INC

   🔍 Fetching models for DALLAS SMITH CORPORATION...
      Found 1 models
      ✅ Added models for DALLAS SMITH CORPORATION

   🔍 Fetching models for DARAL, INC....
Error fetching models for DARAL, INC. from NHTSA vPIC: SyntaxError: Unexpected token '<', "<!DOCTYPE "... is not valid JSON
    at JSON.parse (<anonymous>)
    at parseJSONFromBytes (node:internal/deps/undici/undici:5419:19)
    at successSteps (node:internal/deps/undici/undici:5390:27)
    at fullyReadBody (node:internal/deps/undici/undici:1501:9)
    at process.processTicksAndRejections (node:internal/process/task_queues:95:5)
    at async specConsumeBody (node:internal/deps/undici/undici:5399:7)
    at Object.getModelsForMake (C:\Users\tfort\Desktop\Projects\the-pickard\src\lib\nhtsa-vpic-api.ts:78:18)
    at populateModels (C:\Users\tfort\Desktop\Projects\the-pickard\scripts\populate-vehicle-data.ts:175:22)
    at main (C:\Users\tfort\Desktop\Projects\the-pickard\scripts\populate-vehicle-data.ts:353:7)
      Found 0 models
      ✅ Added models for DARAL, INC.

   🔍 Fetching models for DARDON, INC...
      Found 1 models
      ✅ Added models for DARDON, INC

   🔍 Fetching models for DAREDEVIL CHOPPERS, INC...
      Found 1 models
      ✅ Added models for DAREDEVIL CHOPPERS, INC

   🔍 Fetching models for DARK DAYZ CHOPPERS...
      Found 1 models
      ✅ Added models for DARK DAYZ CHOPPERS

   🔍 Fetching models for DARK HORSE EXPERIENTIAL...
      Found 1 models
      ✅ Added models for DARK HORSE EXPERIENTIAL

   🔍 Fetching models for DARK WARRIOR...
      Found 20 models
      ✅ Added models for DARK WARRIOR

   🔍 Fetching models for DARKHORSE...
      Found 1 models
      ✅ Added models for DARKHORSE

   🔍 Fetching models for DARKSIDE CHARIOTS...
      Found 1 models
      ✅ Added models for DARKSIDE CHARIOTS

   🔍 Fetching models for DARKSIDE CHOPPERS...
      Found 1 models
      ✅ Added models for DARKSIDE CHOPPERS

   🔍 Fetching models for DARNELL'S WELDING AND FABRICATION...
      Found 1 models
      ✅ Added models for DARNELL'S WELDING AND FABRICATION

   🔍 Fetching models for DARPAH LLC...
      Found 1 models
      ✅ Added models for DARPAH LLC

   🔍 Fetching models for DARRELL'S WELDING INC....
Error fetching models for DARRELL'S WELDING INC. from NHTSA vPIC: SyntaxError: Unexpected token '<', "<!DOCTYPE "... is not valid JSON
    at JSON.parse (<anonymous>)
    at parseJSONFromBytes (node:internal/deps/undici/undici:5419:19)
    at successSteps (node:internal/deps/undici/undici:5390:27)
    at fullyReadBody (node:internal/deps/undici/undici:1501:9)
    at process.processTicksAndRejections (node:internal/process/task_queues:95:5)
    at async specConsumeBody (node:internal/deps/undici/undici:5399:7)
    at Object.getModelsForMake (C:\Users\tfort\Desktop\Projects\the-pickard\src\lib\nhtsa-vpic-api.ts:78:18)
    at populateModels (C:\Users\tfort\Desktop\Projects\the-pickard\scripts\populate-vehicle-data.ts:175:22)
    at main (C:\Users\tfort\Desktop\Projects\the-pickard\scripts\populate-vehicle-data.ts:353:7)
      Found 0 models
      ✅ Added models for DARRELL'S WELDING INC.

   🔍 Fetching models for DART...
      Found 2 models
      ✅ Added models for DART

   🔍 Fetching models for DARTRON INDUSTRIES INC....
Error fetching models for DARTRON INDUSTRIES INC. from NHTSA vPIC: SyntaxError: Unexpected token '<', "<!DOCTYPE "... is not valid JSON
    at JSON.parse (<anonymous>)
    at parseJSONFromBytes (node:internal/deps/undici/undici:5419:19)
    at successSteps (node:internal/deps/undici/undici:5390:27)
    at fullyReadBody (node:internal/deps/undici/undici:1501:9)
    at process.processTicksAndRejections (node:internal/process/task_queues:95:5)
    at async specConsumeBody (node:internal/deps/undici/undici:5399:7)
    at Object.getModelsForMake (C:\Users\tfort\Desktop\Projects\the-pickard\src\lib\nhtsa-vpic-api.ts:78:18)
    at populateModels (C:\Users\tfort\Desktop\Projects\the-pickard\scripts\populate-vehicle-data.ts:175:22)
    at main (C:\Users\tfort\Desktop\Projects\the-pickard\scripts\populate-vehicle-data.ts:353:7)
      Found 0 models
      ✅ Added models for DARTRON INDUSTRIES INC.

   🔍 Fetching models for DARWIN MOTORCYCLE...
      Found 9 models
      ✅ Added models for DARWIN MOTORCYCLE

   🔍 Fetching models for DASH...
      Found 3 models
      ✅ Added models for DASH

   🔍 Fetching models for DASH EV...
      Found 1 models
      ✅ Added models for DASH EV

   🔍 Fetching models for DAVIS VILLAGE SOLUTIONS...
      Found 1 models
      ✅ Added models for DAVIS VILLAGE SOLUTIONS

   🔍 Fetching models for DAVIS' COUNTRYSIDE TRAILER WORLD...
      Found 1 models
      ✅ Added models for DAVIS' COUNTRYSIDE TRAILER WORLD

   🔍 Fetching models for DAWSON...
      Found 1 models
      ✅ Added models for DAWSON

   🔍 Fetching models for DAY'S STEEL & TRAILER BARN...
      Found 1 models
      ✅ Added models for DAY'S STEEL & TRAILER BARN

   🔍 Fetching models for DAYANG...
      Found 7 models
      ✅ Added models for DAYANG

   🔍 Fetching models for DAYI MOTOR...
      Found 1 models
      ✅ Added models for DAYI MOTOR

   🔍 Fetching models for DAYSTAR...
      Found 2 models
      ✅ Added models for DAYSTAR

   🔍 Fetching models for DAYSTAR MOTORCYCLES OF AMERICA, INC....
Error fetching models for DAYSTAR MOTORCYCLES OF AMERICA, INC. from NHTSA vPIC: SyntaxError: Unexpected token '<', "<!DOCTYPE "... is not valid JSON
    at JSON.parse (<anonymous>)
    at parseJSONFromBytes (node:internal/deps/undici/undici:5419:19)
    at successSteps (node:internal/deps/undici/undici:5390:27)
    at fullyReadBody (node:internal/deps/undici/undici:1501:9)
    at process.processTicksAndRejections (node:internal/process/task_queues:95:5)
    at async specConsumeBody (node:internal/deps/undici/undici:5399:7)
    at Object.getModelsForMake (C:\Users\tfort\Desktop\Projects\the-pickard\src\lib\nhtsa-vpic-api.ts:78:18)
    at populateModels (C:\Users\tfort\Desktop\Projects\the-pickard\scripts\populate-vehicle-data.ts:175:22)
    at main (C:\Users\tfort\Desktop\Projects\the-pickard\scripts\populate-vehicle-data.ts:353:7)
      Found 0 models
      ✅ Added models for DAYSTAR MOTORCYCLES OF AMERICA, INC.

   🔍 Fetching models for DAYTEC CENTER...
      Found 1 models
      ✅ Added models for DAYTEC CENTER

   🔍 Fetching models for DAYTONA BEACH BIKE WORKS, INC....
Error fetching models for DAYTONA BEACH BIKE WORKS, INC. from NHTSA vPIC: SyntaxError: Unexpected token '<', "<!DOCTYPE "... is not valid JSON
    at JSON.parse (<anonymous>)
    at parseJSONFromBytes (node:internal/deps/undici/undici:5419:19)
    at successSteps (node:internal/deps/undici/undici:5390:27)
    at fullyReadBody (node:internal/deps/undici/undici:1501:9)
    at process.processTicksAndRejections (node:internal/process/task_queues:95:5)
    at async specConsumeBody (node:internal/deps/undici/undici:5399:7)
    at Object.getModelsForMake (C:\Users\tfort\Desktop\Projects\the-pickard\src\lib\nhtsa-vpic-api.ts:78:18)
    at populateModels (C:\Users\tfort\Desktop\Projects\the-pickard\scripts\populate-vehicle-data.ts:175:22)
    at main (C:\Users\tfort\Desktop\Projects\the-pickard\scripts\populate-vehicle-data.ts:353:7)
      Found 0 models
      ✅ Added models for DAYTONA BEACH BIKE WORKS, INC.

   🔍 Fetching models for DAYTONA COACH BUILDERS...
      Found 1 models
      ✅ Added models for DAYTONA COACH BUILDERS

   🔍 Fetching models for DEBRA H MORGAN CO...
      Found 1 models
      ✅ Added models for DEBRA H MORGAN CO

   🔍 Fetching models for DEBRIS SYSTEMS PLUS...
      Found 1 models
      ✅ Added models for DEBRIS SYSTEMS PLUS

   🔍 Fetching models for DECATUR...
      Found 3 models
      ✅ Added models for DECATUR

   🔍 Fetching models for DECATUR ELECTRONICS...
      Found 2 models
      ✅ Added models for DECATUR ELECTRONICS

   🔍 Fetching models for DECATUR ELECTRONICS, LLC...
      Found 1 models
      ✅ Added models for DECATUR ELECTRONICS, LLC

   🔍 Fetching models for DAMERON...
      Found 1 models
      ✅ Added models for DAMERON

   🔍 Fetching models for DAMON...
      Found 2 models
      ✅ Added models for DAMON

   🔍 Fetching models for DAMON MOTORS...
      Found 1 models
      ✅ Added models for DAMON MOTORS

   🔍 Fetching models for DAN GURNEY ALLIGATOR MOTORCYCLES, INC....
Error fetching models for DAN GURNEY ALLIGATOR MOTORCYCLES, INC. from NHTSA vPIC: SyntaxError: Unexpected token '<', "<!DOCTYPE "... is not valid JSON
    at JSON.parse (<anonymous>)
    at parseJSONFromBytes (node:internal/deps/undici/undici:5419:19)
    at successSteps (node:internal/deps/undici/undici:5390:27)
    at fullyReadBody (node:internal/deps/undici/undici:1501:9)
    at process.processTicksAndRejections (node:internal/process/task_queues:95:5)
    at async specConsumeBody (node:internal/deps/undici/undici:5399:7)
    at Object.getModelsForMake (C:\Users\tfort\Desktop\Projects\the-pickard\src\lib\nhtsa-vpic-api.ts:78:18)
    at populateModels (C:\Users\tfort\Desktop\Projects\the-pickard\scripts\populate-vehicle-data.ts:175:22)
    at main (C:\Users\tfort\Desktop\Projects\the-pickard\scripts\populate-vehicle-data.ts:353:7)
      Found 0 models
      ✅ Added models for DAN GURNEY ALLIGATOR MOTORCYCLES, INC.

   🔍 Fetching models for DAN HUDON SALES, INC....
Error fetching models for DAN HUDON SALES, INC. from NHTSA vPIC: SyntaxError: Unexpected token '<', "<!DOCTYPE "... is not valid JSON
    at JSON.parse (<anonymous>)
    at parseJSONFromBytes (node:internal/deps/undici/undici:5419:19)
    at successSteps (node:internal/deps/undici/undici:5390:27)
    at fullyReadBody (node:internal/deps/undici/undici:1501:9)
    at process.processTicksAndRejections (node:internal/process/task_queues:95:5)
    at async specConsumeBody (node:internal/deps/undici/undici:5399:7)
    at Object.getModelsForMake (C:\Users\tfort\Desktop\Projects\the-pickard\src\lib\nhtsa-vpic-api.ts:78:18)
    at populateModels (C:\Users\tfort\Desktop\Projects\the-pickard\scripts\populate-vehicle-data.ts:175:22)
    at main (C:\Users\tfort\Desktop\Projects\the-pickard\scripts\populate-vehicle-data.ts:353:7)
      Found 0 models
      ✅ Added models for DAN HUDON SALES, INC.

   🔍 Fetching models for DAN'S GOLF CAR AND TRAILER SALES...
      Found 1 models
      ✅ Added models for DAN'S GOLF CAR AND TRAILER SALES

   🔍 Fetching models for DAN'S REPAIR & MFG....
Error fetching models for DAN'S REPAIR & MFG. from NHTSA vPIC: SyntaxError: Unexpected token '<', "<!DOCTYPE "... is not valid JSON
    at JSON.parse (<anonymous>)
    at parseJSONFromBytes (node:internal/deps/undici/undici:5419:19)
    at successSteps (node:internal/deps/undici/undici:5390:27)
    at fullyReadBody (node:internal/deps/undici/undici:1501:9)
    at process.processTicksAndRejections (node:internal/process/task_queues:95:5)
    at async specConsumeBody (node:internal/deps/undici/undici:5399:7)
    at Object.getModelsForMake (C:\Users\tfort\Desktop\Projects\the-pickard\src\lib\nhtsa-vpic-api.ts:78:18)
    at populateModels (C:\Users\tfort\Desktop\Projects\the-pickard\scripts\populate-vehicle-data.ts:175:22)
    at main (C:\Users\tfort\Desktop\Projects\the-pickard\scripts\populate-vehicle-data.ts:353:7)
      Found 0 models
      ✅ Added models for DAN'S REPAIR & MFG.

   🔍 Fetching models for DANCO...
      Found 4 models
      ✅ Added models for DANCO

   🔍 Fetching models for DANCO PRODUCTS...
      Found 1 models
      ✅ Added models for DANCO PRODUCTS

   🔍 Fetching models for DANCO TRAILER SALES...
      Found 1 models
      ✅ Added models for DANCO TRAILER SALES

   🔍 Fetching models for DANDEA ENTERPRISES, INC....
Error fetching models for DANDEA ENTERPRISES, INC. from NHTSA vPIC: SyntaxError: Unexpected token '<', "<!DOCTYPE "... is not valid JSON
    at JSON.parse (<anonymous>)
    at parseJSONFromBytes (node:internal/deps/undici/undici:5419:19)
    at successSteps (node:internal/deps/undici/undici:5390:27)
    at fullyReadBody (node:internal/deps/undici/undici:1501:9)
    at process.processTicksAndRejections (node:internal/process/task_queues:95:5)
    at async specConsumeBody (node:internal/deps/undici/undici:5399:7)
    at Object.getModelsForMake (C:\Users\tfort\Desktop\Projects\the-pickard\src\lib\nhtsa-vpic-api.ts:78:18)
    at populateModels (C:\Users\tfort\Desktop\Projects\the-pickard\scripts\populate-vehicle-data.ts:175:22)
    at main (C:\Users\tfort\Desktop\Projects\the-pickard\scripts\populate-vehicle-data.ts:353:7)
      Found 0 models
      ✅ Added models for DANDEA ENTERPRISES, INC.

   🔍 Fetching models for DANDY DIGGER & SUPPLY, INC....
Error fetching models for DANDY DIGGER & SUPPLY, INC. from NHTSA vPIC: SyntaxError: Unexpected token '<', "<!DOCTYPE "... is not valid JSON
    at JSON.parse (<anonymous>)
    at parseJSONFromBytes (node:internal/deps/undici/undici:5419:19)
    at successSteps (node:internal/deps/undici/undici:5390:27)
    at fullyReadBody (node:internal/deps/undici/undici:1501:9)
    at process.processTicksAndRejections (node:internal/process/task_queues:95:5)
    at async specConsumeBody (node:internal/deps/undici/undici:5399:7)
    at Object.getModelsForMake (C:\Users\tfort\Desktop\Projects\the-pickard\src\lib\nhtsa-vpic-api.ts:78:18)
    at populateModels (C:\Users\tfort\Desktop\Projects\the-pickard\scripts\populate-vehicle-data.ts:175:22)
    at main (C:\Users\tfort\Desktop\Projects\the-pickard\scripts\populate-vehicle-data.ts:353:7)
      Found 0 models
      ✅ Added models for DANDY DIGGER & SUPPLY, INC.

   🔍 Fetching models for DANIEL B. SHIRK WELDING SHOP...
Error fetching models for DANIEL B. SHIRK WELDING SHOP from NHTSA vPIC: SyntaxError: Unexpected token '<', "<!DOCTYPE "... is not valid JSON
    at JSON.parse (<anonymous>)
    at parseJSONFromBytes (node:internal/deps/undici/undici:5419:19)
    at successSteps (node:internal/deps/undici/undici:5390:27)
    at fullyReadBody (node:internal/deps/undici/undici:1501:9)
    at process.processTicksAndRejections (node:internal/process/task_queues:95:5)
    at async specConsumeBody (node:internal/deps/undici/undici:5399:7)
    at Object.getModelsForMake (C:\Users\tfort\Desktop\Projects\the-pickard\src\lib\nhtsa-vpic-api.ts:78:18)
    at populateModels (C:\Users\tfort\Desktop\Projects\the-pickard\scripts\populate-vehicle-data.ts:175:22)
    at main (C:\Users\tfort\Desktop\Projects\the-pickard\scripts\populate-vehicle-data.ts:353:7)
      Found 0 models
      ✅ Added models for DANIEL B. SHIRK WELDING SHOP

   🔍 Fetching models for DANIEL J. ESSENPREIS MFG....
Error fetching models for DANIEL J. ESSENPREIS MFG. from NHTSA vPIC: SyntaxError: Unexpected token '<', "<!DOCTYPE "... is not valid JSON
    at JSON.parse (<anonymous>)
    at parseJSONFromBytes (node:internal/deps/undici/undici:5419:19)
    at successSteps (node:internal/deps/undici/undici:5390:27)
    at fullyReadBody (node:internal/deps/undici/undici:1501:9)
    at process.processTicksAndRejections (node:internal/process/task_queues:95:5)
    at async specConsumeBody (node:internal/deps/undici/undici:5399:7)
    at Object.getModelsForMake (C:\Users\tfort\Desktop\Projects\the-pickard\src\lib\nhtsa-vpic-api.ts:78:18)
    at populateModels (C:\Users\tfort\Desktop\Projects\the-pickard\scripts\populate-vehicle-data.ts:175:22)
    at main (C:\Users\tfort\Desktop\Projects\the-pickard\scripts\populate-vehicle-data.ts:353:7)
      Found 0 models
      ✅ Added models for DANIEL J. ESSENPREIS MFG.

   🔍 Fetching models for DANIEL LOHR...
      Found 1 models
      ✅ Added models for DANIEL LOHR

   🔍 Fetching models for DANIEL MFG INC....
Error fetching models for DANIEL MFG INC. from NHTSA vPIC: SyntaxError: Unexpected token '<', "<!DOCTYPE "... is not valid JSON
    at JSON.parse (<anonymous>)
    at parseJSONFromBytes (node:internal/deps/undici/undici:5419:19)
    at successSteps (node:internal/deps/undici/undici:5390:27)
    at fullyReadBody (node:internal/deps/undici/undici:1501:9)
    at process.processTicksAndRejections (node:internal/process/task_queues:95:5)
    at async specConsumeBody (node:internal/deps/undici/undici:5399:7)
    at Object.getModelsForMake (C:\Users\tfort\Desktop\Projects\the-pickard\src\lib\nhtsa-vpic-api.ts:78:18)
    at populateModels (C:\Users\tfort\Desktop\Projects\the-pickard\scripts\populate-vehicle-data.ts:175:22)
    at main (C:\Users\tfort\Desktop\Projects\the-pickard\scripts\populate-vehicle-data.ts:353:7)
      Found 0 models
      ✅ Added models for DANIEL MFG INC.

   🔍 Fetching models for DANIEL'S CERTIFIED WELDING INC....
Error fetching models for DANIEL'S CERTIFIED WELDING INC. from NHTSA vPIC: SyntaxError: Unexpected token '<', "<!DOCTYPE "... is not valid JSON
    at JSON.parse (<anonymous>)
    at parseJSONFromBytes (node:internal/deps/undici/undici:5419:19)
    at successSteps (node:internal/deps/undici/undici:5390:27)
    at fullyReadBody (node:internal/deps/undici/undici:1501:9)
    at process.processTicksAndRejections (node:internal/process/task_queues:95:5)
    at async specConsumeBody (node:internal/deps/undici/undici:5399:7)
    at Object.getModelsForMake (C:\Users\tfort\Desktop\Projects\the-pickard\src\lib\nhtsa-vpic-api.ts:78:18)
    at populateModels (C:\Users\tfort\Desktop\Projects\the-pickard\scripts\populate-vehicle-data.ts:175:22)
    at main (C:\Users\tfort\Desktop\Projects\the-pickard\scripts\populate-vehicle-data.ts:353:7)
      Found 0 models
      ✅ Added models for DANIEL'S CERTIFIED WELDING INC.

   🔍 Fetching models for DANKO EMERGENCY EQUIPMENT...
      Found 1 models
      ✅ Added models for DANKO EMERGENCY EQUIPMENT

   🔍 Fetching models for DANNY'S CUSTOM GOLF CARTS...
      Found 1 models
      ✅ Added models for DANNY'S CUSTOM GOLF CARTS

   🔍 Fetching models for DANRON ENTERPRISES...
      Found 1 models
      ✅ Added models for DANRON ENTERPRISES

   🔍 Fetching models for DANZER INDUSTRIES, INC...
      Found 1 models
      ✅ Added models for DANZER INDUSTRIES, INC

   🔍 Fetching models for DAPCO, INC....
Error fetching models for DAPCO, INC. from NHTSA vPIC: SyntaxError: Unexpected token '<', "<!DOCTYPE "... is not valid JSON
    at JSON.parse (<anonymous>)
    at parseJSONFromBytes (node:internal/deps/undici/undici:5419:19)
    at successSteps (node:internal/deps/undici/undici:5390:27)
    at fullyReadBody (node:internal/deps/undici/undici:1501:9)
    at process.processTicksAndRejections (node:internal/process/task_queues:95:5)
    at async specConsumeBody (node:internal/deps/undici/undici:5399:7)
    at Object.getModelsForMake (C:\Users\tfort\Desktop\Projects\the-pickard\src\lib\nhtsa-vpic-api.ts:78:18)
    at populateModels (C:\Users\tfort\Desktop\Projects\the-pickard\scripts\populate-vehicle-data.ts:175:22)
    at main (C:\Users\tfort\Desktop\Projects\the-pickard\scripts\populate-vehicle-data.ts:353:7)
      Found 0 models
      ✅ Added models for DAPCO, INC.

   🔍 Fetching models for DAST TANKS...
      Found 1 models
      ✅ Added models for DAST TANKS

   🔍 Fetching models for DAT TRAILERS...
      Found 2 models
      ✅ Added models for DAT TRAILERS

   🔍 Fetching models for DATA MFG....
Error fetching models for DATA MFG. from NHTSA vPIC: SyntaxError: Unexpected token '<', "<!DOCTYPE "... is not valid JSON
    at JSON.parse (<anonymous>)
    at parseJSONFromBytes (node:internal/deps/undici/undici:5419:19)
    at successSteps (node:internal/deps/undici/undici:5390:27)
    at fullyReadBody (node:internal/deps/undici/undici:1501:9)
    at process.processTicksAndRejections (node:internal/process/task_queues:95:5)
    at async specConsumeBody (node:internal/deps/undici/undici:5399:7)
    at Object.getModelsForMake (C:\Users\tfort\Desktop\Projects\the-pickard\src\lib\nhtsa-vpic-api.ts:78:18)
    at populateModels (C:\Users\tfort\Desktop\Projects\the-pickard\scripts\populate-vehicle-data.ts:175:22)
    at main (C:\Users\tfort\Desktop\Projects\the-pickard\scripts\populate-vehicle-data.ts:353:7)
      Found 0 models
      ✅ Added models for DATA MFG.

   🔍 Fetching models for DATSUN...
      Found 4 models
      ✅ Added models for DATSUN

   🔍 Fetching models for DAUGHTRY...
      Found 1 models
      ✅ Added models for DAUGHTRY

   🔍 Fetching models for DAUNTLESS MOTORS...
      Found 1 models
      ✅ Added models for DAUNTLESS MOTORS

   🔍 Fetching models for DAVCO...
      Found 1 models
      ✅ Added models for DAVCO

   🔍 Fetching models for DAVE FINN MOTORCYCLES...
      Found 1 models
      ✅ Added models for DAVE FINN MOTORCYCLES

   🔍 Fetching models for DAVE HANSON TRAILERS, INC...
      Found 1 models
      ✅ Added models for DAVE HANSON TRAILERS, INC

   🔍 Fetching models for DAVE MORGAN TRAILERS...
      Found 1 models
      ✅ Added models for DAVE MORGAN TRAILERS

   🔍 Fetching models for DAVE'S WELDING...
      Found 2 models
      ✅ Added models for DAVE'S WELDING

   🔍 Fetching models for DAVE'S WELDING SERVICE...
      Found 1 models
      ✅ Added models for DAVE'S WELDING SERVICE

   🔍 Fetching models for DAVES AUTO SALES...
      Found 4 models
      ✅ Added models for DAVES AUTO SALES

   🔍 Fetching models for DAVID BREWER IMPLEMENT INC....
Error fetching models for DAVID BREWER IMPLEMENT INC. from NHTSA vPIC: SyntaxError: Unexpected token '<', "<!DOCTYPE "... is not valid JSON
    at JSON.parse (<anonymous>)
    at parseJSONFromBytes (node:internal/deps/undici/undici:5419:19)
    at successSteps (node:internal/deps/undici/undici:5390:27)
    at fullyReadBody (node:internal/deps/undici/undici:1501:9)
    at process.processTicksAndRejections (node:internal/process/task_queues:95:5)
    at async specConsumeBody (node:internal/deps/undici/undici:5399:7)
    at Object.getModelsForMake (C:\Users\tfort\Desktop\Projects\the-pickard\src\lib\nhtsa-vpic-api.ts:78:18)
    at populateModels (C:\Users\tfort\Desktop\Projects\the-pickard\scripts\populate-vehicle-data.ts:175:22)
    at main (C:\Users\tfort\Desktop\Projects\the-pickard\scripts\populate-vehicle-data.ts:353:7)
      Found 0 models
      ✅ Added models for DAVID BREWER IMPLEMENT INC.

   🔍 Fetching models for DAVIDSON ENTERPRISES INC...
      Found 1 models
      ✅ Added models for DAVIDSON ENTERPRISES INC

   🔍 Fetching models for DAVIDSON TRAILERS, LLC...
      Found 1 models
      ✅ Added models for DAVIDSON TRAILERS, LLC

   🔍 Fetching models for DAVINCI...
      Found 3 models
      ✅ Added models for DAVINCI

   🔍 Fetching models for DAVIS INDUSTRIAL TRAILERS...
      Found 1 models
      ✅ Added models for DAVIS INDUSTRIAL TRAILERS

   🔍 Fetching models for DAVIS INDUSTRIES...
      Found 1 models
      ✅ Added models for DAVIS INDUSTRIES

   🔍 Fetching models for DAVIS MANUFACTURING LLC...
      Found 1 models
      ✅ Added models for DAVIS MANUFACTURING LLC

   🔍 Fetching models for DAVIS METAL WORKS...
      Found 1 models
      ✅ Added models for DAVIS METAL WORKS

   🔍 Fetching models for DAVIS TRAILER SALES...
      Found 1 models
      ✅ Added models for DAVIS TRAILER SALES

   🔍 Fetching models for DAVIS TRAILER WORLD LLC...
      Found 1 models
      ✅ Added models for DAVIS TRAILER WORLD LLC

   🔍 Fetching models for DAYTRIPPER...
      Found 1 models
      ✅ Added models for DAYTRIPPER

   🔍 Fetching models for DAZON ( ARIZONA) INC DBA DZ MOTORCYLE RENTALS...
      Found 1 models
      ✅ Added models for DAZON ( ARIZONA) INC DBA DZ MOTORCYLE RENTALS

   🔍 Fetching models for DB INDUSTRIES,INC...
      Found 1 models
      ✅ Added models for DB INDUSTRIES,INC

   🔍 Fetching models for DB TRAILERS...
      Found 1 models
      ✅ Added models for DB TRAILERS

   🔍 Fetching models for DBAT TRAILER SALES & SERVICE...
      Found 1 models
      ✅ Added models for DBAT TRAILER SALES & SERVICE

   🔍 Fetching models for DBR SYSTEMS LLC...
      Found 1 models
      ✅ Added models for DBR SYSTEMS LLC

   🔍 Fetching models for DBT DESIGNS, LLC....
Error fetching models for DBT DESIGNS, LLC. from NHTSA vPIC: SyntaxError: Unexpected token '<', "<!DOCTYPE "... is not valid JSON
    at JSON.parse (<anonymous>)
    at parseJSONFromBytes (node:internal/deps/undici/undici:5419:19)
    at successSteps (node:internal/deps/undici/undici:5390:27)
    at fullyReadBody (node:internal/deps/undici/undici:1501:9)
    at process.processTicksAndRejections (node:internal/process/task_queues:95:5)
    at async specConsumeBody (node:internal/deps/undici/undici:5399:7)
    at Object.getModelsForMake (C:\Users\tfort\Desktop\Projects\the-pickard\src\lib\nhtsa-vpic-api.ts:78:18)
    at populateModels (C:\Users\tfort\Desktop\Projects\the-pickard\scripts\populate-vehicle-data.ts:175:22)
    at main (C:\Users\tfort\Desktop\Projects\the-pickard\scripts\populate-vehicle-data.ts:353:7)
      Found 0 models
      ✅ Added models for DBT DESIGNS, LLC.

   🔍 Fetching models for DC WELD INC. DBA DCW CUSTOMS TRAILERS...
Error fetching models for DC WELD INC. DBA DCW CUSTOMS TRAILERS from NHTSA vPIC: SyntaxError: Unexpected token '<', "<!DOCTYPE "... is not valid JSON
    at JSON.parse (<anonymous>)
    at parseJSONFromBytes (node:internal/deps/undici/undici:5419:19)
    at successSteps (node:internal/deps/undici/undici:5390:27)
    at fullyReadBody (node:internal/deps/undici/undici:1501:9)
    at process.processTicksAndRejections (node:internal/process/task_queues:95:5)
    at async specConsumeBody (node:internal/deps/undici/undici:5399:7)
    at Object.getModelsForMake (C:\Users\tfort\Desktop\Projects\the-pickard\src\lib\nhtsa-vpic-api.ts:78:18)
    at populateModels (C:\Users\tfort\Desktop\Projects\the-pickard\scripts\populate-vehicle-data.ts:175:22)
    at main (C:\Users\tfort\Desktop\Projects\the-pickard\scripts\populate-vehicle-data.ts:353:7)
      Found 0 models
      ✅ Added models for DC WELD INC. DBA DCW CUSTOMS TRAILERS

   🔍 Fetching models for DD CUSTOM CYCLE LLC...
      Found 1 models
      ✅ Added models for DD CUSTOM CYCLE LLC

   🔍 Fetching models for DDI...
      Found 11 models
      ✅ Added models for DDI

   🔍 Fetching models for DEAD ON FAB...
      Found 1 models
      ✅ Added models for DEAD ON FAB

   🔍 Fetching models for DEADEYE WELDING AND FABRICATION...
      Found 1 models
      ✅ Added models for DEADEYE WELDING AND FABRICATION

   🔍 Fetching models for DEALERS CHOICE LLC...
      Found 1 models
      ✅ Added models for DEALERS CHOICE LLC

   🔍 Fetching models for DEANO MOTORCYCLE COMPANY...
      Found 1 models
      ✅ Added models for DEANO MOTORCYCLE COMPANY

   🔍 Fetching models for DEATH ROW MOTORCYCLES, LLC...
      Found 1 models
      ✅ Added models for DEATH ROW MOTORCYCLES, LLC

   🔍 Fetching models for DEBNAM...
      Found 1 models
      ✅ Added models for DEBNAM

   🔍 Fetching models for DEFIANCE...
      Found 1 models
      ✅ Added models for DEFIANCE

   🔍 Fetching models for DEJANA TRUCK AND UTILITY EQUIPMENT...
      Found 1 models
      ✅ Added models for DEJANA TRUCK AND UTILITY EQUIPMENT

   🔍 Fetching models for DEL MAR TRAILERS...
      Found 1 models
      ✅ Added models for DEL MAR TRAILERS

   🔍 Fetching models for DEL-VAL...
      Found 0 models
      ✅ Added models for DEL-VAL

   🔍 Fetching models for DELAWARE AMERICAN MOTORS LLC...
      Found 1 models
      ✅ Added models for DELAWARE AMERICAN MOTORS LLC

   🔍 Fetching models for DELAWARE VALLEY CYCLE...
      Found 1 models
      ✅ Added models for DELAWARE VALLEY CYCLE

   🔍 Fetching models for DELTA WASECA MINI...
      Found 1 models
      ✅ Added models for DELTA WASECA MINI

   🔍 Fetching models for DELUCIO USA...
      Found 1 models
      ✅ Added models for DELUCIO USA

   🔍 Fetching models for DELUXE BUMPER WORKS...
      Found 1 models
      ✅ Added models for DELUXE BUMPER WORKS

   🔍 Fetching models for DELUXE WELDING INC....
Error fetching models for DELUXE WELDING INC. from NHTSA vPIC: SyntaxError: Unexpected token '<', "<!DOCTYPE "... is not valid JSON
    at JSON.parse (<anonymous>)
    at parseJSONFromBytes (node:internal/deps/undici/undici:5419:19)
    at successSteps (node:internal/deps/undici/undici:5390:27)
    at fullyReadBody (node:internal/deps/undici/undici:1501:9)
    at process.processTicksAndRejections (node:internal/process/task_queues:95:5)
    at async specConsumeBody (node:internal/deps/undici/undici:5399:7)
    at Object.getModelsForMake (C:\Users\tfort\Desktop\Projects\the-pickard\src\lib\nhtsa-vpic-api.ts:78:18)
    at populateModels (C:\Users\tfort\Desktop\Projects\the-pickard\scripts\populate-vehicle-data.ts:175:22)
    at main (C:\Users\tfort\Desktop\Projects\the-pickard\scripts\populate-vehicle-data.ts:353:7)
      Found 0 models
      ✅ Added models for DELUXE WELDING INC.

   🔍 Fetching models for DEMENTED CYCLES...
      Found 1 models
      ✅ Added models for DEMENTED CYCLES

   🔍 Fetching models for DEMI...
      Found 2 models
      ✅ Added models for DEMI

   🔍 Fetching models for DEMON MOTORCYCLE COMPANY...
      Found 1 models
      ✅ Added models for DEMON MOTORCYCLE COMPANY

   🔍 Fetching models for DEMONS CYCLE...
      Found 1 models
      ✅ Added models for DEMONS CYCLE

   🔍 Fetching models for DEMOUNTABLE CONCEPTS...
      Found 1 models
      ✅ Added models for DEMOUNTABLE CONCEPTS

   🔍 Fetching models for DEMPSTER INDUSTRIES INC...
      Found 1 models
      ✅ Added models for DEMPSTER INDUSTRIES INC

   🔍 Fetching models for DEMPSTER SYSTEMS WESTERN DIV....
Error fetching models for DEMPSTER SYSTEMS WESTERN DIV. from NHTSA vPIC: SyntaxError: Unexpected token '<', "<!DOCTYPE "... is not valid JSON
    at JSON.parse (<anonymous>)
    at parseJSONFromBytes (node:internal/deps/undici/undici:5419:19)
    at successSteps (node:internal/deps/undici/undici:5390:27)
    at fullyReadBody (node:internal/deps/undici/undici:1501:9)
    at process.processTicksAndRejections (node:internal/process/task_queues:95:5)
    at async specConsumeBody (node:internal/deps/undici/undici:5399:7)
    at Object.getModelsForMake (C:\Users\tfort\Desktop\Projects\the-pickard\src\lib\nhtsa-vpic-api.ts:78:18)
    at populateModels (C:\Users\tfort\Desktop\Projects\the-pickard\scripts\populate-vehicle-data.ts:175:22)
    at main (C:\Users\tfort\Desktop\Projects\the-pickard\scripts\populate-vehicle-data.ts:353:7)
      Found 0 models
      ✅ Added models for DEMPSTER SYSTEMS WESTERN DIV.

   🔍 Fetching models for DEMUMBREUM WELDING SHOP...
      Found 1 models
      ✅ Added models for DEMUMBREUM WELDING SHOP

   🔍 Fetching models for DENAGO...
      Found 19 models
      ✅ Added models for DENAGO

   🔍 Fetching models for DESERT CUSTOM TRAILERS, LLC...
      Found 1 models
      ✅ Added models for DESERT CUSTOM TRAILERS, LLC

   🔍 Fetching models for DESIGN CONCEPTS MANUFACTURING...
      Found 1 models
      ✅ Added models for DESIGN CONCEPTS MANUFACTURING

   🔍 Fetching models for DESIGN HOME...
      Found 2 models
      ✅ Added models for DESIGN HOME

   🔍 Fetching models for DESIGN SOLUTION CONCESSION INC....
Error fetching models for DESIGN SOLUTION CONCESSION INC. from NHTSA vPIC: SyntaxError: Unexpected token '<', "<!DOCTYPE "... is not valid JSON
    at JSON.parse (<anonymous>)
    at parseJSONFromBytes (node:internal/deps/undici/undici:5419:19)
    at successSteps (node:internal/deps/undici/undici:5390:27)
    at fullyReadBody (node:internal/deps/undici/undici:1501:9)
    at process.processTicksAndRejections (node:internal/process/task_queues:95:5)
    at async specConsumeBody (node:internal/deps/undici/undici:5399:7)
    at Object.getModelsForMake (C:\Users\tfort\Desktop\Projects\the-pickard\src\lib\nhtsa-vpic-api.ts:78:18)
    at populateModels (C:\Users\tfort\Desktop\Projects\the-pickard\scripts\populate-vehicle-data.ts:175:22)
    at main (C:\Users\tfort\Desktop\Projects\the-pickard\scripts\populate-vehicle-data.ts:353:7)
      Found 0 models
      ✅ Added models for DESIGN SOLUTION CONCESSION INC.

   🔍 Fetching models for DESIGN WORX...
      Found 1 models
      ✅ Added models for DESIGN WORX

   🔍 Fetching models for DESIGNLINE...
      Found 5 models
      ✅ Added models for DESIGNLINE

   🔍 Fetching models for DESIGNLINE INTERNATIONAL HOLDINGS...
      Found 1 models
      ✅ Added models for DESIGNLINE INTERNATIONAL HOLDINGS

   🔍 Fetching models for DESIGNLINE USA...
      Found 1 models
      ✅ Added models for DESIGNLINE USA

   🔍 Fetching models for DESOTO MOTORS...
      Found 4 models
      ✅ Added models for DESOTO MOTORS

   🔍 Fetching models for DESPERADO...
      Found 19 models
      ✅ Added models for DESPERADO

   🔍 Fetching models for DESSCO...
      Found 1 models
      ✅ Added models for DESSCO

   🔍 Fetching models for DESTINY...
      Found 0 models
      ✅ Added models for DESTINY

   🔍 Fetching models for DETECT...
      Found 2 models
      ✅ Added models for DETECT

   🔍 Fetching models for DETERMAN WELDING & TANK SERVICE, INC....
Error fetching models for DETERMAN WELDING & TANK SERVICE, INC. from NHTSA vPIC: SyntaxError: Unexpected token '<', "<!DOCTYPE "... is not valid JSON
    at JSON.parse (<anonymous>)
    at parseJSONFromBytes (node:internal/deps/undici/undici:5419:19)
    at successSteps (node:internal/deps/undici/undici:5390:27)
    at fullyReadBody (node:internal/deps/undici/undici:1501:9)
    at process.processTicksAndRejections (node:internal/process/task_queues:95:5)
    at async specConsumeBody (node:internal/deps/undici/undici:5399:7)
    at Object.getModelsForMake (C:\Users\tfort\Desktop\Projects\the-pickard\src\lib\nhtsa-vpic-api.ts:78:18)
    at populateModels (C:\Users\tfort\Desktop\Projects\the-pickard\scripts\populate-vehicle-data.ts:175:22)
    at main (C:\Users\tfort\Desktop\Projects\the-pickard\scripts\populate-vehicle-data.ts:353:7)
      Found 0 models
      ✅ Added models for DETERMAN WELDING & TANK SERVICE, INC.

   🔍 Fetching models for DETROIT BROS....
Error fetching models for DETROIT BROS. from NHTSA vPIC: SyntaxError: Unexpected token '<', "<!DOCTYPE "... is not valid JSON
    at JSON.parse (<anonymous>)
    at parseJSONFromBytes (node:internal/deps/undici/undici:5419:19)
    at successSteps (node:internal/deps/undici/undici:5390:27)
    at fullyReadBody (node:internal/deps/undici/undici:1501:9)
    at process.processTicksAndRejections (node:internal/process/task_queues:95:5)
    at async specConsumeBody (node:internal/deps/undici/undici:5399:7)
    at Object.getModelsForMake (C:\Users\tfort\Desktop\Projects\the-pickard\src\lib\nhtsa-vpic-api.ts:78:18)
    at populateModels (C:\Users\tfort\Desktop\Projects\the-pickard\scripts\populate-vehicle-data.ts:175:22)
    at main (C:\Users\tfort\Desktop\Projects\the-pickard\scripts\populate-vehicle-data.ts:353:7)
      Found 0 models
      ✅ Added models for DETROIT BROS.

   🔍 Fetching models for DECELESTE SA...
      Found 1 models
      ✅ Added models for DECELESTE SA

   🔍 Fetching models for DECK...
      Found 6 models
      ✅ Added models for DECK

   🔍 Fetching models for DECK OVER DOLLY...
      Found 1 models
      ✅ Added models for DECK OVER DOLLY

   🔍 Fetching models for DEECO TRAILERS...
      Found 1 models
      ✅ Added models for DEECO TRAILERS

   🔍 Fetching models for DEEP CREEK CARTS...
      Found 1 models
      ✅ Added models for DEEP CREEK CARTS

   🔍 Fetching models for DEEP SOUTH CARGO TRAILERS LLC...
      Found 1 models
      ✅ Added models for DEEP SOUTH CARGO TRAILERS LLC

   🔍 Fetching models for DEEP SOUTH CHOPPERS...
      Found 1 models
      ✅ Added models for DEEP SOUTH CHOPPERS

   🔍 Fetching models for DEERSKIN...
      Found 1 models
      ✅ Added models for DEERSKIN

   🔍 Fetching models for DELAVAN AUTOMOTIVE, LLC...
      Found 1 models
      ✅ Added models for DELAVAN AUTOMOTIVE, LLC

   🔍 Fetching models for DELAVAN INDUSTRIES, INC...
      Found 4 models
      ✅ Added models for DELAVAN INDUSTRIES, INC

   🔍 Fetching models for DELCO TRAILERS...
      Found 1 models
      ✅ Added models for DELCO TRAILERS

   🔍 Fetching models for DELIVERY CONCEPTS, INC....
Error fetching models for DELIVERY CONCEPTS, INC. from NHTSA vPIC: SyntaxError: Unexpected token '<', "<!DOCTYPE "... is not valid JSON
    at JSON.parse (<anonymous>)
    at parseJSONFromBytes (node:internal/deps/undici/undici:5419:19)
    at successSteps (node:internal/deps/undici/undici:5390:27)
    at fullyReadBody (node:internal/deps/undici/undici:1501:9)
    at process.processTicksAndRejections (node:internal/process/task_queues:95:5)
    at async specConsumeBody (node:internal/deps/undici/undici:5399:7)
    at Object.getModelsForMake (C:\Users\tfort\Desktop\Projects\the-pickard\src\lib\nhtsa-vpic-api.ts:78:18)
    at populateModels (C:\Users\tfort\Desktop\Projects\the-pickard\scripts\populate-vehicle-data.ts:175:22)
    at main (C:\Users\tfort\Desktop\Projects\the-pickard\scripts\populate-vehicle-data.ts:353:7)
      Found 0 models
      ✅ Added models for DELIVERY CONCEPTS, INC.

   🔍 Fetching models for DELL RAPIDS CUSTOM TRAILERS...
      Found 1 models
      ✅ Added models for DELL RAPIDS CUSTOM TRAILERS

   🔍 Fetching models for DELLA TERRA TRAILER...
      Found 1 models
      ✅ Added models for DELLA TERRA TRAILER

   🔍 Fetching models for DELOREAN...
      Found 1 models
      ✅ Added models for DELOREAN

   🔍 Fetching models for DELOUPE INC...
      Found 1 models
      ✅ Added models for DELOUPE INC

   🔍 Fetching models for DELTA MANUFACTURING, INC....
Error fetching models for DELTA MANUFACTURING, INC. from NHTSA vPIC: SyntaxError: Unexpected token '<', "<!DOCTYPE "... is not valid JSON
    at JSON.parse (<anonymous>)
    at parseJSONFromBytes (node:internal/deps/undici/undici:5419:19)
    at successSteps (node:internal/deps/undici/undici:5390:27)
    at fullyReadBody (node:internal/deps/undici/undici:1501:9)
    at process.processTicksAndRejections (node:internal/process/task_queues:95:5)
    at async specConsumeBody (node:internal/deps/undici/undici:5399:7)
    at Object.getModelsForMake (C:\Users\tfort\Desktop\Projects\the-pickard\src\lib\nhtsa-vpic-api.ts:78:18)
    at populateModels (C:\Users\tfort\Desktop\Projects\the-pickard\scripts\populate-vehicle-data.ts:175:22)
    at main (C:\Users\tfort\Desktop\Projects\the-pickard\scripts\populate-vehicle-data.ts:353:7)
      Found 0 models
      ✅ Added models for DELTA MANUFACTURING, INC.

   🔍 Fetching models for DELTA OILFIELD TANK CO....
Error fetching models for DELTA OILFIELD TANK CO. from NHTSA vPIC: SyntaxError: Unexpected token '<', "<!DOCTYPE "... is not valid JSON
    at JSON.parse (<anonymous>)
    at parseJSONFromBytes (node:internal/deps/undici/undici:5419:19)
    at successSteps (node:internal/deps/undici/undici:5390:27)
    at fullyReadBody (node:internal/deps/undici/undici:1501:9)
    at process.processTicksAndRejections (node:internal/process/task_queues:95:5)
    at async specConsumeBody (node:internal/deps/undici/undici:5399:7)
    at Object.getModelsForMake (C:\Users\tfort\Desktop\Projects\the-pickard\src\lib\nhtsa-vpic-api.ts:78:18)
    at populateModels (C:\Users\tfort\Desktop\Projects\the-pickard\scripts\populate-vehicle-data.ts:175:22)
    at main (C:\Users\tfort\Desktop\Projects\the-pickard\scripts\populate-vehicle-data.ts:353:7)
      Found 0 models
      ✅ Added models for DELTA OILFIELD TANK CO.

   🔍 Fetching models for DELTA SCIENTIFIC CORPORATION...
      Found 1 models
      ✅ Added models for DELTA SCIENTIFIC CORPORATION

   🔍 Fetching models for DENAGO EV...
      Found 6 models
      ✅ Added models for DENAGO EV

   🔍 Fetching models for DENAIR MANUFACTURING LLC...
      Found 1 models
      ✅ Added models for DENAIR MANUFACTURING LLC

   🔍 Fetching models for DENALI...
      Found 2 models
      ✅ Added models for DENALI

   🔍 Fetching models for DENARDIS MOTOCROSS FACTORY...
      Found 1 models
      ✅ Added models for DENARDIS MOTOCROSS FACTORY

   🔍 Fetching models for DENBESTE MANUFACTURING...
      Found 1 models
      ✅ Added models for DENBESTE MANUFACTURING

   🔍 Fetching models for DENNEY BROTHERS FABRICATION LLC...
      Found 1 models
      ✅ Added models for DENNEY BROTHERS FABRICATION LLC

   🔍 Fetching models for DENNIS...
      Found 11 models
      ✅ Added models for DENNIS

   🔍 Fetching models for DENNIS BOGGS WELDING WORKS...
      Found 1 models
      ✅ Added models for DENNIS BOGGS WELDING WORKS

   🔍 Fetching models for DENNIS EAGLE...
      Found 2 models
      ✅ Added models for DENNIS EAGLE

   🔍 Fetching models for DENTON...
      Found 3 models
      ✅ Added models for DENTON

   🔍 Fetching models for DENTON TRAILER CO....
Error fetching models for DENTON TRAILER CO. from NHTSA vPIC: SyntaxError: Unexpected token '<', "<!DOCTYPE "... is not valid JSON
    at JSON.parse (<anonymous>)
    at parseJSONFromBytes (node:internal/deps/undici/undici:5419:19)
    at successSteps (node:internal/deps/undici/undici:5390:27)
    at fullyReadBody (node:internal/deps/undici/undici:1501:9)
    at process.processTicksAndRejections (node:internal/process/task_queues:95:5)
    at async specConsumeBody (node:internal/deps/undici/undici:5399:7)
    at Object.getModelsForMake (C:\Users\tfort\Desktop\Projects\the-pickard\src\lib\nhtsa-vpic-api.ts:78:18)
    at populateModels (C:\Users\tfort\Desktop\Projects\the-pickard\scripts\populate-vehicle-data.ts:175:22)
    at main (C:\Users\tfort\Desktop\Projects\the-pickard\scripts\populate-vehicle-data.ts:353:7)
      Found 0 models
      ✅ Added models for DENTON TRAILER CO.

   🔍 Fetching models for DENTONI'S WELDING WORKS...
      Found 1 models
      ✅ Added models for DENTONI'S WELDING WORKS

   🔍 Fetching models for DENZEL...
      Found 15 models
      ✅ Added models for DENZEL

   🔍 Fetching models for DEPARTMENT STORE...
      Found 1 models
      ✅ Added models for DEPARTMENT STORE

   🔍 Fetching models for DEPENDABLE TRAILER...
      Found 1 models
      ✅ Added models for DEPENDABLE TRAILER

   🔍 Fetching models for DEPUY'S CUSTOM CYCLES...
      Found 1 models
      ✅ Added models for DEPUY'S CUSTOM CYCLES

   🔍 Fetching models for DERBI...
      Found 8 models
      ✅ Added models for DERBI

   🔍 Fetching models for DERSTINE TRAILER WORKS, LLC...
      Found 1 models
      ✅ Added models for DERSTINE TRAILER WORKS, LLC

   🔍 Fetching models for DESCO MFG....
Error fetching models for DESCO MFG. from NHTSA vPIC: SyntaxError: Unexpected token '<', "<!DOCTYPE "... is not valid JSON
    at JSON.parse (<anonymous>)
    at parseJSONFromBytes (node:internal/deps/undici/undici:5419:19)
    at successSteps (node:internal/deps/undici/undici:5390:27)
    at fullyReadBody (node:internal/deps/undici/undici:1501:9)
    at process.processTicksAndRejections (node:internal/process/task_queues:95:5)
    at async specConsumeBody (node:internal/deps/undici/undici:5399:7)
    at Object.getModelsForMake (C:\Users\tfort\Desktop\Projects\the-pickard\src\lib\nhtsa-vpic-api.ts:78:18)
    at populateModels (C:\Users\tfort\Desktop\Projects\the-pickard\scripts\populate-vehicle-data.ts:175:22)
    at main (C:\Users\tfort\Desktop\Projects\the-pickard\scripts\populate-vehicle-data.ts:353:7)
      Found 0 models
      ✅ Added models for DESCO MFG.

   🔍 Fetching models for DESERT POWER WAGON...
      Found 4 models
      ✅ Added models for DESERT POWER WAGON

   🔍 Fetching models for DESERT STAR...
      Found 1 models
      ✅ Added models for DESERT STAR

   🔍 Fetching models for DESERT SUN...
      Found 1 models
      ✅ Added models for DESERT SUN

   🔍 Fetching models for DESERT THUNDER CUSTOMS...
      Found 1 models
      ✅ Added models for DESERT THUNDER CUSTOMS

   🔍 Fetching models for DESERT TOYS RV...
      Found 1 models
      ✅ Added models for DESERT TOYS RV

   🔍 Fetching models for DESERT WOLF...
      Found 1 models
      ✅ Added models for DESERT WOLF

   🔍 Fetching models for DESIGN CONCEPTS...
      Found 2 models
      ✅ Added models for DESIGN CONCEPTS

   🔍 Fetching models for DG FABRICATION...
      Found 1 models
      ✅ Added models for DG FABRICATION

   🔍 Fetching models for DGC TRAILER MANUFACTURING...
      Found 1 models
      ✅ Added models for DGC TRAILER MANUFACTURING

   🔍 Fetching models for DH FARM EQUIPMENT/DH TRAILERS...
Error fetching models for DH FARM EQUIPMENT/DH TRAILERS from NHTSA vPIC: SyntaxError: Unexpected token '<', "<!DOCTYPE "... is not valid JSON
    at JSON.parse (<anonymous>)
    at parseJSONFromBytes (node:internal/deps/undici/undici:5419:19)
    at successSteps (node:internal/deps/undici/undici:5390:27)
    at fullyReadBody (node:internal/deps/undici/undici:1501:9)
    at process.processTicksAndRejections (node:internal/process/task_queues:95:5)
    at async specConsumeBody (node:internal/deps/undici/undici:5399:7)
    at Object.getModelsForMake (C:\Users\tfort\Desktop\Projects\the-pickard\src\lib\nhtsa-vpic-api.ts:78:18)
    at populateModels (C:\Users\tfort\Desktop\Projects\the-pickard\scripts\populate-vehicle-data.ts:175:22)
    at main (C:\Users\tfort\Desktop\Projects\the-pickard\scripts\populate-vehicle-data.ts:353:7)
      Found 0 models
      ✅ Added models for DH FARM EQUIPMENT/DH TRAILERS

   🔍 Fetching models for DIAMOND...
      Found 46 models
      ✅ Added models for DIAMOND

   🔍 Fetching models for DIAMOND B TRAILERWORKS...
      Found 1 models
      ✅ Added models for DIAMOND B TRAILERWORKS

   🔍 Fetching models for DIAMOND BOATS INC...
      Found 2 models
      ✅ Added models for DIAMOND BOATS INC

   🔍 Fetching models for DIAMOND C FARM EQUIPMENT...
      Found 1 models
      ✅ Added models for DIAMOND C FARM EQUIPMENT

   🔍 Fetching models for DIAMOND C TRAILER MFG....
Error fetching models for DIAMOND C TRAILER MFG. from NHTSA vPIC: SyntaxError: Unexpected token '<', "<!DOCTYPE "... is not valid JSON
    at JSON.parse (<anonymous>)
    at parseJSONFromBytes (node:internal/deps/undici/undici:5419:19)
    at successSteps (node:internal/deps/undici/undici:5390:27)
    at fullyReadBody (node:internal/deps/undici/undici:1501:9)
    at process.processTicksAndRejections (node:internal/process/task_queues:95:5)
    at async specConsumeBody (node:internal/deps/undici/undici:5399:7)
    at Object.getModelsForMake (C:\Users\tfort\Desktop\Projects\the-pickard\src\lib\nhtsa-vpic-api.ts:78:18)
    at populateModels (C:\Users\tfort\Desktop\Projects\the-pickard\scripts\populate-vehicle-data.ts:175:22)
    at main (C:\Users\tfort\Desktop\Projects\the-pickard\scripts\populate-vehicle-data.ts:353:7)
      Found 0 models
      ✅ Added models for DIAMOND C TRAILER MFG.

   🔍 Fetching models for DIAMOND CARGO...
      Found 1 models
      ✅ Added models for DIAMOND CARGO

   🔍 Fetching models for DIAMOND CITY TRAILER...
      Found 1 models
      ✅ Added models for DIAMOND CITY TRAILER

   🔍 Fetching models for DIAMOND COMPONENTS, INC....
Error fetching models for DIAMOND COMPONENTS, INC. from NHTSA vPIC: SyntaxError: Unexpected token '<', "<!DOCTYPE "... is not valid JSON
    at JSON.parse (<anonymous>)
    at parseJSONFromBytes (node:internal/deps/undici/undici:5419:19)
    at successSteps (node:internal/deps/undici/undici:5390:27)
    at fullyReadBody (node:internal/deps/undici/undici:1501:9)
    at process.processTicksAndRejections (node:internal/process/task_queues:95:5)
    at async specConsumeBody (node:internal/deps/undici/undici:5399:7)
    at Object.getModelsForMake (C:\Users\tfort\Desktop\Projects\the-pickard\src\lib\nhtsa-vpic-api.ts:78:18)
    at populateModels (C:\Users\tfort\Desktop\Projects\the-pickard\scripts\populate-vehicle-data.ts:175:22)
    at main (C:\Users\tfort\Desktop\Projects\the-pickard\scripts\populate-vehicle-data.ts:353:7)
      Found 0 models
      ✅ Added models for DIAMOND COMPONENTS, INC.

   🔍 Fetching models for DIAMOND CUT CARRIERS...
      Found 1 models
      ✅ Added models for DIAMOND CUT CARRIERS

   🔍 Fetching models for DIAMOND D TRAILER MFG...
      Found 1 models
      ✅ Added models for DIAMOND D TRAILER MFG

   🔍 Fetching models for DIAMOND E MANUFACTURING, LLC....
Error fetching models for DIAMOND E MANUFACTURING, LLC. from NHTSA vPIC: SyntaxError: Unexpected token '<', "<!DOCTYPE "... is not valid JSON
    at JSON.parse (<anonymous>)
    at parseJSONFromBytes (node:internal/deps/undici/undici:5419:19)
    at successSteps (node:internal/deps/undici/undici:5390:27)
    at fullyReadBody (node:internal/deps/undici/undici:1501:9)
    at process.processTicksAndRejections (node:internal/process/task_queues:95:5)
    at async specConsumeBody (node:internal/deps/undici/undici:5399:7)
    at Object.getModelsForMake (C:\Users\tfort\Desktop\Projects\the-pickard\src\lib\nhtsa-vpic-api.ts:78:18)
    at populateModels (C:\Users\tfort\Desktop\Projects\the-pickard\scripts\populate-vehicle-data.ts:175:22)
    at main (C:\Users\tfort\Desktop\Projects\the-pickard\scripts\populate-vehicle-data.ts:353:7)
      Found 0 models
      ✅ Added models for DIAMOND E MANUFACTURING, LLC.

   🔍 Fetching models for DIAMOND H SALES...
      Found 1 models
      ✅ Added models for DIAMOND H SALES

   🔍 Fetching models for DIAMOND HAWG MFG...
      Found 1 models
      ✅ Added models for DIAMOND HAWG MFG

   🔍 Fetching models for DIAMOND HEAVY VEHICLE SOLUTIONS...
      Found 3 models
      ✅ Added models for DIAMOND HEAVY VEHICLE SOLUTIONS

   🔍 Fetching models for DIAMOND K MANUFACTURING...
      Found 1 models
      ✅ Added models for DIAMOND K MANUFACTURING

   🔍 Fetching models for DIAMOND LINE CHASSIS LLC...
      Found 1 models
      ✅ Added models for DIAMOND LINE CHASSIS LLC

   🔍 Fetching models for DIAMOND MACHINING INC....
Error fetching models for DIAMOND MACHINING INC. from NHTSA vPIC: SyntaxError: Unexpected token '<', "<!DOCTYPE "... is not valid JSON
    at JSON.parse (<anonymous>)
    at parseJSONFromBytes (node:internal/deps/undici/undici:5419:19)
    at successSteps (node:internal/deps/undici/undici:5390:27)
    at fullyReadBody (node:internal/deps/undici/undici:1501:9)
    at process.processTicksAndRejections (node:internal/process/task_queues:95:5)
    at async specConsumeBody (node:internal/deps/undici/undici:5399:7)
    at Object.getModelsForMake (C:\Users\tfort\Desktop\Projects\the-pickard\src\lib\nhtsa-vpic-api.ts:78:18)
    at populateModels (C:\Users\tfort\Desktop\Projects\the-pickard\scripts\populate-vehicle-data.ts:175:22)
    at main (C:\Users\tfort\Desktop\Projects\the-pickard\scripts\populate-vehicle-data.ts:353:7)
      Found 0 models
      ✅ Added models for DIAMOND MACHINING INC.

   🔍 Fetching models for DIAMONDBACK TRAILERS, LLC....
Error fetching models for DIAMONDBACK TRAILERS, LLC. from NHTSA vPIC: SyntaxError: Unexpected token '<', "<!DOCTYPE "... is not valid JSON
    at JSON.parse (<anonymous>)
    at parseJSONFromBytes (node:internal/deps/undici/undici:5419:19)
    at successSteps (node:internal/deps/undici/undici:5390:27)
    at fullyReadBody (node:internal/deps/undici/undici:1501:9)
    at process.processTicksAndRejections (node:internal/process/task_queues:95:5)
    at async specConsumeBody (node:internal/deps/undici/undici:5399:7)
    at Object.getModelsForMake (C:\Users\tfort\Desktop\Projects\the-pickard\src\lib\nhtsa-vpic-api.ts:78:18)
    at populateModels (C:\Users\tfort\Desktop\Projects\the-pickard\scripts\populate-vehicle-data.ts:175:22)
    at main (C:\Users\tfort\Desktop\Projects\the-pickard\scripts\populate-vehicle-data.ts:353:7)
      Found 0 models
      ✅ Added models for DIAMONDBACK TRAILERS, LLC.

   🔍 Fetching models for DIMENSIONAL HOMES, INC....
Error fetching models for DIMENSIONAL HOMES, INC. from NHTSA vPIC: SyntaxError: Unexpected token '<', "<!DOCTYPE "... is not valid JSON
    at JSON.parse (<anonymous>)
    at parseJSONFromBytes (node:internal/deps/undici/undici:5419:19)
    at successSteps (node:internal/deps/undici/undici:5390:27)
    at fullyReadBody (node:internal/deps/undici/undici:1501:9)
    at process.processTicksAndRejections (node:internal/process/task_queues:95:5)
    at async specConsumeBody (node:internal/deps/undici/undici:5399:7)
    at Object.getModelsForMake (C:\Users\tfort\Desktop\Projects\the-pickard\src\lib\nhtsa-vpic-api.ts:78:18)
    at populateModels (C:\Users\tfort\Desktop\Projects\the-pickard\scripts\populate-vehicle-data.ts:175:22)
    at main (C:\Users\tfort\Desktop\Projects\the-pickard\scripts\populate-vehicle-data.ts:353:7)
      Found 0 models
      ✅ Added models for DIMENSIONAL HOMES, INC.

   🔍 Fetching models for DINA AUTOBUSES...
      Found 4 models
      ✅ Added models for DINA AUTOBUSES

   🔍 Fetching models for DINGYITOP...
      Found 12 models
      ✅ Added models for DINGYITOP

   🔍 Fetching models for DINO'S MANUFACTURING...
      Found 1 models
      ✅ Added models for DINO'S MANUFACTURING

   🔍 Fetching models for DIRECT SALES...
      Found 1 models
      ✅ Added models for DIRECT SALES

   🔍 Fetching models for DIRECT TRAILER...
      Found 2 models
      ✅ Added models for DIRECT TRAILER

   🔍 Fetching models for DIVERSIFIED SERVICE...
      Found 1 models
      ✅ Added models for DIVERSIFIED SERVICE

   🔍 Fetching models for DIVERSIFIED STORAGE SYSTEMS...
      Found 1 models
      ✅ Added models for DIVERSIFIED STORAGE SYSTEMS

   🔍 Fetching models for DIVERSIFIED TRUCK & TRAILER, INC...
      Found 1 models
      ✅ Added models for DIVERSIFIED TRUCK & TRAILER, INC

   🔍 Fetching models for DIW ENGINEERING & FABRICATION...
      Found 1 models
      ✅ Added models for DIW ENGINEERING & FABRICATION

   🔍 Fetching models for DIXIE CRAFT TRAILERS INC...
      Found 1 models
      ✅ Added models for DIXIE CRAFT TRAILERS INC

   🔍 Fetching models for DIXIE HITCH...
      Found 1 models
      ✅ Added models for DIXIE HITCH

   🔍 Fetching models for DIXON TRAILERS & FABRICATION, LLC...
      Found 1 models
      ✅ Added models for DIXON TRAILERS & FABRICATION, LLC

   🔍 Fetching models for DK...
      Found 8 models
      ✅ Added models for DK

   🔍 Fetching models for DKOI INC...
      Found 1 models
      ✅ Added models for DKOI INC

   🔍 Fetching models for DLC POWER DIESEL CORP....
Error fetching models for DLC POWER DIESEL CORP. from NHTSA vPIC: SyntaxError: Unexpected token '<', "<!DOCTYPE "... is not valid JSON
    at JSON.parse (<anonymous>)
    at parseJSONFromBytes (node:internal/deps/undici/undici:5419:19)
    at successSteps (node:internal/deps/undici/undici:5390:27)
    at fullyReadBody (node:internal/deps/undici/undici:1501:9)
    at process.processTicksAndRejections (node:internal/process/task_queues:95:5)
    at async specConsumeBody (node:internal/deps/undici/undici:5399:7)
    at Object.getModelsForMake (C:\Users\tfort\Desktop\Projects\the-pickard\src\lib\nhtsa-vpic-api.ts:78:18)
    at populateModels (C:\Users\tfort\Desktop\Projects\the-pickard\scripts\populate-vehicle-data.ts:175:22)
    at main (C:\Users\tfort\Desktop\Projects\the-pickard\scripts\populate-vehicle-data.ts:353:7)
      Found 0 models
      ✅ Added models for DLC POWER DIESEL CORP.

   🔍 Fetching models for DLM...
      Found 1 models
      ✅ Added models for DLM

   🔍 Fetching models for DLW PAYLESS TRANSMISSIONS...
      Found 2 models
      ✅ Added models for DLW PAYLESS TRANSMISSIONS

   🔍 Fetching models for DM...
      Found 101 models
      ✅ Added models for DM

   🔍 Fetching models for DMC FIVE STAR TRAILERS...
      Found 1 models
      ✅ Added models for DMC FIVE STAR TRAILERS

   🔍 Fetching models for DMC INC....
Error fetching models for DMC INC. from NHTSA vPIC: SyntaxError: Unexpected token '<', "<!DOCTYPE "... is not valid JSON
    at JSON.parse (<anonymous>)
    at parseJSONFromBytes (node:internal/deps/undici/undici:5419:19)
    at successSteps (node:internal/deps/undici/undici:5390:27)
    at fullyReadBody (node:internal/deps/undici/undici:1501:9)
    at process.processTicksAndRejections (node:internal/process/task_queues:95:5)
    at async specConsumeBody (node:internal/deps/undici/undici:5399:7)
    at Object.getModelsForMake (C:\Users\tfort\Desktop\Projects\the-pickard\src\lib\nhtsa-vpic-api.ts:78:18)
    at populateModels (C:\Users\tfort\Desktop\Projects\the-pickard\scripts\populate-vehicle-data.ts:175:22)
    at main (C:\Users\tfort\Desktop\Projects\the-pickard\scripts\populate-vehicle-data.ts:353:7)
      Found 0 models
      ✅ Added models for DMC INC.

   🔍 Fetching models for DMI (D.M.I) PIPE FABRICATION, LLC...
Error fetching models for DMI (D.M.I) PIPE FABRICATION, LLC from NHTSA vPIC: SyntaxError: Unexpected token '<', "<!DOCTYPE "... is not valid JSON
    at JSON.parse (<anonymous>)
    at parseJSONFromBytes (node:internal/deps/undici/undici:5419:19)
    at successSteps (node:internal/deps/undici/undici:5390:27)
    at fullyReadBody (node:internal/deps/undici/undici:1501:9)
    at process.processTicksAndRejections (node:internal/process/task_queues:95:5)
    at async specConsumeBody (node:internal/deps/undici/undici:5399:7)
    at Object.getModelsForMake (C:\Users\tfort\Desktop\Projects\the-pickard\src\lib\nhtsa-vpic-api.ts:78:18)
    at populateModels (C:\Users\tfort\Desktop\Projects\the-pickard\scripts\populate-vehicle-data.ts:175:22)
    at main (C:\Users\tfort\Desktop\Projects\the-pickard\scripts\populate-vehicle-data.ts:353:7)
      Found 0 models
      ✅ Added models for DMI (D.M.I) PIPE FABRICATION, LLC

   🔍 Fetching models for DMP AWNINGS...
      Found 1 models
      ✅ Added models for DMP AWNINGS

   🔍 Fetching models for DMP TRAILERS...
      Found 1 models
      ✅ Added models for DMP TRAILERS

   🔍 Fetching models for DNA ENTERPRISES INC...
      Found 1 models
      ✅ Added models for DNA ENTERPRISES INC

   🔍 Fetching models for DNA SPECIALTY...
      Found 1 models
      ✅ Added models for DNA SPECIALTY

   🔍 Fetching models for DNM TEARDROP TRAILERS...
      Found 1 models
      ✅ Added models for DNM TEARDROP TRAILERS

   🔍 Fetching models for DOLEGA TRAILERS...
      Found 1 models
      ✅ Added models for DOLEGA TRAILERS

   🔍 Fetching models for DOMANI...
      Found 1 models
      ✅ Added models for DOMANI

   🔍 Fetching models for DETROIT CUSTOM CHASSIS...
      Found 1 models
      ✅ Added models for DETROIT CUSTOM CHASSIS

   🔍 Fetching models for DETROIT TOOL INC....
Error fetching models for DETROIT TOOL INC. from NHTSA vPIC: SyntaxError: Unexpected token '<', "<!DOCTYPE "... is not valid JSON
    at JSON.parse (<anonymous>)
    at parseJSONFromBytes (node:internal/deps/undici/undici:5419:19)
    at successSteps (node:internal/deps/undici/undici:5390:27)
    at fullyReadBody (node:internal/deps/undici/undici:1501:9)
    at process.processTicksAndRejections (node:internal/process/task_queues:95:5)
    at async specConsumeBody (node:internal/deps/undici/undici:5399:7)
    at Object.getModelsForMake (C:\Users\tfort\Desktop\Projects\the-pickard\src\lib\nhtsa-vpic-api.ts:78:18)
    at populateModels (C:\Users\tfort\Desktop\Projects\the-pickard\scripts\populate-vehicle-data.ts:175:22)
    at main (C:\Users\tfort\Desktop\Projects\the-pickard\scripts\populate-vehicle-data.ts:353:7)
      Found 0 models
      ✅ Added models for DETROIT TOOL INC.

   🔍 Fetching models for DEUS EX MACHINA...
      Found 3 models
      ✅ Added models for DEUS EX MACHINA

   🔍 Fetching models for DEVIANT DESIGN...
      Found 1 models
      ✅ Added models for DEVIANT DESIGN

   🔍 Fetching models for DEVIL DAWG CUSTOM CYCLES...
      Found 1 models
      ✅ Added models for DEVIL DAWG CUSTOM CYCLES

   🔍 Fetching models for DEVINE...
      Found 0 models
      ✅ Added models for DEVINE

   🔍 Fetching models for DEWALT UTILITY TRAILERS...
      Found 1 models
      ✅ Added models for DEWALT UTILITY TRAILERS

   🔍 Fetching models for DEX UNLIMITED INC...
      Found 1 models
      ✅ Added models for DEX UNLIMITED INC

   🔍 Fetching models for DFP...
      Found 1 models
      ✅ Added models for DFP

   🔍 Fetching models for DG MARSHALL...
      Found 1 models
      ✅ Added models for DG MARSHALL

   🔍 Fetching models for DHM TRAILERS...
      Found 1 models
      ✅ Added models for DHM TRAILERS

   🔍 Fetching models for DHS SYSTEMS...
      Found 1 models
      ✅ Added models for DHS SYSTEMS

   🔍 Fetching models for DI BLASI...
      Found 3 models
      ✅ Added models for DI BLASI

   🔍 Fetching models for DI BLASI OF AMERICA INC....
Error fetching models for DI BLASI OF AMERICA INC. from NHTSA vPIC: SyntaxError: Unexpected token '<', "<!DOCTYPE "... is not valid JSON
    at JSON.parse (<anonymous>)
    at parseJSONFromBytes (node:internal/deps/undici/undici:5419:19)
    at successSteps (node:internal/deps/undici/undici:5390:27)
    at fullyReadBody (node:internal/deps/undici/undici:1501:9)
    at process.processTicksAndRejections (node:internal/process/task_queues:95:5)
    at async specConsumeBody (node:internal/deps/undici/undici:5399:7)
    at Object.getModelsForMake (C:\Users\tfort\Desktop\Projects\the-pickard\src\lib\nhtsa-vpic-api.ts:78:18)
    at populateModels (C:\Users\tfort\Desktop\Projects\the-pickard\scripts\populate-vehicle-data.ts:175:22)
    at main (C:\Users\tfort\Desktop\Projects\the-pickard\scripts\populate-vehicle-data.ts:353:7)
      Found 0 models
      ✅ Added models for DI BLASI OF AMERICA INC.

   🔍 Fetching models for DI-MOND TRAILERS, INC....
Error fetching models for DI-MOND TRAILERS, INC. from NHTSA vPIC: SyntaxError: Unexpected token '<', "<!DOCTYPE "... is not valid JSON
    at JSON.parse (<anonymous>)
    at parseJSONFromBytes (node:internal/deps/undici/undici:5419:19)
    at successSteps (node:internal/deps/undici/undici:5390:27)
    at fullyReadBody (node:internal/deps/undici/undici:1501:9)
    at process.processTicksAndRejections (node:internal/process/task_queues:95:5)
    at async specConsumeBody (node:internal/deps/undici/undici:5399:7)
    at Object.getModelsForMake (C:\Users\tfort\Desktop\Projects\the-pickard\src\lib\nhtsa-vpic-api.ts:78:18)
    at populateModels (C:\Users\tfort\Desktop\Projects\the-pickard\scripts\populate-vehicle-data.ts:175:22)
    at main (C:\Users\tfort\Desktop\Projects\the-pickard\scripts\populate-vehicle-data.ts:353:7)
      Found 0 models
      ✅ Added models for DI-MOND TRAILERS, INC.

   🔍 Fetching models for DIABLO...
      Found 10 models
      ✅ Added models for DIABLO

   🔍 Fetching models for DIABLO PERFORMANCE...
      Found 1 models
      ✅ Added models for DIABLO PERFORMANCE

   🔍 Fetching models for DIAMO...
      Found 53 models
      ✅ Added models for DIAMO

   🔍 Fetching models for DIAMONBACK...
      Found 1 models
      ✅ Added models for DIAMONBACK

   🔍 Fetching models for DIAMOND REO...
      Found 10 models
      ✅ Added models for DIAMOND REO

   🔍 Fetching models for DIAMOND T TRAILERS INC....
Error fetching models for DIAMOND T TRAILERS INC. from NHTSA vPIC: SyntaxError: Unexpected token '<', "<!DOCTYPE "... is not valid JSON
    at JSON.parse (<anonymous>)
    at parseJSONFromBytes (node:internal/deps/undici/undici:5419:19)
    at successSteps (node:internal/deps/undici/undici:5390:27)
    at fullyReadBody (node:internal/deps/undici/undici:1501:9)
    at process.processTicksAndRejections (node:internal/process/task_queues:95:5)
    at async specConsumeBody (node:internal/deps/undici/undici:5399:7)
    at Object.getModelsForMake (C:\Users\tfort\Desktop\Projects\the-pickard\src\lib\nhtsa-vpic-api.ts:78:18)
    at populateModels (C:\Users\tfort\Desktop\Projects\the-pickard\scripts\populate-vehicle-data.ts:175:22)
    at main (C:\Users\tfort\Desktop\Projects\the-pickard\scripts\populate-vehicle-data.ts:353:7)
      Found 0 models
      ✅ Added models for DIAMOND T TRAILERS INC.

   🔍 Fetching models for DIAMOND T TRAILERS MFG. CO....
Error fetching models for DIAMOND T TRAILERS MFG. CO. from NHTSA vPIC: SyntaxError: Unexpected token '<', "<!DOCTYPE "... is not valid JSON
    at JSON.parse (<anonymous>)
    at parseJSONFromBytes (node:internal/deps/undici/undici:5419:19)
    at successSteps (node:internal/deps/undici/undici:5390:27)
    at fullyReadBody (node:internal/deps/undici/undici:1501:9)
    at process.processTicksAndRejections (node:internal/process/task_queues:95:5)
    at async specConsumeBody (node:internal/deps/undici/undici:5399:7)
    at Object.getModelsForMake (C:\Users\tfort\Desktop\Projects\the-pickard\src\lib\nhtsa-vpic-api.ts:78:18)
    at populateModels (C:\Users\tfort\Desktop\Projects\the-pickard\scripts\populate-vehicle-data.ts:175:22)
    at main (C:\Users\tfort\Desktop\Projects\the-pickard\scripts\populate-vehicle-data.ts:353:7)
      Found 0 models
      ✅ Added models for DIAMOND T TRAILERS MFG. CO.

   🔍 Fetching models for DIAMOND TRAILER MANUFACTURERS...
      Found 1 models
      ✅ Added models for DIAMOND TRAILER MANUFACTURERS

   🔍 Fetching models for DIAMOND TRAILERS DBA PROFECTION METALWORKS, INC....
Error fetching models for DIAMOND TRAILERS DBA PROFECTION METALWORKS, INC. from NHTSA vPIC: SyntaxError: Unexpected token '<', "<!DOCTYPE "... is not valid JSON
    at JSON.parse (<anonymous>)
    at parseJSONFromBytes (node:internal/deps/undici/undici:5419:19)
    at successSteps (node:internal/deps/undici/undici:5390:27)
    at fullyReadBody (node:internal/deps/undici/undici:1501:9)
    at process.processTicksAndRejections (node:internal/process/task_queues:95:5)
    at async specConsumeBody (node:internal/deps/undici/undici:5399:7)
    at Object.getModelsForMake (C:\Users\tfort\Desktop\Projects\the-pickard\src\lib\nhtsa-vpic-api.ts:78:18)
    at populateModels (C:\Users\tfort\Desktop\Projects\the-pickard\scripts\populate-vehicle-data.ts:175:22)
    at main (C:\Users\tfort\Desktop\Projects\the-pickard\scripts\populate-vehicle-data.ts:353:7)
      Found 0 models
      ✅ Added models for DIAMOND TRAILERS DBA PROFECTION METALWORKS, INC.

   🔍 Fetching models for DIAMOND Z TRAILER INC...
      Found 1 models
      ✅ Added models for DIAMOND Z TRAILER INC

   🔍 Fetching models for DIAMOND-K-MFG....
Error fetching models for DIAMOND-K-MFG. from NHTSA vPIC: SyntaxError: Unexpected token '<', "<!DOCTYPE "... is not valid JSON
    at JSON.parse (<anonymous>)
    at parseJSONFromBytes (node:internal/deps/undici/undici:5419:19)
    at successSteps (node:internal/deps/undici/undici:5390:27)
    at fullyReadBody (node:internal/deps/undici/undici:1501:9)
    at process.processTicksAndRejections (node:internal/process/task_queues:95:5)
    at async specConsumeBody (node:internal/deps/undici/undici:5399:7)
    at Object.getModelsForMake (C:\Users\tfort\Desktop\Projects\the-pickard\src\lib\nhtsa-vpic-api.ts:78:18)
    at populateModels (C:\Users\tfort\Desktop\Projects\the-pickard\scripts\populate-vehicle-data.ts:175:22)
    at main (C:\Users\tfort\Desktop\Projects\the-pickard\scripts\populate-vehicle-data.ts:353:7)
      Found 0 models
      ✅ Added models for DIAMOND-K-MFG.

   🔍 Fetching models for DIAMONDBACK...
      Found 6 models
      ✅ Added models for DIAMONDBACK

   🔍 Fetching models for DIAMONDBACK CHOPPERS LLC...
      Found 1 models
      ✅ Added models for DIAMONDBACK CHOPPERS LLC

   🔍 Fetching models for DIAMONDBACK TRAILER...
      Found 4 models
      ✅ Added models for DIAMONDBACK TRAILER

   🔍 Fetching models for DIAMONDBACK TRAILER MFG....
Error fetching models for DIAMONDBACK TRAILER MFG. from NHTSA vPIC: SyntaxError: Unexpected token '<', "<!DOCTYPE "... is not valid JSON
    at JSON.parse (<anonymous>)
    at parseJSONFromBytes (node:internal/deps/undici/undici:5419:19)
    at successSteps (node:internal/deps/undici/undici:5390:27)
    at fullyReadBody (node:internal/deps/undici/undici:1501:9)
    at process.processTicksAndRejections (node:internal/process/task_queues:95:5)
    at async specConsumeBody (node:internal/deps/undici/undici:5399:7)
    at Object.getModelsForMake (C:\Users\tfort\Desktop\Projects\the-pickard\src\lib\nhtsa-vpic-api.ts:78:18)
    at populateModels (C:\Users\tfort\Desktop\Projects\the-pickard\scripts\populate-vehicle-data.ts:175:22)
    at main (C:\Users\tfort\Desktop\Projects\the-pickard\scripts\populate-vehicle-data.ts:353:7)
      Found 0 models
      ✅ Added models for DIAMONDBACK TRAILER MFG.

   🔍 Fetching models for DIAMONDSTAR TRAILER INDUSTRIES, INC....
Error fetching models for DIAMONDSTAR TRAILER INDUSTRIES, INC. from NHTSA vPIC: SyntaxError: Unexpected token '<', "<!DOCTYPE "... is not valid JSON
    at JSON.parse (<anonymous>)
    at parseJSONFromBytes (node:internal/deps/undici/undici:5419:19)
    at successSteps (node:internal/deps/undici/undici:5390:27)
    at fullyReadBody (node:internal/deps/undici/undici:1501:9)
    at process.processTicksAndRejections (node:internal/process/task_queues:95:5)
    at async specConsumeBody (node:internal/deps/undici/undici:5399:7)
    at Object.getModelsForMake (C:\Users\tfort\Desktop\Projects\the-pickard\src\lib\nhtsa-vpic-api.ts:78:18)
    at populateModels (C:\Users\tfort\Desktop\Projects\the-pickard\scripts\populate-vehicle-data.ts:175:22)
    at main (C:\Users\tfort\Desktop\Projects\the-pickard\scripts\populate-vehicle-data.ts:353:7)
      Found 0 models
      ✅ Added models for DIAMONDSTAR TRAILER INDUSTRIES, INC.

   🔍 Fetching models for DICK'S WELDING, INC...
      Found 1 models
      ✅ Added models for DICK'S WELDING, INC

   🔍 Fetching models for DICKSON...
      Found 1 models
      ✅ Added models for DICKSON

   🔍 Fetching models for DICNOSA EQUIPMENT...
      Found 1 models
      ✅ Added models for DICNOSA EQUIPMENT

   🔍 Fetching models for DIEDRICH DRILL, INC....
Error fetching models for DIEDRICH DRILL, INC. from NHTSA vPIC: SyntaxError: Unexpected token '<', "<!DOCTYPE "... is not valid JSON
    at JSON.parse (<anonymous>)
    at parseJSONFromBytes (node:internal/deps/undici/undici:5419:19)
    at successSteps (node:internal/deps/undici/undici:5390:27)
    at fullyReadBody (node:internal/deps/undici/undici:1501:9)
    at process.processTicksAndRejections (node:internal/process/task_queues:95:5)
    at async specConsumeBody (node:internal/deps/undici/undici:5399:7)
    at Object.getModelsForMake (C:\Users\tfort\Desktop\Projects\the-pickard\src\lib\nhtsa-vpic-api.ts:78:18)
    at populateModels (C:\Users\tfort\Desktop\Projects\the-pickard\scripts\populate-vehicle-data.ts:175:22)
    at main (C:\Users\tfort\Desktop\Projects\the-pickard\scripts\populate-vehicle-data.ts:353:7)
      Found 0 models
      ✅ Added models for DIEDRICH DRILL, INC.

   🔍 Fetching models for DIGITAL DEFENSE SURVEILLANCE LLC...
      Found 1 models
      ✅ Added models for DIGITAL DEFENSE SURVEILLANCE LLC

   🔍 Fetching models for DIME...
      Found 35 models
      ✅ Added models for DIME

   🔍 Fetching models for DIMEN...
      Found 34 models
      ✅ Added models for DIMEN

   🔍 Fetching models for DIRT-A-HOLIC...
      Found 1 models
      ✅ Added models for DIRT-A-HOLIC

   🔍 Fetching models for DISASTER POWER & EQUIPMENT...
      Found 1 models
      ✅ Added models for DISASTER POWER & EQUIPMENT

   🔍 Fetching models for DISCOUNT DUMPS...
      Found 1 models
      ✅ Added models for DISCOUNT DUMPS

   🔍 Fetching models for DISCOUNT TRAILER MFG....
Error fetching models for DISCOUNT TRAILER MFG. from NHTSA vPIC: SyntaxError: Unexpected token '<', "<!DOCTYPE "... is not valid JSON
    at JSON.parse (<anonymous>)
    at parseJSONFromBytes (node:internal/deps/undici/undici:5419:19)
    at successSteps (node:internal/deps/undici/undici:5390:27)
    at fullyReadBody (node:internal/deps/undici/undici:1501:9)
    at process.processTicksAndRejections (node:internal/process/task_queues:95:5)
    at async specConsumeBody (node:internal/deps/undici/undici:5399:7)
    at Object.getModelsForMake (C:\Users\tfort\Desktop\Projects\the-pickard\src\lib\nhtsa-vpic-api.ts:78:18)
    at populateModels (C:\Users\tfort\Desktop\Projects\the-pickard\scripts\populate-vehicle-data.ts:175:22)
    at main (C:\Users\tfort\Desktop\Projects\the-pickard\scripts\populate-vehicle-data.ts:353:7)
      Found 0 models
      ✅ Added models for DISCOUNT TRAILER MFG.

   🔍 Fetching models for DISCOUNT TRAILERS USA LLC...
      Found 1 models
      ✅ Added models for DISCOUNT TRAILERS USA LLC

   🔍 Fetching models for DISCOVERY CARGO TRAILERS, INC....
Error fetching models for DISCOVERY CARGO TRAILERS, INC. from NHTSA vPIC: SyntaxError: Unexpected token '<', "<!DOCTYPE "... is not valid JSON
    at JSON.parse (<anonymous>)
    at parseJSONFromBytes (node:internal/deps/undici/undici:5419:19)
    at successSteps (node:internal/deps/undici/undici:5390:27)
    at fullyReadBody (node:internal/deps/undici/undici:1501:9)
    at process.processTicksAndRejections (node:internal/process/task_queues:95:5)
    at async specConsumeBody (node:internal/deps/undici/undici:5399:7)
    at Object.getModelsForMake (C:\Users\tfort\Desktop\Projects\the-pickard\src\lib\nhtsa-vpic-api.ts:78:18)
    at populateModels (C:\Users\tfort\Desktop\Projects\the-pickard\scripts\populate-vehicle-data.ts:175:22)
    at main (C:\Users\tfort\Desktop\Projects\the-pickard\scripts\populate-vehicle-data.ts:353:7)
      Found 0 models
      ✅ Added models for DISCOVERY CARGO TRAILERS, INC.

   🔍 Fetching models for DISCOVERY DESIGN...
      Found 1 models
      ✅ Added models for DISCOVERY DESIGN

   🔍 Fetching models for DISLER TRAILER, LLC...
      Found 1 models
      ✅ Added models for DISLER TRAILER, LLC

   🔍 Fetching models for DISPLAY COMPNAY DBA SPEEDCHECK...
      Found 1 models
      ✅ Added models for DISPLAY COMPNAY DBA SPEEDCHECK

   🔍 Fetching models for DISPLAY SOLUTIONS INC...
      Found 5 models
      ✅ Added models for DISPLAY SOLUTIONS INC

   🔍 Fetching models for DISTINCT BUILDERS, INC....
Error fetching models for DISTINCT BUILDERS, INC. from NHTSA vPIC: SyntaxError: Unexpected token '<', "<!DOCTYPE "... is not valid JSON
    at JSON.parse (<anonymous>)
    at parseJSONFromBytes (node:internal/deps/undici/undici:5419:19)
    at successSteps (node:internal/deps/undici/undici:5390:27)
    at fullyReadBody (node:internal/deps/undici/undici:1501:9)
    at process.processTicksAndRejections (node:internal/process/task_queues:95:5)
    at async specConsumeBody (node:internal/deps/undici/undici:5399:7)
    at Object.getModelsForMake (C:\Users\tfort\Desktop\Projects\the-pickard\src\lib\nhtsa-vpic-api.ts:78:18)
    at populateModels (C:\Users\tfort\Desktop\Projects\the-pickard\scripts\populate-vehicle-data.ts:175:22)
    at main (C:\Users\tfort\Desktop\Projects\the-pickard\scripts\populate-vehicle-data.ts:353:7)
      Found 0 models
      ✅ Added models for DISTINCT BUILDERS, INC.

   🔍 Fetching models for DITCH WITCH...
      Found 47 models
      ✅ Added models for DITCH WITCH

   🔍 Fetching models for DIVELY MFG. CO....
Error fetching models for DIVELY MFG. CO. from NHTSA vPIC: SyntaxError: Unexpected token '<', "<!DOCTYPE "... is not valid JSON
    at JSON.parse (<anonymous>)
    at parseJSONFromBytes (node:internal/deps/undici/undici:5419:19)
    at successSteps (node:internal/deps/undici/undici:5390:27)
    at fullyReadBody (node:internal/deps/undici/undici:1501:9)
    at process.processTicksAndRejections (node:internal/process/task_queues:95:5)
    at async specConsumeBody (node:internal/deps/undici/undici:5399:7)
    at Object.getModelsForMake (C:\Users\tfort\Desktop\Projects\the-pickard\src\lib\nhtsa-vpic-api.ts:78:18)
    at populateModels (C:\Users\tfort\Desktop\Projects\the-pickard\scripts\populate-vehicle-data.ts:175:22)
    at main (C:\Users\tfort\Desktop\Projects\the-pickard\scripts\populate-vehicle-data.ts:353:7)
      Found 0 models
      ✅ Added models for DIVELY MFG. CO.

   🔍 Fetching models for DIVERSE FIBER COMMUNICATIONS...
      Found 1 models
      ✅ Added models for DIVERSE FIBER COMMUNICATIONS

   🔍 Fetching models for DIVERSIFIED...
      Found 6 models
      ✅ Added models for DIVERSIFIED

   🔍 Fetching models for DIXIE WELDING...
      Found 1 models
      ✅ Added models for DIXIE WELDING

   🔍 Fetching models for DIY...
      Found 1 models
      ✅ Added models for DIY

   🔍 Fetching models for DM MACHINE...
      Found 1 models
      ✅ Added models for DM MACHINE

   🔍 Fetching models for DOBYS KUSTOM KARTS...
      Found 1 models
      ✅ Added models for DOBYS KUSTOM KARTS

   🔍 Fetching models for DOCK DOCTORS...
      Found 1 models
      ✅ Added models for DOCK DOCTORS

   🔍 Fetching models for DODGE...
      Found 55 models
      ✅ Added models for DODGE

   🔍 Fetching models for DODGEN INDUSTRIES...
      Found 1 models
      ✅ Added models for DODGEN INDUSTRIES

   🔍 Fetching models for DODGER TRAILER MANUFACTURING INC...
      Found 2 models
      ✅ Added models for DODGER TRAILER MANUFACTURING INC

   🔍 Fetching models for DOEPKER INDUSTRIES...
      Found 1 models
      ✅ Added models for DOEPKER INDUSTRIES

   🔍 Fetching models for DOFERN...
      Found 9 models
      ✅ Added models for DOFERN

   🔍 Fetching models for DOGEBOS...
      Found 11 models
      ✅ Added models for DOGEBOS

   🔍 Fetching models for DOLANS...
      Found 1 models
      ✅ Added models for DOLANS

   🔍 Fetching models for DONGFENG...
      Found 3 models
      ✅ Added models for DONGFENG

   🔍 Fetching models for DONGGUAN TAILING ELECTRIC VEHICLE...
      Found 1 models
      ✅ Added models for DONGGUAN TAILING ELECTRIC VEHICLE

   🔍 Fetching models for DONGGUAN YONGQIANG VEHICLES...
      Found 1 models
      ✅ Added models for DONGGUAN YONGQIANG VEHICLES

   🔍 Fetching models for DONGMA...
      Found 2 models
      ✅ Added models for DONGMA

   🔍 Fetching models for DONHAM'S MOBILE SERVICE...
      Found 1 models
      ✅ Added models for DONHAM'S MOBILE SERVICE

   🔍 Fetching models for DONNERITE INCORPORATED...
      Found 1 models
      ✅ Added models for DONNERITE INCORPORATED

   🔍 Fetching models for DONOVAN SPRING & EQUIPMENT CO. INC...
Error fetching models for DONOVAN SPRING & EQUIPMENT CO. INC from NHTSA vPIC: SyntaxError: Unexpected token '<', "<!DOCTYPE "... is not valid JSON
    at JSON.parse (<anonymous>)
    at parseJSONFromBytes (node:internal/deps/undici/undici:5419:19)
    at successSteps (node:internal/deps/undici/undici:5390:27)
    at fullyReadBody (node:internal/deps/undici/undici:1501:9)
    at process.processTicksAndRejections (node:internal/process/task_queues:95:5)
    at async specConsumeBody (node:internal/deps/undici/undici:5399:7)
    at Object.getModelsForMake (C:\Users\tfort\Desktop\Projects\the-pickard\src\lib\nhtsa-vpic-api.ts:78:18)
    at populateModels (C:\Users\tfort\Desktop\Projects\the-pickard\scripts\populate-vehicle-data.ts:175:22)
    at main (C:\Users\tfort\Desktop\Projects\the-pickard\scripts\populate-vehicle-data.ts:353:7)
      Found 0 models
      ✅ Added models for DONOVAN SPRING & EQUIPMENT CO. INC

   🔍 Fetching models for DONS TRUCK SALES...
      Found 1 models
      ✅ Added models for DONS TRUCK SALES

   🔍 Fetching models for DOOHAN...
      Found 63 models
      ✅ Added models for DOOHAN

   🔍 Fetching models for DOOLEY TACKABERRY, INC....
Error fetching models for DOOLEY TACKABERRY, INC. from NHTSA vPIC: SyntaxError: Unexpected token '<', "<!DOCTYPE "... is not valid JSON
    at JSON.parse (<anonymous>)
    at parseJSONFromBytes (node:internal/deps/undici/undici:5419:19)
    at successSteps (node:internal/deps/undici/undici:5390:27)
    at fullyReadBody (node:internal/deps/undici/undici:1501:9)
    at process.processTicksAndRejections (node:internal/process/task_queues:95:5)
    at async specConsumeBody (node:internal/deps/undici/undici:5399:7)
    at Object.getModelsForMake (C:\Users\tfort\Desktop\Projects\the-pickard\src\lib\nhtsa-vpic-api.ts:78:18)
    at populateModels (C:\Users\tfort\Desktop\Projects\the-pickard\scripts\populate-vehicle-data.ts:175:22)
    at main (C:\Users\tfort\Desktop\Projects\the-pickard\scripts\populate-vehicle-data.ts:353:7)
      Found 0 models
      ✅ Added models for DOOLEY TACKABERRY, INC.

   🔍 Fetching models for DOUBLE D...
      Found 5 models
      ✅ Added models for DOUBLE D

   🔍 Fetching models for DOUBLE D DISTRIBUTORS...
      Found 1 models
      ✅ Added models for DOUBLE D DISTRIBUTORS

   🔍 Fetching models for DOUBLE D TRAILER SALES...
      Found 1 models
      ✅ Added models for DOUBLE D TRAILER SALES

   🔍 Fetching models for DOUBLE D TRAILERS, INC....
Error fetching models for DOUBLE D TRAILERS, INC. from NHTSA vPIC: SyntaxError: Unexpected token '<', "<!DOCTYPE "... is not valid JSON
    at JSON.parse (<anonymous>)
    at parseJSONFromBytes (node:internal/deps/undici/undici:5419:19)
    at successSteps (node:internal/deps/undici/undici:5390:27)
    at fullyReadBody (node:internal/deps/undici/undici:1501:9)
    at process.processTicksAndRejections (node:internal/process/task_queues:95:5)
    at async specConsumeBody (node:internal/deps/undici/undici:5399:7)
    at Object.getModelsForMake (C:\Users\tfort\Desktop\Projects\the-pickard\src\lib\nhtsa-vpic-api.ts:78:18)
    at populateModels (C:\Users\tfort\Desktop\Projects\the-pickard\scripts\populate-vehicle-data.ts:175:22)
    at main (C:\Users\tfort\Desktop\Projects\the-pickard\scripts\populate-vehicle-data.ts:353:7)
      Found 0 models
      ✅ Added models for DOUBLE D TRAILERS, INC.

   🔍 Fetching models for DOUBLE DUTY...
      Found 1 models
      ✅ Added models for DOUBLE DUTY

   🔍 Fetching models for DOUBLE H...
      Found 1 models
      ✅ Added models for DOUBLE H

   🔍 Fetching models for DOWELL SCHLUMBERGER INT'L...
      Found 1 models
      ✅ Added models for DOWELL SCHLUMBERGER INT'L

   🔍 Fetching models for DOWN 2 EARTH CARGO LLC...
      Found 1 models
      ✅ Added models for DOWN 2 EARTH CARGO LLC

   🔍 Fetching models for DOWN LOW CUSTOMS...
      Found 1 models
      ✅ Added models for DOWN LOW CUSTOMS

   🔍 Fetching models for DOWN TO EARTH...
      Found 1 models
      ✅ Added models for DOWN TO EARTH

   🔍 Fetching models for DOWNEASTER...
      Found 1 models
      ✅ Added models for DOWNEASTER

   🔍 Fetching models for DRAGON ESP...
      Found 1 models
      ✅ Added models for DRAGON ESP

   🔍 Fetching models for DRAGON MOBILE RIGS...
      Found 1 models
      ✅ Added models for DRAGON MOBILE RIGS

   🔍 Fetching models for DRAGON PRODUCTS...
      Found 1 models
      ✅ Added models for DRAGON PRODUCTS

   🔍 Fetching models for DRAGON TINY HOMES...
      Found 1 models
      ✅ Added models for DRAGON TINY HOMES

   🔍 Fetching models for DRAGON TRIKES...
      Found 2 models
      ✅ Added models for DRAGON TRIKES

   🔍 Fetching models for DRAGONFLY...
      Found 9 models
      ✅ Added models for DRAGONFLY

   🔍 Fetching models for DRAGONFLY THREE WHEELER...
      Found 2 models
      ✅ Added models for DRAGONFLY THREE WHEELER

   🔍 Fetching models for DRAGONFLY TRAILERS...
      Found 1 models
      ✅ Added models for DRAGONFLY TRAILERS

   🔍 Fetching models for DRAGONTAIL TRAILERS...
      Found 1 models
      ✅ Added models for DRAGONTAIL TRAILERS

   🔍 Fetching models for DRAGONWING CUSTOM BUILDS...
      Found 1 models
      ✅ Added models for DRAGONWING CUSTOM BUILDS

   🔍 Fetching models for DRIFTA OFFROAD TOURER...
      Found 1 models
      ✅ Added models for DRIFTA OFFROAD TOURER

   🔍 Fetching models for DRIFTER TRAILERS...
      Found 1 models
      ✅ Added models for DRIFTER TRAILERS

   🔍 Fetching models for DRIFTWOOD BOATS...
      Found 1 models
      ✅ Added models for DRIFTWOOD BOATS

   🔍 Fetching models for DRILLERS MUD SYSTEMS...
      Found 1 models
      ✅ Added models for DRILLERS MUD SYSTEMS

   🔍 Fetching models for DRIVE (BOYLAN GOLF CARS)...
      Found 1 models
      ✅ Added models for DRIVE (BOYLAN GOLF CARS)

   🔍 Fetching models for DRIVE-ON TRAILER CO., INC....
Error fetching models for DRIVE-ON TRAILER CO., INC. from NHTSA vPIC: SyntaxError: Unexpected token '<', "<!DOCTYPE "... is not valid JSON
    at JSON.parse (<anonymous>)
    at parseJSONFromBytes (node:internal/deps/undici/undici:5419:19)
    at successSteps (node:internal/deps/undici/undici:5390:27)
    at fullyReadBody (node:internal/deps/undici/undici:1501:9)
    at process.processTicksAndRejections (node:internal/process/task_queues:95:5)
    at async specConsumeBody (node:internal/deps/undici/undici:5399:7)
    at Object.getModelsForMake (C:\Users\tfort\Desktop\Projects\the-pickard\src\lib\nhtsa-vpic-api.ts:78:18)
    at populateModels (C:\Users\tfort\Desktop\Projects\the-pickard\scripts\populate-vehicle-data.ts:175:22)
    at main (C:\Users\tfort\Desktop\Projects\the-pickard\scripts\populate-vehicle-data.ts:353:7)
      Found 0 models
      ✅ Added models for DRIVE-ON TRAILER CO., INC.

   🔍 Fetching models for DRIVEN FAB LLC...
      Found 1 models
      ✅ Added models for DRIVEN FAB LLC

   🔍 Fetching models for DUFFER'S MANUFACTURING...
      Found 1 models
      ✅ Added models for DUFFER'S MANUFACTURING

   🔍 Fetching models for DUFFIELD MARINE INC....
Error fetching models for DUFFIELD MARINE INC. from NHTSA vPIC: SyntaxError: Unexpected token '<', "<!DOCTYPE "... is not valid JSON
    at JSON.parse (<anonymous>)
    at parseJSONFromBytes (node:internal/deps/undici/undici:5419:19)
    at successSteps (node:internal/deps/undici/undici:5390:27)
    at fullyReadBody (node:internal/deps/undici/undici:1501:9)
    at process.processTicksAndRejections (node:internal/process/task_queues:95:5)
    at async specConsumeBody (node:internal/deps/undici/undici:5399:7)
    at Object.getModelsForMake (C:\Users\tfort\Desktop\Projects\the-pickard\src\lib\nhtsa-vpic-api.ts:78:18)
    at populateModels (C:\Users\tfort\Desktop\Projects\the-pickard\scripts\populate-vehicle-data.ts:175:22)
    at main (C:\Users\tfort\Desktop\Projects\the-pickard\scripts\populate-vehicle-data.ts:353:7)
      Found 0 models
      ✅ Added models for DUFFIELD MARINE INC.

   🔍 Fetching models for DUGAN/STONE TRAILER CO, LLC...
Error fetching models for DUGAN/STONE TRAILER CO, LLC from NHTSA vPIC: SyntaxError: Unexpected token '<', "<!DOCTYPE "... is not valid JSON
    at JSON.parse (<anonymous>)
    at parseJSONFromBytes (node:internal/deps/undici/undici:5419:19)
    at successSteps (node:internal/deps/undici/undici:5390:27)
    at fullyReadBody (node:internal/deps/undici/undici:1501:9)
    at process.processTicksAndRejections (node:internal/process/task_queues:95:5)
    at async specConsumeBody (node:internal/deps/undici/undici:5399:7)
    at Object.getModelsForMake (C:\Users\tfort\Desktop\Projects\the-pickard\src\lib\nhtsa-vpic-api.ts:78:18)
    at populateModels (C:\Users\tfort\Desktop\Projects\the-pickard\scripts\populate-vehicle-data.ts:175:22)
    at main (C:\Users\tfort\Desktop\Projects\the-pickard\scripts\populate-vehicle-data.ts:353:7)
      Found 0 models
      ✅ Added models for DUGAN/STONE TRAILER CO, LLC

   🔍 Fetching models for DUKANE PRECAST...
      Found 1 models
      ✅ Added models for DUKANE PRECAST

   🔍 Fetching models for DUKE'S...
      Found 1 models
      ✅ Added models for DUKE'S

   🔍 Fetching models for DUMAS WELDING...
      Found 1 models
      ✅ Added models for DUMAS WELDING

   🔍 Fetching models for DUN-RITE...
      Found 1 models
      ✅ Added models for DUN-RITE

   🔍 Fetching models for DURALITE TRAILERS...
      Found 1 models
      ✅ Added models for DURALITE TRAILERS

   🔍 Fetching models for DURALITE TRUCK BODY & CONTAINER...
      Found 1 models
      ✅ Added models for DURALITE TRUCK BODY & CONTAINER

   🔍 Fetching models for DURALITE, INC...
      Found 1 models
      ✅ Added models for DURALITE, INC

   🔍 Fetching models for DURANGO...
      Found 2 models
      ✅ Added models for DURANGO

   🔍 Fetching models for DURANGO TRAILER MFG....
Error fetching models for DURANGO TRAILER MFG. from NHTSA vPIC: SyntaxError: Unexpected token '<', "<!DOCTYPE "... is not valid JSON
    at JSON.parse (<anonymous>)
    at parseJSONFromBytes (node:internal/deps/undici/undici:5419:19)
    at successSteps (node:internal/deps/undici/undici:5390:27)
    at fullyReadBody (node:internal/deps/undici/undici:1501:9)
    at process.processTicksAndRejections (node:internal/process/task_queues:95:5)
    at async specConsumeBody (node:internal/deps/undici/undici:5399:7)
    at Object.getModelsForMake (C:\Users\tfort\Desktop\Projects\the-pickard\src\lib\nhtsa-vpic-api.ts:78:18)
    at populateModels (C:\Users\tfort\Desktop\Projects\the-pickard\scripts\populate-vehicle-data.ts:175:22)
    at main (C:\Users\tfort\Desktop\Projects\the-pickard\scripts\populate-vehicle-data.ts:353:7)
      Found 0 models
      ✅ Added models for DURANGO TRAILER MFG.

   🔍 Fetching models for DURBIN'S CUSTOM WELD & DESIGN...
      Found 1 models
      ✅ Added models for DURBIN'S CUSTOM WELD & DESIGN

   🔍 Fetching models for DURNELL INDUSTRIES, CO....
Error fetching models for DURNELL INDUSTRIES, CO. from NHTSA vPIC: SyntaxError: Unexpected token '<', "<!DOCTYPE "... is not valid JSON
    at JSON.parse (<anonymous>)
    at parseJSONFromBytes (node:internal/deps/undici/undici:5419:19)
    at successSteps (node:internal/deps/undici/undici:5390:27)
    at fullyReadBody (node:internal/deps/undici/undici:1501:9)
    at process.processTicksAndRejections (node:internal/process/task_queues:95:5)
    at async specConsumeBody (node:internal/deps/undici/undici:5399:7)
    at Object.getModelsForMake (C:\Users\tfort\Desktop\Projects\the-pickard\src\lib\nhtsa-vpic-api.ts:78:18)
    at populateModels (C:\Users\tfort\Desktop\Projects\the-pickard\scripts\populate-vehicle-data.ts:175:22)
    at main (C:\Users\tfort\Desktop\Projects\the-pickard\scripts\populate-vehicle-data.ts:353:7)
      Found 0 models
      ✅ Added models for DURNELL INDUSTRIES, CO.

   🔍 Fetching models for DURUXX...
      Found 2 models
      ✅ Added models for DURUXX

   🔍 Fetching models for DUVALL EQUIPMENT LLC...
      Found 1 models
      ✅ Added models for DUVALL EQUIPMENT LLC

   🔍 Fetching models for DUWA...
      Found 1 models
      ✅ Added models for DUWA

   🔍 Fetching models for DV MANUFACTURING...
      Found 1 models
      ✅ Added models for DV MANUFACTURING

   🔍 Fetching models for DVELE...
      Found 2 models
      ✅ Added models for DVELE

   🔍 Fetching models for DVELE OMEGA CORPORATION...
      Found 1 models
      ✅ Added models for DVELE OMEGA CORPORATION

   🔍 Fetching models for DY CONCRETE PUMPS...
      Found 1 models
      ✅ Added models for DY CONCRETE PUMPS

   🔍 Fetching models for DY INNOVATE CORPORATION...
      Found 1 models
      ✅ Added models for DY INNOVATE CORPORATION

   🔍 Fetching models for DYAL'S WELDING...
      Found 1 models
      ✅ Added models for DYAL'S WELDING

   🔍 Fetching models for DYER'S DOCKING SYSTEMS, INC....
Error fetching models for DYER'S DOCKING SYSTEMS, INC. from NHTSA vPIC: SyntaxError: Unexpected token '<', "<!DOCTYPE "... is not valid JSON
    at JSON.parse (<anonymous>)
    at parseJSONFromBytes (node:internal/deps/undici/undici:5419:19)
    at successSteps (node:internal/deps/undici/undici:5390:27)
    at fullyReadBody (node:internal/deps/undici/undici:1501:9)
    at process.processTicksAndRejections (node:internal/process/task_queues:95:5)
    at async specConsumeBody (node:internal/deps/undici/undici:5399:7)
    at Object.getModelsForMake (C:\Users\tfort\Desktop\Projects\the-pickard\src\lib\nhtsa-vpic-api.ts:78:18)
    at populateModels (C:\Users\tfort\Desktop\Projects\the-pickard\scripts\populate-vehicle-data.ts:175:22)
    at main (C:\Users\tfort\Desktop\Projects\the-pickard\scripts\populate-vehicle-data.ts:353:7)
      Found 0 models
      ✅ Added models for DYER'S DOCKING SYSTEMS, INC.

   🔍 Fetching models for DYMAC INTERNATIONAL...
      Found 1 models
      ✅ Added models for DYMAC INTERNATIONAL

   🔍 Fetching models for DYMAC VEHICLE GROUP...
      Found 1 models
      ✅ Added models for DYMAC VEHICLE GROUP

   🔍 Fetching models for DYMAX INC....
Error fetching models for DYMAX INC. from NHTSA vPIC: SyntaxError: Unexpected token '<', "<!DOCTYPE "... is not valid JSON
    at JSON.parse (<anonymous>)
    at parseJSONFromBytes (node:internal/deps/undici/undici:5419:19)
    at successSteps (node:internal/deps/undici/undici:5390:27)
    at fullyReadBody (node:internal/deps/undici/undici:1501:9)
    at process.processTicksAndRejections (node:internal/process/task_queues:95:5)
    at async specConsumeBody (node:internal/deps/undici/undici:5399:7)
    at Object.getModelsForMake (C:\Users\tfort\Desktop\Projects\the-pickard\src\lib\nhtsa-vpic-api.ts:78:18)
    at populateModels (C:\Users\tfort\Desktop\Projects\the-pickard\scripts\populate-vehicle-data.ts:175:22)
    at main (C:\Users\tfort\Desktop\Projects\the-pickard\scripts\populate-vehicle-data.ts:353:7)
      Found 0 models
      ✅ Added models for DYMAX INC.

   🔍 Fetching models for DYNA HAULER LLC...
      Found 1 models
      ✅ Added models for DYNA HAULER LLC

   🔍 Fetching models for DYNA PRODUCTS...
      Found 1 models
      ✅ Added models for DYNA PRODUCTS

   🔍 Fetching models for DYNAFAB...
      Found 1 models
      ✅ Added models for DYNAFAB

   🔍 Fetching models for DYNAMAX CORPORATION...
      Found 1 models
      ✅ Added models for DYNAMAX CORPORATION

   🔍 Fetching models for DYNAMIC AIR SYSTEMS...
      Found 1 models
      ✅ Added models for DYNAMIC AIR SYSTEMS

   🔍 Fetching models for DYNAMIC CARTS CORPORATION...
      Found 1 models
      ✅ Added models for DYNAMIC CARTS CORPORATION

   🔍 Fetching models for DYNAMICS COMPOSITE DESIGNS, INC...
      Found 1 models
      ✅ Added models for DYNAMICS COMPOSITE DESIGNS, INC

   🔍 Fetching models for E & T UTILITY TRAILERS...
      Found 1 models
      ✅ Added models for E & T UTILITY TRAILERS

   🔍 Fetching models for E-BILT LLC....
Error fetching models for E-BILT LLC. from NHTSA vPIC: SyntaxError: Unexpected token '<', "<!DOCTYPE "... is not valid JSON
    at JSON.parse (<anonymous>)
    at parseJSONFromBytes (node:internal/deps/undici/undici:5419:19)
    at successSteps (node:internal/deps/undici/undici:5390:27)
    at fullyReadBody (node:internal/deps/undici/undici:1501:9)
    at process.processTicksAndRejections (node:internal/process/task_queues:95:5)
    at async specConsumeBody (node:internal/deps/undici/undici:5399:7)
    at Object.getModelsForMake (C:\Users\tfort\Desktop\Projects\the-pickard\src\lib\nhtsa-vpic-api.ts:78:18)
    at populateModels (C:\Users\tfort\Desktop\Projects\the-pickard\scripts\populate-vehicle-data.ts:175:22)
    at main (C:\Users\tfort\Desktop\Projects\the-pickard\scripts\populate-vehicle-data.ts:353:7)
      Found 0 models
      ✅ Added models for E-BILT LLC.

   🔍 Fetching models for E-CHOPPER...
      Found 1 models
      ✅ Added models for E-CHOPPER

   🔍 Fetching models for E-ONE...
      Found 2 models
      ✅ Added models for E-ONE

   🔍 Fetching models for E-PAK MANUFACTURING...
      Found 1 models
      ✅ Added models for E-PAK MANUFACTURING

   🔍 Fetching models for E-RIVA...
      Found 1 models
      ✅ Added models for E-RIVA

   🔍 Fetching models for E-SUV...
      Found 4 models
      ✅ Added models for E-SUV

   🔍 Fetching models for E-TON...
      Found 7 models
      ✅ Added models for E-TON

   🔍 Fetching models for E-TON I...
      Found 4 models
      ✅ Added models for E-TON I

   🔍 Fetching models for E-TON II...
      Found 1 models
      ✅ Added models for E-TON II

   🔍 Fetching models for E-TRO...
      Found 2 models
      ✅ Added models for E-TRO

   🔍 Fetching models for E-TUK...
      Found 6 models
      ✅ Added models for E-TUK

   🔍 Fetching models for E-W TRAILERS...
      Found 1 models
      ✅ Added models for E-W TRAILERS

   🔍 Fetching models for E-WAGON...
      Found 1 models
      ✅ Added models for E-WAGON

   🔍 Fetching models for E-Z DUMPER PRODUCTS...
      Found 0 models
      ✅ Added models for E-Z DUMPER PRODUCTS

   🔍 Fetching models for E-Z PACK...
      Found 0 models
      ✅ Added models for E-Z PACK

   🔍 Fetching models for E.B.O. VAN WEEL ...
Error fetching models for E.B.O. VAN WEEL  from NHTSA vPIC: SyntaxError: Unexpected token '<', "<!DOCTYPE "... is not valid JSON
    at JSON.parse (<anonymous>)
    at parseJSONFromBytes (node:internal/deps/undici/undici:5419:19)
    at successSteps (node:internal/deps/undici/undici:5390:27)
    at fullyReadBody (node:internal/deps/undici/undici:1501:9)
    at process.processTicksAndRejections (node:internal/process/task_queues:95:5)
    at async specConsumeBody (node:internal/deps/undici/undici:5399:7)
    at Object.getModelsForMake (C:\Users\tfort\Desktop\Projects\the-pickard\src\lib\nhtsa-vpic-api.ts:78:18)
    at populateModels (C:\Users\tfort\Desktop\Projects\the-pickard\scripts\populate-vehicle-data.ts:175:22)
    at main (C:\Users\tfort\Desktop\Projects\the-pickard\scripts\populate-vehicle-data.ts:353:7)
      Found 0 models
      ✅ Added models for E.B.O. VAN WEEL 

   🔍 Fetching models for E.T. & T. ENTERPRISES...
Error fetching models for E.T. & T. ENTERPRISES from NHTSA vPIC: SyntaxError: Unexpected token '<', "<!DOCTYPE "... is not valid JSON
    at JSON.parse (<anonymous>)
    at parseJSONFromBytes (node:internal/deps/undici/undici:5419:19)
    at successSteps (node:internal/deps/undici/undici:5390:27)
    at fullyReadBody (node:internal/deps/undici/undici:1501:9)
    at process.processTicksAndRejections (node:internal/process/task_queues:95:5)
    at async specConsumeBody (node:internal/deps/undici/undici:5399:7)
    at Object.getModelsForMake (C:\Users\tfort\Desktop\Projects\the-pickard\src\lib\nhtsa-vpic-api.ts:78:18)
    at populateModels (C:\Users\tfort\Desktop\Projects\the-pickard\scripts\populate-vehicle-data.ts:175:22)
    at main (C:\Users\tfort\Desktop\Projects\the-pickard\scripts\populate-vehicle-data.ts:353:7)
      Found 0 models
      ✅ Added models for E.T. & T. ENTERPRISES

   🔍 Fetching models for E.T. SERVICES...
Error fetching models for E.T. SERVICES from NHTSA vPIC: SyntaxError: Unexpected token '<', "<!DOCTYPE "... is not valid JSON
    at JSON.parse (<anonymous>)
    at parseJSONFromBytes (node:internal/deps/undici/undici:5419:19)
    at successSteps (node:internal/deps/undici/undici:5390:27)
    at fullyReadBody (node:internal/deps/undici/undici:1501:9)
    at process.processTicksAndRejections (node:internal/process/task_queues:95:5)
    at async specConsumeBody (node:internal/deps/undici/undici:5399:7)
    at Object.getModelsForMake (C:\Users\tfort\Desktop\Projects\the-pickard\src\lib\nhtsa-vpic-api.ts:78:18)
    at populateModels (C:\Users\tfort\Desktop\Projects\the-pickard\scripts\populate-vehicle-data.ts:175:22)
    at main (C:\Users\tfort\Desktop\Projects\the-pickard\scripts\populate-vehicle-data.ts:353:7)
      Found 0 models
      ✅ Added models for E.T. SERVICES

   🔍 Fetching models for EAGLE RV...
      Found 49 models
      ✅ Added models for EAGLE RV

   🔍 Fetching models for EAGLE TRAILER...
      Found 17 models
      ✅ Added models for EAGLE TRAILER

   🔍 Fetching models for EAGLE TRAILER CO., INC...
Error fetching models for EAGLE TRAILER CO., INC from NHTSA vPIC: SyntaxError: Unexpected token '<', "<!DOCTYPE "... is not valid JSON
    at JSON.parse (<anonymous>)
    at parseJSONFromBytes (node:internal/deps/undici/undici:5419:19)
    at successSteps (node:internal/deps/undici/undici:5390:27)
    at fullyReadBody (node:internal/deps/undici/undici:1501:9)
    at process.processTicksAndRejections (node:internal/process/task_queues:95:5)
    at async specConsumeBody (node:internal/deps/undici/undici:5399:7)
    at Object.getModelsForMake (C:\Users\tfort\Desktop\Projects\the-pickard\src\lib\nhtsa-vpic-api.ts:78:18)
    at populateModels (C:\Users\tfort\Desktop\Projects\the-pickard\scripts\populate-vehicle-data.ts:175:22)
    at main (C:\Users\tfort\Desktop\Projects\the-pickard\scripts\populate-vehicle-data.ts:353:7)
      Found 0 models
      ✅ Added models for EAGLE TRAILER CO., INC

   🔍 Fetching models for EAGLE TRAILER MANUFACTURING...
      Found 2 models
      ✅ Added models for EAGLE TRAILER MANUFACTURING

   🔍 Fetching models for EAGLE TRAILER SALES, INC....
Error fetching models for EAGLE TRAILER SALES, INC. from NHTSA vPIC: SyntaxError: Unexpected token '<', "<!DOCTYPE "... is not valid JSON
    at JSON.parse (<anonymous>)
    at parseJSONFromBytes (node:internal/deps/undici/undici:5419:19)
    at successSteps (node:internal/deps/undici/undici:5390:27)
    at fullyReadBody (node:internal/deps/undici/undici:1501:9)
    at process.processTicksAndRejections (node:internal/process/task_queues:95:5)
    at async specConsumeBody (node:internal/deps/undici/undici:5399:7)
    at Object.getModelsForMake (C:\Users\tfort\Desktop\Projects\the-pickard\src\lib\nhtsa-vpic-api.ts:78:18)
    at populateModels (C:\Users\tfort\Desktop\Projects\the-pickard\scripts\populate-vehicle-data.ts:175:22)
    at main (C:\Users\tfort\Desktop\Projects\the-pickard\scripts\populate-vehicle-data.ts:353:7)
      Found 0 models
      ✅ Added models for EAGLE TRAILER SALES, INC.

   🔍 Fetching models for EAGLE TRAILERS...
      Found 8 models
      ✅ Added models for EAGLE TRAILERS

   🔍 Fetching models for EAGLE TRAILERS INC...
      Found 2 models
      ✅ Added models for EAGLE TRAILERS INC

   🔍 Fetching models for EAGLE TRAILERS LLC...
      Found 1 models
      ✅ Added models for EAGLE TRAILERS LLC

   🔍 Fetching models for EARTHWORM INC...
      Found 1 models
      ✅ Added models for EARTHWORM INC

   🔍 Fetching models for EASLEY...
      Found 3 models
      ✅ Added models for EASLEY

   🔍 Fetching models for EASLEY TRAILER...
      Found 1 models
      ✅ Added models for EASLEY TRAILER

   🔍 Fetching models for EAST...
      Found 64 models
      ✅ Added models for EAST

   🔍 Fetching models for EAST COAST ...
Error fetching models for EAST COAST  from NHTSA vPIC: SyntaxError: Unexpected token '<', "<!DOCTYPE "... is not valid JSON
    at JSON.parse (<anonymous>)
    at parseJSONFromBytes (node:internal/deps/undici/undici:5419:19)
    at successSteps (node:internal/deps/undici/undici:5390:27)
    at fullyReadBody (node:internal/deps/undici/undici:1501:9)
    at process.processTicksAndRejections (node:internal/process/task_queues:95:5)
    at async specConsumeBody (node:internal/deps/undici/undici:5399:7)
    at Object.getModelsForMake (C:\Users\tfort\Desktop\Projects\the-pickard\src\lib\nhtsa-vpic-api.ts:78:18)
    at populateModels (C:\Users\tfort\Desktop\Projects\the-pickard\scripts\populate-vehicle-data.ts:175:22)
    at main (C:\Users\tfort\Desktop\Projects\the-pickard\scripts\populate-vehicle-data.ts:353:7)
      Found 0 models
      ✅ Added models for EAST COAST 

   🔍 Fetching models for EAST COAST MANUFACTURING & DESIGN...
      Found 1 models
      ✅ Added models for EAST COAST MANUFACTURING & DESIGN

   🔍 Fetching models for EAST COAST OVEN AND PIZZA CO....
Error fetching models for EAST COAST OVEN AND PIZZA CO. from NHTSA vPIC: SyntaxError: Unexpected token '<', "<!DOCTYPE "... is not valid JSON
    at JSON.parse (<anonymous>)
    at parseJSONFromBytes (node:internal/deps/undici/undici:5419:19)
    at successSteps (node:internal/deps/undici/undici:5390:27)
    at fullyReadBody (node:internal/deps/undici/undici:1501:9)
    at process.processTicksAndRejections (node:internal/process/task_queues:95:5)
    at async specConsumeBody (node:internal/deps/undici/undici:5399:7)
    at Object.getModelsForMake (C:\Users\tfort\Desktop\Projects\the-pickard\src\lib\nhtsa-vpic-api.ts:78:18)
    at populateModels (C:\Users\tfort\Desktop\Projects\the-pickard\scripts\populate-vehicle-data.ts:175:22)
    at main (C:\Users\tfort\Desktop\Projects\the-pickard\scripts\populate-vehicle-data.ts:353:7)
      Found 0 models
      ✅ Added models for EAST COAST OVEN AND PIZZA CO.

   🔍 Fetching models for EAST COAST RACE CARS, INC....
Error fetching models for EAST COAST RACE CARS, INC. from NHTSA vPIC: SyntaxError: Unexpected token '<', "<!DOCTYPE "... is not valid JSON
    at JSON.parse (<anonymous>)
    at parseJSONFromBytes (node:internal/deps/undici/undici:5419:19)
    at successSteps (node:internal/deps/undici/undici:5390:27)
    at fullyReadBody (node:internal/deps/undici/undici:1501:9)
    at process.processTicksAndRejections (node:internal/process/task_queues:95:5)
    at async specConsumeBody (node:internal/deps/undici/undici:5399:7)
    at Object.getModelsForMake (C:\Users\tfort\Desktop\Projects\the-pickard\src\lib\nhtsa-vpic-api.ts:78:18)
    at populateModels (C:\Users\tfort\Desktop\Projects\the-pickard\scripts\populate-vehicle-data.ts:175:22)
    at main (C:\Users\tfort\Desktop\Projects\the-pickard\scripts\populate-vehicle-data.ts:353:7)
      Found 0 models
      ✅ Added models for EAST COAST RACE CARS, INC.

   🔍 Fetching models for EAST COAST TRAILERS...
      Found 1 models
      ✅ Added models for EAST COAST TRAILERS

   🔍 Fetching models for EAST COAST TREE SERVICE...
      Found 1 models
      ✅ Added models for EAST COAST TREE SERVICE

   🔍 Fetching models for EAST TENNESSEE TRAILERS LLC...
      Found 1 models
      ✅ Added models for EAST TENNESSEE TRAILERS LLC

   🔍 Fetching models for EAST TEXAS TRAILERS...
      Found 2 models
      ✅ Added models for EAST TEXAS TRAILERS

   🔍 Fetching models for EAST TEXAS TRAILERS S.A. DE C.V....
Error fetching models for EAST TEXAS TRAILERS S.A. DE C.V. from NHTSA vPIC: SyntaxError: Unexpected token '<', "<!DOCTYPE "... is not valid JSON
    at JSON.parse (<anonymous>)
    at parseJSONFromBytes (node:internal/deps/undici/undici:5419:19)
    at successSteps (node:internal/deps/undici/undici:5390:27)
    at fullyReadBody (node:internal/deps/undici/undici:1501:9)
    at process.processTicksAndRejections (node:internal/process/task_queues:95:5)
    at async specConsumeBody (node:internal/deps/undici/undici:5399:7)
    at Object.getModelsForMake (C:\Users\tfort\Desktop\Projects\the-pickard\src\lib\nhtsa-vpic-api.ts:78:18)
    at populateModels (C:\Users\tfort\Desktop\Projects\the-pickard\scripts\populate-vehicle-data.ts:175:22)
    at main (C:\Users\tfort\Desktop\Projects\the-pickard\scripts\populate-vehicle-data.ts:353:7)
      Found 0 models
      ✅ Added models for EAST TEXAS TRAILERS S.A. DE C.V.

   🔍 Fetching models for EAST TO WEST...
      Found 1 models
      ✅ Added models for EAST TO WEST

   🔍 Fetching models for EAST/WEST...
Error fetching models for EAST/WEST from NHTSA vPIC: SyntaxError: Unexpected token '<', "<!DOCTYPE "... is not valid JSON
    at JSON.parse (<anonymous>)
    at parseJSONFromBytes (node:internal/deps/undici/undici:5419:19)
    at successSteps (node:internal/deps/undici/undici:5390:27)
    at fullyReadBody (node:internal/deps/undici/undici:1501:9)
    at process.processTicksAndRejections (node:internal/process/task_queues:95:5)
    at async specConsumeBody (node:internal/deps/undici/undici:5399:7)
    at Object.getModelsForMake (C:\Users\tfort\Desktop\Projects\the-pickard\src\lib\nhtsa-vpic-api.ts:78:18)
    at populateModels (C:\Users\tfort\Desktop\Projects\the-pickard\scripts\populate-vehicle-data.ts:175:22)
    at main (C:\Users\tfort\Desktop\Projects\the-pickard\scripts\populate-vehicle-data.ts:353:7)
      Found 0 models
      ✅ Added models for EAST/WEST

   🔍 Fetching models for EASTERN METAL WORKS...
      Found 1 models
      ✅ Added models for EASTERN METAL WORKS

   🔍 Fetching models for EASTERN ROD AND CHOPPER...
      Found 1 models
      ✅ Added models for EASTERN ROD AND CHOPPER

   🔍 Fetching models for EASTERN SHORE TRAILER, INC...
      Found 0 models
      ✅ Added models for EASTERN SHORE TRAILER, INC

   🔍 Fetching models for EATON DRILLING CO., INC. DBA EATON FABRICATION CO....
Error fetching models for EATON DRILLING CO., INC. DBA EATON FABRICATION CO. from NHTSA vPIC: SyntaxError: Unexpected token '<', "<!DOCTYPE "... is not valid JSON
    at JSON.parse (<anonymous>)
    at parseJSONFromBytes (node:internal/deps/undici/undici:5419:19)
    at successSteps (node:internal/deps/undici/undici:5390:27)
    at fullyReadBody (node:internal/deps/undici/undici:1501:9)
    at process.processTicksAndRejections (node:internal/process/task_queues:95:5)
    at async specConsumeBody (node:internal/deps/undici/undici:5399:7)
    at Object.getModelsForMake (C:\Users\tfort\Desktop\Projects\the-pickard\src\lib\nhtsa-vpic-api.ts:78:18)
    at populateModels (C:\Users\tfort\Desktop\Projects\the-pickard\scripts\populate-vehicle-data.ts:175:22)
    at main (C:\Users\tfort\Desktop\Projects\the-pickard\scripts\populate-vehicle-data.ts:353:7)
      Found 0 models
      ✅ Added models for EATON DRILLING CO., INC. DBA EATON FABRICATION CO.

   🔍 Fetching models for EAZ-LIFT SPRING CORPORATION...
      Found 1 models
      ✅ Added models for EAZ-LIFT SPRING CORPORATION

   🔍 Fetching models for EBC...
      Found 3 models
      ✅ Added models for EBC

   🔍 Fetching models for EBERT PRECISION PRODUCTS LLC...
      Found 1 models
      ✅ Added models for EBERT PRECISION PRODUCTS LLC

   🔍 Fetching models for EBUSCO...
      Found 1 models
      ✅ Added models for EBUSCO

   🔍 Fetching models for EBYS PORTABLE WELDING & FABRICATION...
      Found 1 models
      ✅ Added models for EBYS PORTABLE WELDING & FABRICATION

   🔍 Fetching models for ECART...
      Found 1 models
      ✅ Added models for ECART

   🔍 Fetching models for ECC...
      Found 3 models
      ✅ Added models for ECC

   🔍 Fetching models for ECHELBERRY MANUFACTURING, LLC...
      Found 1 models
      ✅ Added models for ECHELBERRY MANUFACTURING, LLC

   🔍 Fetching models for ECHO...
      Found 9 models
      ✅ Added models for ECHO

   🔍 Fetching models for DRIVEN INNOVATIONS, LLC...
      Found 1 models
      ✅ Added models for DRIVEN INNOVATIONS, LLC

   🔍 Fetching models for DRIVING AMBITIONS...
      Found 1 models
      ✅ Added models for DRIVING AMBITIONS

   🔍 Fetching models for DROP 2 LOAD...
      Found 1 models
      ✅ Added models for DROP 2 LOAD

   🔍 Fetching models for DROPLET DESIGN LTD....
Error fetching models for DROPLET DESIGN LTD. from NHTSA vPIC: SyntaxError: Unexpected token '<', "<!DOCTYPE "... is not valid JSON
    at JSON.parse (<anonymous>)
    at parseJSONFromBytes (node:internal/deps/undici/undici:5419:19)
    at successSteps (node:internal/deps/undici/undici:5390:27)
    at fullyReadBody (node:internal/deps/undici/undici:1501:9)
    at process.processTicksAndRejections (node:internal/process/task_queues:95:5)
    at async specConsumeBody (node:internal/deps/undici/undici:5399:7)
    at Object.getModelsForMake (C:\Users\tfort\Desktop\Projects\the-pickard\src\lib\nhtsa-vpic-api.ts:78:18)
    at populateModels (C:\Users\tfort\Desktop\Projects\the-pickard\scripts\populate-vehicle-data.ts:175:22)
    at main (C:\Users\tfort\Desktop\Projects\the-pickard\scripts\populate-vehicle-data.ts:353:7)
      Found 0 models
      ✅ Added models for DROPLET DESIGN LTD.

   🔍 Fetching models for DRR...
      Found 8 models
      ✅ Added models for DRR

   🔍 Fetching models for DRS CYCLE CORP...
      Found 1 models
      ✅ Added models for DRS CYCLE CORP

   🔍 Fetching models for DRV SUITES...
      Found 4 models
      ✅ Added models for DRV SUITES

   🔍 Fetching models for DRYAIR 2000 INC....
Error fetching models for DRYAIR 2000 INC. from NHTSA vPIC: SyntaxError: Unexpected token '<', "<!DOCTYPE "... is not valid JSON
    at JSON.parse (<anonymous>)
    at parseJSONFromBytes (node:internal/deps/undici/undici:5419:19)
    at successSteps (node:internal/deps/undici/undici:5390:27)
    at fullyReadBody (node:internal/deps/undici/undici:1501:9)
    at process.processTicksAndRejections (node:internal/process/task_queues:95:5)
    at async specConsumeBody (node:internal/deps/undici/undici:5399:7)
    at Object.getModelsForMake (C:\Users\tfort\Desktop\Projects\the-pickard\src\lib\nhtsa-vpic-api.ts:78:18)
    at populateModels (C:\Users\tfort\Desktop\Projects\the-pickard\scripts\populate-vehicle-data.ts:175:22)
    at main (C:\Users\tfort\Desktop\Projects\the-pickard\scripts\populate-vehicle-data.ts:353:7)
      Found 0 models
      ✅ Added models for DRYAIR 2000 INC.

   🔍 Fetching models for DRYDOCK...
      Found 68 models
      ✅ Added models for DRYDOCK

   🔍 Fetching models for DSM TRAILERS LLC...
      Found 1 models
      ✅ Added models for DSM TRAILERS LLC

   🔍 Fetching models for DSS...
      Found 1 models
      ✅ Added models for DSS

   🔍 Fetching models for DST...
      Found 19 models
      ✅ Added models for DST

   🔍 Fetching models for DTC...
      Found 1 models
      ✅ Added models for DTC

   🔍 Fetching models for DTGC...
      Found 1 models
      ✅ Added models for DTGC

   🔍 Fetching models for DTH...
      Found 24 models
      ✅ Added models for DTH

   🔍 Fetching models for DTM POWERSPORTS...
      Found 1 models
      ✅ Added models for DTM POWERSPORTS

   🔍 Fetching models for DTM TRAILERS...
      Found 1 models
      ✅ Added models for DTM TRAILERS

   🔍 Fetching models for DTP MUSCLE CUSTOM CHOPPERS...
      Found 1 models
      ✅ Added models for DTP MUSCLE CUSTOM CHOPPERS

   🔍 Fetching models for DUB BOX USA...
      Found 1 models
      ✅ Added models for DUB BOX USA

   🔍 Fetching models for DUCATI...
      Found 59 models
      ✅ Added models for DUCATI

   🔍 Fetching models for DUCATI MOTOR HOLDING SPA...
      Found 0 models
      ✅ Added models for DUCATI MOTOR HOLDING SPA

   🔍 Fetching models for DUCKWORTH BOAT WORKS, INC....
Error fetching models for DUCKWORTH BOAT WORKS, INC. from NHTSA vPIC: SyntaxError: Unexpected token '<', "<!DOCTYPE "... is not valid JSON
    at JSON.parse (<anonymous>)
    at parseJSONFromBytes (node:internal/deps/undici/undici:5419:19)
    at successSteps (node:internal/deps/undici/undici:5390:27)
    at fullyReadBody (node:internal/deps/undici/undici:1501:9)
    at process.processTicksAndRejections (node:internal/process/task_queues:95:5)
    at async specConsumeBody (node:internal/deps/undici/undici:5399:7)
    at Object.getModelsForMake (C:\Users\tfort\Desktop\Projects\the-pickard\src\lib\nhtsa-vpic-api.ts:78:18)
    at populateModels (C:\Users\tfort\Desktop\Projects\the-pickard\scripts\populate-vehicle-data.ts:175:22)
    at main (C:\Users\tfort\Desktop\Projects\the-pickard\scripts\populate-vehicle-data.ts:353:7)
      Found 0 models
      ✅ Added models for DUCKWORTH BOAT WORKS, INC.

   🔍 Fetching models for DUCWORLD...
      Found 1 models
      ✅ Added models for DUCWORLD

   🔍 Fetching models for DUESWAY...
      Found 1 models
      ✅ Added models for DUESWAY

   🔍 Fetching models for DUNCAN SUPPLY COMPANY...
      Found 1 models
      ✅ Added models for DUNCAN SUPPLY COMPANY

   🔍 Fetching models for DUNN RITE FAB...
      Found 1 models
      ✅ Added models for DUNN RITE FAB

   🔍 Fetching models for DUNRAVEN ...
Error fetching models for DUNRAVEN  from NHTSA vPIC: SyntaxError: Unexpected token '<', "<!DOCTYPE "... is not valid JSON
    at JSON.parse (<anonymous>)
    at parseJSONFromBytes (node:internal/deps/undici/undici:5419:19)
    at successSteps (node:internal/deps/undici/undici:5390:27)
    at fullyReadBody (node:internal/deps/undici/undici:1501:9)
    at process.processTicksAndRejections (node:internal/process/task_queues:95:5)
    at async specConsumeBody (node:internal/deps/undici/undici:5399:7)
    at Object.getModelsForMake (C:\Users\tfort\Desktop\Projects\the-pickard\src\lib\nhtsa-vpic-api.ts:78:18)
    at populateModels (C:\Users\tfort\Desktop\Projects\the-pickard\scripts\populate-vehicle-data.ts:175:22)
    at main (C:\Users\tfort\Desktop\Projects\the-pickard\scripts\populate-vehicle-data.ts:353:7)
      Found 0 models
      ✅ Added models for DUNRAVEN 

   🔍 Fetching models for DUR-A-LIFT INC....
Error fetching models for DUR-A-LIFT INC. from NHTSA vPIC: SyntaxError: Unexpected token '<', "<!DOCTYPE "... is not valid JSON
    at JSON.parse (<anonymous>)
    at parseJSONFromBytes (node:internal/deps/undici/undici:5419:19)
    at successSteps (node:internal/deps/undici/undici:5390:27)
    at fullyReadBody (node:internal/deps/undici/undici:1501:9)
    at process.processTicksAndRejections (node:internal/process/task_queues:95:5)
    at async specConsumeBody (node:internal/deps/undici/undici:5399:7)
    at Object.getModelsForMake (C:\Users\tfort\Desktop\Projects\the-pickard\src\lib\nhtsa-vpic-api.ts:78:18)
    at populateModels (C:\Users\tfort\Desktop\Projects\the-pickard\scripts\populate-vehicle-data.ts:175:22)
    at main (C:\Users\tfort\Desktop\Projects\the-pickard\scripts\populate-vehicle-data.ts:353:7)
      Found 0 models
      ✅ Added models for DUR-A-LIFT INC.

   🔍 Fetching models for DURA TRAILERS LLC...
      Found 1 models
      ✅ Added models for DURA TRAILERS LLC

   🔍 Fetching models for DURABILT...
      Found 1 models
      ✅ Added models for DURABILT

   🔍 Fetching models for DURABODY INDUSTRIES...
      Found 1 models
      ✅ Added models for DURABODY INDUSTRIES

   🔍 Fetching models for DURABUILT...
      Found 1 models
      ✅ Added models for DURABUILT

   🔍 Fetching models for DURABULL TRAILERS...
      Found 1 models
      ✅ Added models for DURABULL TRAILERS

   🔍 Fetching models for DURACO INC...
      Found 1 models
      ✅ Added models for DURACO INC

   🔍 Fetching models for DURAHAUL...
      Found 1 models
      ✅ Added models for DURAHAUL

   🔍 Fetching models for DURALAST TRAILERS...
      Found 1 models
      ✅ Added models for DURALAST TRAILERS

   🔍 Fetching models for DUSK TIL DAWN ...
Error fetching models for DUSK TIL DAWN  from NHTSA vPIC: SyntaxError: Unexpected token '<', "<!DOCTYPE "... is not valid JSON
    at JSON.parse (<anonymous>)
    at parseJSONFromBytes (node:internal/deps/undici/undici:5419:19)
    at successSteps (node:internal/deps/undici/undici:5390:27)
    at fullyReadBody (node:internal/deps/undici/undici:1501:9)
    at process.processTicksAndRejections (node:internal/process/task_queues:95:5)
    at async specConsumeBody (node:internal/deps/undici/undici:5399:7)
    at Object.getModelsForMake (C:\Users\tfort\Desktop\Projects\the-pickard\src\lib\nhtsa-vpic-api.ts:78:18)
    at populateModels (C:\Users\tfort\Desktop\Projects\the-pickard\scripts\populate-vehicle-data.ts:175:22)
    at main (C:\Users\tfort\Desktop\Projects\the-pickard\scripts\populate-vehicle-data.ts:353:7)
      Found 0 models
      ✅ Added models for DUSK TIL DAWN 

   🔍 Fetching models for DUSOLD CUSTOM CYCLES...
      Found 1 models
      ✅ Added models for DUSOLD CUSTOM CYCLES

   🔍 Fetching models for DUTCH MASTER...
      Found 1 models
      ✅ Added models for DUTCH MASTER

   🔍 Fetching models for DUTCH PARK HOMES...
      Found 1 models
      ✅ Added models for DUTCH PARK HOMES

   🔍 Fetching models for DUTCH PARK INC...
      Found 1 models
      ✅ Added models for DUTCH PARK INC

   🔍 Fetching models for DUTCHER...
      Found 2 models
      ✅ Added models for DUTCHER

   🔍 Fetching models for DUTCHMEN MANUFACTURING...
      Found 1 models
      ✅ Added models for DUTCHMEN MANUFACTURING

   🔍 Fetching models for DUTCHMEN MFG., INC....
Error fetching models for DUTCHMEN MFG., INC. from NHTSA vPIC: SyntaxError: Unexpected token '<', "<!DOCTYPE "... is not valid JSON
    at JSON.parse (<anonymous>)
    at parseJSONFromBytes (node:internal/deps/undici/undici:5419:19)
    at successSteps (node:internal/deps/undici/undici:5390:27)
    at fullyReadBody (node:internal/deps/undici/undici:1501:9)
    at process.processTicksAndRejections (node:internal/process/task_queues:95:5)
    at async specConsumeBody (node:internal/deps/undici/undici:5399:7)
    at Object.getModelsForMake (C:\Users\tfort\Desktop\Projects\the-pickard\src\lib\nhtsa-vpic-api.ts:78:18)
    at populateModels (C:\Users\tfort\Desktop\Projects\the-pickard\scripts\populate-vehicle-data.ts:175:22)
    at main (C:\Users\tfort\Desktop\Projects\the-pickard\scripts\populate-vehicle-data.ts:353:7)
      Found 0 models
      ✅ Added models for DUTCHMEN MFG., INC.

   🔍 Fetching models for DYNAMIC CHOPPER INC...
      Found 1 models
      ✅ Added models for DYNAMIC CHOPPER INC

   🔍 Fetching models for DYNAMIC DRIVES...
      Found 1 models
      ✅ Added models for DYNAMIC DRIVES

   🔍 Fetching models for DYNAMIC MANUFACTURING CORPORATION...
      Found 1 models
      ✅ Added models for DYNAMIC MANUFACTURING CORPORATION

   🔍 Fetching models for DYNAMIC TRAILERS...
      Found 1 models
      ✅ Added models for DYNAMIC TRAILERS

   🔍 Fetching models for DYNAMITE ...
Error fetching models for DYNAMITE  from NHTSA vPIC: SyntaxError: Unexpected token '<', "<!DOCTYPE "... is not valid JSON
    at JSON.parse (<anonymous>)
    at parseJSONFromBytes (node:internal/deps/undici/undici:5419:19)
    at successSteps (node:internal/deps/undici/undici:5390:27)
    at fullyReadBody (node:internal/deps/undici/undici:1501:9)
    at process.processTicksAndRejections (node:internal/process/task_queues:95:5)
    at async specConsumeBody (node:internal/deps/undici/undici:5399:7)
    at Object.getModelsForMake (C:\Users\tfort\Desktop\Projects\the-pickard\src\lib\nhtsa-vpic-api.ts:78:18)
    at populateModels (C:\Users\tfort\Desktop\Projects\the-pickard\scripts\populate-vehicle-data.ts:175:22)
    at main (C:\Users\tfort\Desktop\Projects\the-pickard\scripts\populate-vehicle-data.ts:353:7)
      Found 0 models
      ✅ Added models for DYNAMITE 

   🔍 Fetching models for DYNASTY ELECTRIC CAR...
      Found 1 models
      ✅ Added models for DYNASTY ELECTRIC CAR

   🔍 Fetching models for DYNATEST...
      Found 1 models
      ✅ Added models for DYNATEST

   🔍 Fetching models for DYNAWELD, INC....
Error fetching models for DYNAWELD, INC. from NHTSA vPIC: SyntaxError: Unexpected token '<', "<!DOCTYPE "... is not valid JSON
    at JSON.parse (<anonymous>)
    at parseJSONFromBytes (node:internal/deps/undici/undici:5419:19)
    at successSteps (node:internal/deps/undici/undici:5390:27)
    at fullyReadBody (node:internal/deps/undici/undici:1501:9)
    at process.processTicksAndRejections (node:internal/process/task_queues:95:5)
    at async specConsumeBody (node:internal/deps/undici/undici:5399:7)
    at Object.getModelsForMake (C:\Users\tfort\Desktop\Projects\the-pickard\src\lib\nhtsa-vpic-api.ts:78:18)
    at populateModels (C:\Users\tfort\Desktop\Projects\the-pickard\scripts\populate-vehicle-data.ts:175:22)
    at main (C:\Users\tfort\Desktop\Projects\the-pickard\scripts\populate-vehicle-data.ts:353:7)
      Found 0 models
      ✅ Added models for DYNAWELD, INC.

   🔍 Fetching models for DYRENG FARMS...
      Found 1 models
      ✅ Added models for DYRENG FARMS

   🔍 Fetching models for E & L TRAILERS...
      Found 1 models
      ✅ Added models for E & L TRAILERS

   🔍 Fetching models for E & R TRAILERS...
      Found 1 models
      ✅ Added models for E & R TRAILERS

   🔍 Fetching models for E & W MANUFACTURING...
      Found 1 models
      ✅ Added models for E & W MANUFACTURING

   🔍 Fetching models for E RIDE PRO...
      Found 6 models
      ✅ Added models for E RIDE PRO

   🔍 Fetching models for E Z DUMPER PRODUCTS LLC...
      Found 1 models
      ✅ Added models for E Z DUMPER PRODUCTS LLC

   🔍 Fetching models for E Z RYDER MOTOR...
      Found 1 models
      ✅ Added models for E Z RYDER MOTOR

   🔍 Fetching models for E&M TRAILERS...
      Found 1 models
      ✅ Added models for E&M TRAILERS

   🔍 Fetching models for E&R INDUSTRIAL...
      Found 1 models
      ✅ Added models for E&R INDUSTRIAL

   🔍 Fetching models for E&R TRAILERS...
      Found 1 models
      ✅ Added models for E&R TRAILERS

   🔍 Fetching models for E-Z PULL TRAILER MFG. & SALES...
Error fetching models for E-Z PULL TRAILER MFG. & SALES from NHTSA vPIC: SyntaxError: Unexpected token '<', "<!DOCTYPE "... is not valid JSON
    at JSON.parse (<anonymous>)
    at parseJSONFromBytes (node:internal/deps/undici/undici:5419:19)
    at successSteps (node:internal/deps/undici/undici:5390:27)
    at fullyReadBody (node:internal/deps/undici/undici:1501:9)
    at process.processTicksAndRejections (node:internal/process/task_queues:95:5)
    at async specConsumeBody (node:internal/deps/undici/undici:5399:7)
    at Object.getModelsForMake (C:\Users\tfort\Desktop\Projects\the-pickard\src\lib\nhtsa-vpic-api.ts:78:18)
    at populateModels (C:\Users\tfort\Desktop\Projects\the-pickard\scripts\populate-vehicle-data.ts:175:22)
    at main (C:\Users\tfort\Desktop\Projects\the-pickard\scripts\populate-vehicle-data.ts:353:7)
      Found 0 models
      ✅ Added models for E-Z PULL TRAILER MFG. & SALES

   🔍 Fetching models for E-Z PULL TRAILERS LLC...
      Found 1 models
      ✅ Added models for E-Z PULL TRAILERS LLC

   🔍 Fetching models for E-Z PULL, INC....
Error fetching models for E-Z PULL, INC. from NHTSA vPIC: SyntaxError: Unexpected token '<', "<!DOCTYPE "... is not valid JSON
    at JSON.parse (<anonymous>)
    at parseJSONFromBytes (node:internal/deps/undici/undici:5419:19)
    at successSteps (node:internal/deps/undici/undici:5390:27)
    at fullyReadBody (node:internal/deps/undici/undici:1501:9)
    at process.processTicksAndRejections (node:internal/process/task_queues:95:5)
    at async specConsumeBody (node:internal/deps/undici/undici:5399:7)
    at Object.getModelsForMake (C:\Users\tfort\Desktop\Projects\the-pickard\src\lib\nhtsa-vpic-api.ts:78:18)
    at populateModels (C:\Users\tfort\Desktop\Projects\the-pickard\scripts\populate-vehicle-data.ts:175:22)
    at main (C:\Users\tfort\Desktop\Projects\the-pickard\scripts\populate-vehicle-data.ts:353:7)
      Found 0 models
      ✅ Added models for E-Z PULL, INC.

   🔍 Fetching models for E-Z TOW...
      Found 1 models
      ✅ Added models for E-Z TOW

   🔍 Fetching models for E-Z-GO DIVISION OF TEXTRON...
      Found 11 models
      ✅ Added models for E-Z-GO DIVISION OF TEXTRON

   🔍 Fetching models for E-Z-TOW FABRICATIONS...
      Found 1 models
      ✅ Added models for E-Z-TOW FABRICATIONS

   🔍 Fetching models for E.A. COLLINS AND SONS...
Error fetching models for E.A. COLLINS AND SONS from NHTSA vPIC: SyntaxError: Unexpected token '<', "<!DOCTYPE "... is not valid JSON
    at JSON.parse (<anonymous>)
    at parseJSONFromBytes (node:internal/deps/undici/undici:5419:19)
    at successSteps (node:internal/deps/undici/undici:5390:27)
    at fullyReadBody (node:internal/deps/undici/undici:1501:9)
    at process.processTicksAndRejections (node:internal/process/task_queues:95:5)
    at async specConsumeBody (node:internal/deps/undici/undici:5399:7)
    at Object.getModelsForMake (C:\Users\tfort\Desktop\Projects\the-pickard\src\lib\nhtsa-vpic-api.ts:78:18)
    at populateModels (C:\Users\tfort\Desktop\Projects\the-pickard\scripts\populate-vehicle-data.ts:175:22)
    at main (C:\Users\tfort\Desktop\Projects\the-pickard\scripts\populate-vehicle-data.ts:353:7)
      Found 0 models
      ✅ Added models for E.A. COLLINS AND SONS

   🔍 Fetching models for E.C. WOODS...
Error fetching models for E.C. WOODS from NHTSA vPIC: SyntaxError: Unexpected token '<', "<!DOCTYPE "... is not valid JSON
    at JSON.parse (<anonymous>)
    at parseJSONFromBytes (node:internal/deps/undici/undici:5419:19)
    at successSteps (node:internal/deps/undici/undici:5390:27)
    at fullyReadBody (node:internal/deps/undici/undici:1501:9)
    at process.processTicksAndRejections (node:internal/process/task_queues:95:5)
    at async specConsumeBody (node:internal/deps/undici/undici:5399:7)
    at Object.getModelsForMake (C:\Users\tfort\Desktop\Projects\the-pickard\src\lib\nhtsa-vpic-api.ts:78:18)
    at populateModels (C:\Users\tfort\Desktop\Projects\the-pickard\scripts\populate-vehicle-data.ts:175:22)
    at main (C:\Users\tfort\Desktop\Projects\the-pickard\scripts\populate-vehicle-data.ts:353:7)
      Found 0 models
      ✅ Added models for E.C. WOODS

   🔍 Fetching models for E.C.S.A....
Error fetching models for E.C.S.A. from NHTSA vPIC: SyntaxError: Unexpected token '<', "<!DOCTYPE "... is not valid JSON
    at JSON.parse (<anonymous>)
    at parseJSONFromBytes (node:internal/deps/undici/undici:5419:19)
    at successSteps (node:internal/deps/undici/undici:5390:27)
    at fullyReadBody (node:internal/deps/undici/undici:1501:9)
    at process.processTicksAndRejections (node:internal/process/task_queues:95:5)
    at async specConsumeBody (node:internal/deps/undici/undici:5399:7)
    at Object.getModelsForMake (C:\Users\tfort\Desktop\Projects\the-pickard\src\lib\nhtsa-vpic-api.ts:78:18)
    at populateModels (C:\Users\tfort\Desktop\Projects\the-pickard\scripts\populate-vehicle-data.ts:175:22)
    at main (C:\Users\tfort\Desktop\Projects\the-pickard\scripts\populate-vehicle-data.ts:353:7)
      Found 0 models
      ✅ Added models for E.C.S.A.

   🔍 Fetching models for E.F. COUVRETTE COMPANY, INC...
Error fetching models for E.F. COUVRETTE COMPANY, INC from NHTSA vPIC: SyntaxError: Unexpected token '<', "<!DOCTYPE "... is not valid JSON
    at JSON.parse (<anonymous>)
    at parseJSONFromBytes (node:internal/deps/undici/undici:5419:19)
    at successSteps (node:internal/deps/undici/undici:5390:27)
    at fullyReadBody (node:internal/deps/undici/undici:1501:9)
    at process.processTicksAndRejections (node:internal/process/task_queues:95:5)
    at async specConsumeBody (node:internal/deps/undici/undici:5399:7)
    at Object.getModelsForMake (C:\Users\tfort\Desktop\Projects\the-pickard\src\lib\nhtsa-vpic-api.ts:78:18)
    at populateModels (C:\Users\tfort\Desktop\Projects\the-pickard\scripts\populate-vehicle-data.ts:175:22)
    at main (C:\Users\tfort\Desktop\Projects\the-pickard\scripts\populate-vehicle-data.ts:353:7)
      Found 0 models
      ✅ Added models for E.F. COUVRETTE COMPANY, INC

   🔍 Fetching models for E.F. MARSH ENGINEERING COMPANY...
Error fetching models for E.F. MARSH ENGINEERING COMPANY from NHTSA vPIC: SyntaxError: Unexpected token '<', "<!DOCTYPE "... is not valid JSON
    at JSON.parse (<anonymous>)
    at parseJSONFromBytes (node:internal/deps/undici/undici:5419:19)
    at successSteps (node:internal/deps/undici/undici:5390:27)
    at fullyReadBody (node:internal/deps/undici/undici:1501:9)
    at process.processTicksAndRejections (node:internal/process/task_queues:95:5)
    at async specConsumeBody (node:internal/deps/undici/undici:5399:7)
    at Object.getModelsForMake (C:\Users\tfort\Desktop\Projects\the-pickard\src\lib\nhtsa-vpic-api.ts:78:18)
    at populateModels (C:\Users\tfort\Desktop\Projects\the-pickard\scripts\populate-vehicle-data.ts:175:22)
    at main (C:\Users\tfort\Desktop\Projects\the-pickard\scripts\populate-vehicle-data.ts:353:7)
      Found 0 models
      ✅ Added models for E.F. MARSH ENGINEERING COMPANY

   🔍 Fetching models for E.G.M. TRAILERS...
Error fetching models for E.G.M. TRAILERS from NHTSA vPIC: SyntaxError: Unexpected token '<', "<!DOCTYPE "... is not valid JSON
    at JSON.parse (<anonymous>)
    at parseJSONFromBytes (node:internal/deps/undici/undici:5419:19)
    at successSteps (node:internal/deps/undici/undici:5390:27)
    at fullyReadBody (node:internal/deps/undici/undici:1501:9)
    at process.processTicksAndRejections (node:internal/process/task_queues:95:5)
    at async specConsumeBody (node:internal/deps/undici/undici:5399:7)
    at Object.getModelsForMake (C:\Users\tfort\Desktop\Projects\the-pickard\src\lib\nhtsa-vpic-api.ts:78:18)
    at populateModels (C:\Users\tfort\Desktop\Projects\the-pickard\scripts\populate-vehicle-data.ts:175:22)
    at main (C:\Users\tfort\Desktop\Projects\the-pickard\scripts\populate-vehicle-data.ts:353:7)
      Found 0 models
      ✅ Added models for E.G.M. TRAILERS

   🔍 Fetching models for E.K. MACHINE CO. INC....
Error fetching models for E.K. MACHINE CO. INC. from NHTSA vPIC: SyntaxError: Unexpected token '<', "<!DOCTYPE "... is not valid JSON
    at JSON.parse (<anonymous>)
    at parseJSONFromBytes (node:internal/deps/undici/undici:5419:19)
    at successSteps (node:internal/deps/undici/undici:5390:27)
    at fullyReadBody (node:internal/deps/undici/undici:1501:9)
    at process.processTicksAndRejections (node:internal/process/task_queues:95:5)
    at async specConsumeBody (node:internal/deps/undici/undici:5399:7)
    at Object.getModelsForMake (C:\Users\tfort\Desktop\Projects\the-pickard\src\lib\nhtsa-vpic-api.ts:78:18)
    at populateModels (C:\Users\tfort\Desktop\Projects\the-pickard\scripts\populate-vehicle-data.ts:175:22)
    at main (C:\Users\tfort\Desktop\Projects\the-pickard\scripts\populate-vehicle-data.ts:353:7)
      Found 0 models
      ✅ Added models for E.K. MACHINE CO. INC.

   🔍 Fetching models for E.P. INDUSTRIES INC...
Error fetching models for E.P. INDUSTRIES INC from NHTSA vPIC: SyntaxError: Unexpected token '<', "<!DOCTYPE "... is not valid JSON
    at JSON.parse (<anonymous>)
    at parseJSONFromBytes (node:internal/deps/undici/undici:5419:19)
    at successSteps (node:internal/deps/undici/undici:5390:27)
    at fullyReadBody (node:internal/deps/undici/undici:1501:9)
    at process.processTicksAndRejections (node:internal/process/task_queues:95:5)
    at async specConsumeBody (node:internal/deps/undici/undici:5399:7)
    at Object.getModelsForMake (C:\Users\tfort\Desktop\Projects\the-pickard\src\lib\nhtsa-vpic-api.ts:78:18)
    at populateModels (C:\Users\tfort\Desktop\Projects\the-pickard\scripts\populate-vehicle-data.ts:175:22)
    at main (C:\Users\tfort\Desktop\Projects\the-pickard\scripts\populate-vehicle-data.ts:353:7)
      Found 0 models
      ✅ Added models for E.P. INDUSTRIES INC

   🔍 Fetching models for E3 TRAILERS...
      Found 1 models
      ✅ Added models for E3 TRAILERS

   🔍 Fetching models for EA...
      Found 950 models
      ✅ Added models for EA

   🔍 Fetching models for EAGER BEAVER...
      Found 48 models
      ✅ Added models for EAGER BEAVER

   🔍 Fetching models for EAGLE...
      Found 108 models
      ✅ Added models for EAGLE

   🔍 Fetching models for EAGLE BRIDGE...
      Found 2 models
      ✅ Added models for EAGLE BRIDGE

   🔍 Fetching models for EAGLE CAR CARRIERS...
      Found 1 models
      ✅ Added models for EAGLE CAR CARRIERS

   🔍 Fetching models for EAGLE COACH CORPORATION...
      Found 7 models
      ✅ Added models for EAGLE COACH CORPORATION

   🔍 Fetching models for EAGLE CRAFT, INC....
Error fetching models for EAGLE CRAFT, INC. from NHTSA vPIC: SyntaxError: Unexpected token '<', "<!DOCTYPE "... is not valid JSON
    at JSON.parse (<anonymous>)
    at parseJSONFromBytes (node:internal/deps/undici/undici:5419:19)
    at successSteps (node:internal/deps/undici/undici:5390:27)
    at fullyReadBody (node:internal/deps/undici/undici:1501:9)
    at process.processTicksAndRejections (node:internal/process/task_queues:95:5)
    at async specConsumeBody (node:internal/deps/undici/undici:5399:7)
    at Object.getModelsForMake (C:\Users\tfort\Desktop\Projects\the-pickard\src\lib\nhtsa-vpic-api.ts:78:18)
    at populateModels (C:\Users\tfort\Desktop\Projects\the-pickard\scripts\populate-vehicle-data.ts:175:22)
    at main (C:\Users\tfort\Desktop\Projects\the-pickard\scripts\populate-vehicle-data.ts:353:7)
      Found 0 models
      ✅ Added models for EAGLE CRAFT, INC.

   🔍 Fetching models for EAGLE ERECTORS...
      Found 1 models
      ✅ Added models for EAGLE ERECTORS

   🔍 Fetching models for EAGLE FORD TANKS & TRAILERS LLC...
      Found 1 models
      ✅ Added models for EAGLE FORD TANKS & TRAILERS LLC

   🔍 Fetching models for EAGLE GENERAL CONTRACTORS, INC...
      Found 1 models
      ✅ Added models for EAGLE GENERAL CONTRACTORS, INC

   🔍 Fetching models for EAGLE HEAD LIFTS...
      Found 1 models
      ✅ Added models for EAGLE HEAD LIFTS

   🔍 Fetching models for EAGLE INDUSTRIES...
      Found 1 models
      ✅ Added models for EAGLE INDUSTRIES

   🔍 Fetching models for EAGLE IRON METAL WORKS...
      Found 1 models
      ✅ Added models for EAGLE IRON METAL WORKS

   🔍 Fetching models for EAGLE MARINE CORPORATION LTD...
      Found 0 models
      ✅ Added models for EAGLE MARINE CORPORATION LTD

   🔍 Fetching models for EAGLE TRAILERS MFG...
      Found 1 models
      ✅ Added models for EAGLE TRAILERS MFG

   🔍 Fetching models for EAGLE WELDING & MACHINE...
      Found 1 models
      ✅ Added models for EAGLE WELDING & MACHINE

   🔍 Fetching models for EAGLEROCK TRAILERS, INC....
Error fetching models for EAGLEROCK TRAILERS, INC. from NHTSA vPIC: SyntaxError: Unexpected token '<', "<!DOCTYPE "... is not valid JSON
    at JSON.parse (<anonymous>)
    at parseJSONFromBytes (node:internal/deps/undici/undici:5419:19)
    at successSteps (node:internal/deps/undici/undici:5390:27)
    at fullyReadBody (node:internal/deps/undici/undici:1501:9)
    at process.processTicksAndRejections (node:internal/process/task_queues:95:5)
    at async specConsumeBody (node:internal/deps/undici/undici:5399:7)
    at Object.getModelsForMake (C:\Users\tfort\Desktop\Projects\the-pickard\src\lib\nhtsa-vpic-api.ts:78:18)
    at populateModels (C:\Users\tfort\Desktop\Projects\the-pickard\scripts\populate-vehicle-data.ts:175:22)
    at main (C:\Users\tfort\Desktop\Projects\the-pickard\scripts\populate-vehicle-data.ts:353:7)
      Found 0 models
      ✅ Added models for EAGLEROCK TRAILERS, INC.

   🔍 Fetching models for EAHORA...
      Found 12 models
      ✅ Added models for EAHORA

   🔍 Fetching models for EAM...
      Found 118 models
      ✅ Added models for EAM

   🔍 Fetching models for EARTH TOOL CO LLC...
      Found 1 models
      ✅ Added models for EARTH TOOL CO LLC

   🔍 Fetching models for EARTH TRAVELER...
      Found 1 models
      ✅ Added models for EARTH TRAVELER

   🔍 Fetching models for EAST KENTUCKY TRAILERS MFG CO...
      Found 1 models
      ✅ Added models for EAST KENTUCKY TRAILERS MFG CO

   🔍 Fetching models for EAST MANUFACTURING CORP....
Error fetching models for EAST MANUFACTURING CORP. from NHTSA vPIC: SyntaxError: Unexpected token '<', "<!DOCTYPE "... is not valid JSON
    at JSON.parse (<anonymous>)
    at parseJSONFromBytes (node:internal/deps/undici/undici:5419:19)
    at successSteps (node:internal/deps/undici/undici:5390:27)
    at fullyReadBody (node:internal/deps/undici/undici:1501:9)
    at process.processTicksAndRejections (node:internal/process/task_queues:95:5)
    at async specConsumeBody (node:internal/deps/undici/undici:5399:7)
    at Object.getModelsForMake (C:\Users\tfort\Desktop\Projects\the-pickard\src\lib\nhtsa-vpic-api.ts:78:18)
    at populateModels (C:\Users\tfort\Desktop\Projects\the-pickard\scripts\populate-vehicle-data.ts:175:22)
    at main (C:\Users\tfort\Desktop\Projects\the-pickard\scripts\populate-vehicle-data.ts:353:7)
      Found 0 models
      ✅ Added models for EAST MANUFACTURING CORP.

   🔍 Fetching models for EAST PRAIRIE FABRICATION...
      Found 1 models
      ✅ Added models for EAST PRAIRIE FABRICATION

   🔍 Fetching models for EAST RIVER MACHINE CORPORATION...
      Found 1 models
      ✅ Added models for EAST RIVER MACHINE CORPORATION

   🔍 Fetching models for EAST RIVER MANUFACTURING...
      Found 1 models
      ✅ Added models for EAST RIVER MANUFACTURING

   🔍 Fetching models for EAST SIDE CUSTOM CHOPPERS...
      Found 1 models
      ✅ Added models for EAST SIDE CUSTOM CHOPPERS

   🔍 Fetching models for EAST TEXAS BUILDING SYSTEMS...
      Found 1 models
      ✅ Added models for EAST TEXAS BUILDING SYSTEMS

   🔍 Fetching models for EAST TEXAS LONGHORN TRAILERS, LLC...
      Found 1 models
      ✅ Added models for EAST TEXAS LONGHORN TRAILERS, LLC

   🔍 Fetching models for EASTCOAST BIKEWORKS...
      Found 1 models
      ✅ Added models for EASTCOAST BIKEWORKS

   🔍 Fetching models for EASTERN TRAILER SALES...
      Found 1 models
      ✅ Added models for EASTERN TRAILER SALES

   🔍 Fetching models for EASTERN WHOLESALE DISTRIBUTORS...
      Found 1 models
      ✅ Added models for EASTERN WHOLESALE DISTRIBUTORS

   🔍 Fetching models for EASTERN, INC....
Error fetching models for EASTERN, INC. from NHTSA vPIC: SyntaxError: Unexpected token '<', "<!DOCTYPE "... is not valid JSON
    at JSON.parse (<anonymous>)
    at parseJSONFromBytes (node:internal/deps/undici/undici:5419:19)
    at successSteps (node:internal/deps/undici/undici:5390:27)
    at fullyReadBody (node:internal/deps/undici/undici:1501:9)
    at process.processTicksAndRejections (node:internal/process/task_queues:95:5)
    at async specConsumeBody (node:internal/deps/undici/undici:5399:7)
    at Object.getModelsForMake (C:\Users\tfort\Desktop\Projects\the-pickard\src\lib\nhtsa-vpic-api.ts:78:18)
    at populateModels (C:\Users\tfort\Desktop\Projects\the-pickard\scripts\populate-vehicle-data.ts:175:22)
    at main (C:\Users\tfort\Desktop\Projects\the-pickard\scripts\populate-vehicle-data.ts:353:7)
      Found 0 models
      ✅ Added models for EASTERN, INC.

   🔍 Fetching models for EASTMOND TRAILER COMPANY...
      Found 1 models
      ✅ Added models for EASTMOND TRAILER COMPANY

   🔍 Fetching models for EASTON...
      Found 2 models
      ✅ Added models for EASTON

   🔍 Fetching models for EASTON CUSTOM FRAMES L.L.C...
Error fetching models for EASTON CUSTOM FRAMES L.L.C from NHTSA vPIC: SyntaxError: Unexpected token '<', "<!DOCTYPE "... is not valid JSON
    at JSON.parse (<anonymous>)
    at parseJSONFromBytes (node:internal/deps/undici/undici:5419:19)
    at successSteps (node:internal/deps/undici/undici:5390:27)
    at fullyReadBody (node:internal/deps/undici/undici:1501:9)
    at process.processTicksAndRejections (node:internal/process/task_queues:95:5)
    at async specConsumeBody (node:internal/deps/undici/undici:5399:7)
    at Object.getModelsForMake (C:\Users\tfort\Desktop\Projects\the-pickard\src\lib\nhtsa-vpic-api.ts:78:18)
    at populateModels (C:\Users\tfort\Desktop\Projects\the-pickard\scripts\populate-vehicle-data.ts:175:22)
    at main (C:\Users\tfort\Desktop\Projects\the-pickard\scripts\populate-vehicle-data.ts:353:7)
      Found 0 models
      ✅ Added models for EASTON CUSTOM FRAMES L.L.C

   🔍 Fetching models for EASY GO LSV...
      Found 1 models
      ✅ Added models for EASY GO LSV

   🔍 Fetching models for EASY LAWN...
      Found 1 models
      ✅ Added models for EASY LAWN

   🔍 Fetching models for EASY TIME TRAILERS, INC....
Error fetching models for EASY TIME TRAILERS, INC. from NHTSA vPIC: SyntaxError: Unexpected token '<', "<!DOCTYPE "... is not valid JSON
    at JSON.parse (<anonymous>)
    at parseJSONFromBytes (node:internal/deps/undici/undici:5419:19)
    at successSteps (node:internal/deps/undici/undici:5390:27)
    at fullyReadBody (node:internal/deps/undici/undici:1501:9)
    at process.processTicksAndRejections (node:internal/process/task_queues:95:5)
    at async specConsumeBody (node:internal/deps/undici/undici:5399:7)
    at Object.getModelsForMake (C:\Users\tfort\Desktop\Projects\the-pickard\src\lib\nhtsa-vpic-api.ts:78:18)
    at populateModels (C:\Users\tfort\Desktop\Projects\the-pickard\scripts\populate-vehicle-data.ts:175:22)
    at main (C:\Users\tfort\Desktop\Projects\the-pickard\scripts\populate-vehicle-data.ts:353:7)
      Found 0 models
      ✅ Added models for EASY TIME TRAILERS, INC.

   🔍 Fetching models for EASY UP, EASY GO TRAILERS...
      Found 1 models
      ✅ Added models for EASY UP, EASY GO TRAILERS

   🔍 Fetching models for EASYRIDER MOTORCYCLE COMPANY...
      Found 2 models
      ✅ Added models for EASYRIDER MOTORCYCLE COMPANY

   🔍 Fetching models for EASYRIDER MOTORCYCLE COMPANY TRAILERS...
      Found 1 models
      ✅ Added models for EASYRIDER MOTORCYCLE COMPANY TRAILERS

   🔍 Fetching models for EASYWAY TAILERS, INC...
      Found 1 models
      ✅ Added models for EASYWAY TAILERS, INC

   🔍 Fetching models for EATON COMPRESSOR AND FABRICATION...
      Found 1 models
      ✅ Added models for EATON COMPRESSOR AND FABRICATION

   🔍 Fetching models for ECO SENSE...
      Found 1 models
      ✅ Added models for ECO SENSE

   🔍 Fetching models for ECON-O-HAUL...
      Found 1 models
      ✅ Added models for ECON-O-HAUL

   🔍 Fetching models for ECONO-TRAILER...
      Found 1 models
      ✅ Added models for ECONO-TRAILER

   🔍 Fetching models for ECONOBOY CORPORATION...
      Found 1 models
      ✅ Added models for ECONOBOY CORPORATION

   🔍 Fetching models for ECONOLINE TRAILER, INC...
      Found 1 models
      ✅ Added models for ECONOLINE TRAILER, INC

   🔍 Fetching models for ECONOMY DRILLING SOLUTIONS...
      Found 1 models
      ✅ Added models for ECONOMY DRILLING SOLUTIONS

   🔍 Fetching models for ECOOTER...
      Found 3 models
      ✅ Added models for ECOOTER

   🔍 Fetching models for ECOSSE MOTO WORKS, INC....
Error fetching models for ECOSSE MOTO WORKS, INC. from NHTSA vPIC: SyntaxError: Unexpected token '<', "<!DOCTYPE "... is not valid JSON
    at JSON.parse (<anonymous>)
    at parseJSONFromBytes (node:internal/deps/undici/undici:5419:19)
    at successSteps (node:internal/deps/undici/undici:5390:27)
    at fullyReadBody (node:internal/deps/undici/undici:1501:9)
    at process.processTicksAndRejections (node:internal/process/task_queues:95:5)
    at async specConsumeBody (node:internal/deps/undici/undici:5399:7)
    at Object.getModelsForMake (C:\Users\tfort\Desktop\Projects\the-pickard\src\lib\nhtsa-vpic-api.ts:78:18)
    at populateModels (C:\Users\tfort\Desktop\Projects\the-pickard\scripts\populate-vehicle-data.ts:175:22)
    at main (C:\Users\tfort\Desktop\Projects\the-pickard\scripts\populate-vehicle-data.ts:353:7)
      Found 0 models
      ✅ Added models for ECOSSE MOTO WORKS, INC.

   🔍 Fetching models for ECOSTREAM...
      Found 1 models
      ✅ Added models for ECOSTREAM

   🔍 Fetching models for ECOTREK CAMPER...
      Found 1 models
      ✅ Added models for ECOTREK CAMPER

   🔍 Fetching models for ECPC EPIC...
      Found 1 models
      ✅ Added models for ECPC EPIC

   🔍 Fetching models for ECS...
      Found 10 models
      ✅ Added models for ECS

   🔍 Fetching models for ECSTASY...
      Found 5 models
      ✅ Added models for ECSTASY

   🔍 Fetching models for ECSTASY TRIKES INC...
      Found 4 models
      ✅ Added models for ECSTASY TRIKES INC

   🔍 Fetching models for ED TRAILERS...
      Found 13 models
      ✅ Added models for ED TRAILERS

   🔍 Fetching models for ED'S MACHINE & REPAIR...
      Found 1 models
      ✅ Added models for ED'S MACHINE & REPAIR

   🔍 Fetching models for ED-KA MFG. INC....
Error fetching models for ED-KA MFG. INC. from NHTSA vPIC: SyntaxError: Unexpected token '<', "<!DOCTYPE "... is not valid JSON
    at JSON.parse (<anonymous>)
    at parseJSONFromBytes (node:internal/deps/undici/undici:5419:19)
    at successSteps (node:internal/deps/undici/undici:5390:27)
    at fullyReadBody (node:internal/deps/undici/undici:1501:9)
    at process.processTicksAndRejections (node:internal/process/task_queues:95:5)
    at async specConsumeBody (node:internal/deps/undici/undici:5399:7)
    at Object.getModelsForMake (C:\Users\tfort\Desktop\Projects\the-pickard\src\lib\nhtsa-vpic-api.ts:78:18)
    at populateModels (C:\Users\tfort\Desktop\Projects\the-pickard\scripts\populate-vehicle-data.ts:175:22)
    at main (C:\Users\tfort\Desktop\Projects\the-pickard\scripts\populate-vehicle-data.ts:353:7)
      Found 0 models
      ✅ Added models for ED-KA MFG. INC.

   🔍 Fetching models for EDDIE BAUER...
      Found 2 models
      ✅ Added models for EDDIE BAUER

   🔍 Fetching models for EDDIE ENGLISH COMPANY, INC....
Error fetching models for EDDIE ENGLISH COMPANY, INC. from NHTSA vPIC: SyntaxError: Unexpected token '<', "<!DOCTYPE "... is not valid JSON
    at JSON.parse (<anonymous>)
    at parseJSONFromBytes (node:internal/deps/undici/undici:5419:19)
    at successSteps (node:internal/deps/undici/undici:5390:27)
    at fullyReadBody (node:internal/deps/undici/undici:1501:9)
    at process.processTicksAndRejections (node:internal/process/task_queues:95:5)
    at async specConsumeBody (node:internal/deps/undici/undici:5399:7)
    at Object.getModelsForMake (C:\Users\tfort\Desktop\Projects\the-pickard\src\lib\nhtsa-vpic-api.ts:78:18)
    at populateModels (C:\Users\tfort\Desktop\Projects\the-pickard\scripts\populate-vehicle-data.ts:175:22)
    at main (C:\Users\tfort\Desktop\Projects\the-pickard\scripts\populate-vehicle-data.ts:353:7)
      Found 0 models
      ✅ Added models for EDDIE ENGLISH COMPANY, INC.

   🔍 Fetching models for EDDIE INC...
      Found 1 models
      ✅ Added models for EDDIE INC

   🔍 Fetching models for EDDIE TROTTA CUSTOM BIKES...
      Found 1 models
      ✅ Added models for EDDIE TROTTA CUSTOM BIKES

   🔍 Fetching models for EDGEWOOD WELDING & FABRICATION, INC....
Error fetching models for EDGEWOOD WELDING & FABRICATION, INC. from NHTSA vPIC: SyntaxError: Unexpected token '<', "<!DOCTYPE "... is not valid JSON
    at JSON.parse (<anonymous>)
    at parseJSONFromBytes (node:internal/deps/undici/undici:5419:19)
    at successSteps (node:internal/deps/undici/undici:5390:27)
    at fullyReadBody (node:internal/deps/undici/undici:1501:9)
    at process.processTicksAndRejections (node:internal/process/task_queues:95:5)
    at async specConsumeBody (node:internal/deps/undici/undici:5399:7)
    at Object.getModelsForMake (C:\Users\tfort\Desktop\Projects\the-pickard\src\lib\nhtsa-vpic-api.ts:78:18)
    at populateModels (C:\Users\tfort\Desktop\Projects\the-pickard\scripts\populate-vehicle-data.ts:175:22)
    at main (C:\Users\tfort\Desktop\Projects\the-pickard\scripts\populate-vehicle-data.ts:353:7)
      Found 0 models
      ✅ Added models for EDGEWOOD WELDING & FABRICATION, INC.

   🔍 Fetching models for EGGCAMPER...
      Found 1 models
      ✅ Added models for EGGCAMPER

   🔍 Fetching models for EGLMOTOR...
      Found 27 models
      ✅ Added models for EGLMOTOR

   🔍 Fetching models for EGO VEHICLES...
      Found 2 models
      ✅ Added models for EGO VEHICLES

   🔍 Fetching models for EH CONCEPTS...
      Found 1 models
      ✅ Added models for EH CONCEPTS

   🔍 Fetching models for EH WACHS...
      Found 1 models
      ✅ Added models for EH WACHS

   🔍 Fetching models for EHW...
      Found 1 models
      ✅ Added models for EHW

   🔍 Fetching models for EIGHT MILE CHOPPERS...
      Found 1 models
      ✅ Added models for EIGHT MILE CHOPPERS

   🔍 Fetching models for EIKS BIKES...
      Found 1 models
      ✅ Added models for EIKS BIKES

   🔍 Fetching models for EINGP...
      Found 1 models
      ✅ Added models for EINGP

   🔍 Fetching models for EIP MANUFACTURING...
      Found 1 models
      ✅ Added models for EIP MANUFACTURING

   🔍 Fetching models for EISCHEN MANUFACTURING CO, INC....
Error fetching models for EISCHEN MANUFACTURING CO, INC. from NHTSA vPIC: SyntaxError: Unexpected token '<', "<!DOCTYPE "... is not valid JSON
    at JSON.parse (<anonymous>)
    at parseJSONFromBytes (node:internal/deps/undici/undici:5419:19)
    at successSteps (node:internal/deps/undici/undici:5390:27)
    at fullyReadBody (node:internal/deps/undici/undici:1501:9)
    at process.processTicksAndRejections (node:internal/process/task_queues:95:5)
    at async specConsumeBody (node:internal/deps/undici/undici:5399:7)
    at Object.getModelsForMake (C:\Users\tfort\Desktop\Projects\the-pickard\src\lib\nhtsa-vpic-api.ts:78:18)
    at populateModels (C:\Users\tfort\Desktop\Projects\the-pickard\scripts\populate-vehicle-data.ts:175:22)
    at main (C:\Users\tfort\Desktop\Projects\the-pickard\scripts\populate-vehicle-data.ts:353:7)
      Found 0 models
      ✅ Added models for EISCHEN MANUFACTURING CO, INC.

   🔍 Fetching models for EL-SAN, INC...
      Found 1 models
      ✅ Added models for EL-SAN, INC

   🔍 Fetching models for ELAN MANUFACTURING...
      Found 1 models
      ✅ Added models for ELAN MANUFACTURING

   🔍 Fetching models for ELASTEC...
      Found 1 models
      ✅ Added models for ELASTEC

   🔍 Fetching models for ELCO INDUSTRIES...
      Found 1 models
      ✅ Added models for ELCO INDUSTRIES

   🔍 Fetching models for ELDORADO NATIONAL...
      Found 7 models
      ✅ Added models for ELDORADO NATIONAL

   🔍 Fetching models for ELECTRA MECCANICA VEHICLES CORP....
Error fetching models for ELECTRA MECCANICA VEHICLES CORP. from NHTSA vPIC: SyntaxError: Unexpected token '<', "<!DOCTYPE "... is not valid JSON
    at JSON.parse (<anonymous>)
    at parseJSONFromBytes (node:internal/deps/undici/undici:5419:19)
    at successSteps (node:internal/deps/undici/undici:5390:27)
    at fullyReadBody (node:internal/deps/undici/undici:1501:9)
    at process.processTicksAndRejections (node:internal/process/task_queues:95:5)
    at async specConsumeBody (node:internal/deps/undici/undici:5399:7)
    at Object.getModelsForMake (C:\Users\tfort\Desktop\Projects\the-pickard\src\lib\nhtsa-vpic-api.ts:78:18)
    at populateModels (C:\Users\tfort\Desktop\Projects\the-pickard\scripts\populate-vehicle-data.ts:175:22)
    at main (C:\Users\tfort\Desktop\Projects\the-pickard\scripts\populate-vehicle-data.ts:353:7)
      Found 0 models
      ✅ Added models for ELECTRA MECCANICA VEHICLES CORP.

   🔍 Fetching models for ELECTRIC CAR COMPANY...
      Found 1 models
      ✅ Added models for ELECTRIC CAR COMPANY

   🔍 Fetching models for ELECTRIC CITY MOTORS, NORTH AMERICA...
      Found 1 models
      ✅ Added models for ELECTRIC CITY MOTORS, NORTH AMERICA

   🔍 Fetching models for ELECTRIC CYCLE CO...
      Found 3 models
      ✅ Added models for ELECTRIC CYCLE CO

   🔍 Fetching models for ELECTRIC ELK...
      Found 1 models
      ✅ Added models for ELECTRIC ELK

   🔍 Fetching models for ELGIN TRAILERS...
      Found 1 models
      ✅ Added models for ELGIN TRAILERS

   🔍 Fetching models for ELI...
      Found 99 models
      ✅ Added models for ELI

   🔍 Fetching models for ELIMINATOR TRAILERS...
      Found 1 models
      ✅ Added models for ELIMINATOR TRAILERS

   🔍 Fetching models for ELITE...
      Found 24 models
      ✅ Added models for ELITE

   🔍 Fetching models for ELITE AIRBOAT COMPANY...
      Found 1 models
      ✅ Added models for ELITE AIRBOAT COMPANY

   🔍 Fetching models for ELITE COTTAGES...
      Found 1 models
      ✅ Added models for ELITE COTTAGES

   🔍 Fetching models for ELITE CUSTOM TRAILER,LLC...
      Found 1 models
      ✅ Added models for ELITE CUSTOM TRAILER,LLC

   🔍 Fetching models for ELITE CUSTOM TRAILERS...
      Found 1 models
      ✅ Added models for ELITE CUSTOM TRAILERS

   🔍 Fetching models for ELITE ELECTRIC VEHICLE...
      Found 3 models
      ✅ Added models for ELITE ELECTRIC VEHICLE

   🔍 Fetching models for ELITE EQUIPMENT...
      Found 1 models
      ✅ Added models for ELITE EQUIPMENT

   🔍 Fetching models for ELITE INDUSTRIES...
      Found 1 models
      ✅ Added models for ELITE INDUSTRIES

   🔍 Fetching models for ELITE LSV...
      Found 1 models
      ✅ Added models for ELITE LSV

   🔍 Fetching models for ELITE MOTOR SALES...
      Found 2 models
      ✅ Added models for ELITE MOTOR SALES

   🔍 Fetching models for ELITE RETREAT HOMES...
      Found 1 models
      ✅ Added models for ELITE RETREAT HOMES

   🔍 Fetching models for ELITE SPECIALTY TRAILERS, LLC...
      Found 1 models
      ✅ Added models for ELITE SPECIALTY TRAILERS, LLC

   🔍 Fetching models for ELITE TOOL...
      Found 1 models
      ✅ Added models for ELITE TOOL

   🔍 Fetching models for ELITE TRAILER MANUFACTURING...
      Found 1 models
      ✅ Added models for ELITE TRAILER MANUFACTURING

   🔍 Fetching models for ELITE TRAILERS...
      Found 2 models
      ✅ Added models for ELITE TRAILERS

   🔍 Fetching models for ELITE TRAILERS, INC...
      Found 1 models
      ✅ Added models for ELITE TRAILERS, INC

   🔍 Fetching models for ELITE WELDING & FABRICATION...
      Found 1 models
      ✅ Added models for ELITE WELDING & FABRICATION

   🔍 Fetching models for ELJO INDUSTRIES INC....
Error fetching models for ELJO INDUSTRIES INC. from NHTSA vPIC: SyntaxError: Unexpected token '<', "<!DOCTYPE "... is not valid JSON
    at JSON.parse (<anonymous>)
    at parseJSONFromBytes (node:internal/deps/undici/undici:5419:19)
    at successSteps (node:internal/deps/undici/undici:5390:27)
    at fullyReadBody (node:internal/deps/undici/undici:1501:9)
    at process.processTicksAndRejections (node:internal/process/task_queues:95:5)
    at async specConsumeBody (node:internal/deps/undici/undici:5399:7)
    at Object.getModelsForMake (C:\Users\tfort\Desktop\Projects\the-pickard\src\lib\nhtsa-vpic-api.ts:78:18)
    at populateModels (C:\Users\tfort\Desktop\Projects\the-pickard\scripts\populate-vehicle-data.ts:175:22)
    at main (C:\Users\tfort\Desktop\Projects\the-pickard\scripts\populate-vehicle-data.ts:353:7)
      Found 0 models
      ✅ Added models for ELJO INDUSTRIES INC.

   🔍 Fetching models for ELK CREEK...
      Found 1 models
      ✅ Added models for ELK CREEK

   🔍 Fetching models for ELKRIVER SMOKERS...
      Found 1 models
      ✅ Added models for ELKRIVER SMOKERS

   🔍 Fetching models for ELLINGTON INDUSTRY SUPPLY...
      Found 1 models
      ✅ Added models for ELLINGTON INDUSTRY SUPPLY

   🔍 Fetching models for ELLIOTT MACHINE WORKS INC...
      Found 1 models
      ✅ Added models for ELLIOTT MACHINE WORKS INC

   🔍 Fetching models for ELLIS & WATTS...
      Found 4 models
      ✅ Added models for ELLIS & WATTS

   🔍 Fetching models for ELLIS INDUSTRIES, INCORPORTED...
      Found 1 models
      ✅ Added models for ELLIS INDUSTRIES, INCORPORTED

   🔍 Fetching models for ELLIS MANUFACTURING INC...
      Found 1 models
      ✅ Added models for ELLIS MANUFACTURING INC

   🔍 Fetching models for ELLIS TRAILERS...
      Found 1 models
      ✅ Added models for ELLIS TRAILERS

   🔍 Fetching models for ECHO ACCESSORIES...
      Found 3 models
      ✅ Added models for ECHO ACCESSORIES

   🔍 Fetching models for ECHO BEAR CAT...
      Found 1 models
      ✅ Added models for ECHO BEAR CAT

   🔍 Fetching models for ECHO DESIGN CONSTRUCTION AND LOGISTICS / ECHO...
Error fetching models for ECHO DESIGN CONSTRUCTION AND LOGISTICS / ECHO from NHTSA vPIC: SyntaxError: Unexpected token '<', "<!DOCTYPE "... is not valid JSON
    at JSON.parse (<anonymous>)
    at parseJSONFromBytes (node:internal/deps/undici/undici:5419:19)
    at successSteps (node:internal/deps/undici/undici:5390:27)
    at fullyReadBody (node:internal/deps/undici/undici:1501:9)
    at process.processTicksAndRejections (node:internal/process/task_queues:95:5)
    at async specConsumeBody (node:internal/deps/undici/undici:5399:7)
    at Object.getModelsForMake (C:\Users\tfort\Desktop\Projects\the-pickard\src\lib\nhtsa-vpic-api.ts:78:18)
    at populateModels (C:\Users\tfort\Desktop\Projects\the-pickard\scripts\populate-vehicle-data.ts:175:22)
    at main (C:\Users\tfort\Desktop\Projects\the-pickard\scripts\populate-vehicle-data.ts:353:7)
      Found 0 models
      ✅ Added models for ECHO DESIGN CONSTRUCTION AND LOGISTICS / ECHO

   🔍 Fetching models for ECHO MANUFACTURING, LLC...
      Found 1 models
      ✅ Added models for ECHO MANUFACTURING, LLC

   🔍 Fetching models for ECHO TRAILER...
      Found 1 models
      ✅ Added models for ECHO TRAILER

   🔍 Fetching models for ECHTHAFT TRAILERS...
      Found 1 models
      ✅ Added models for ECHTHAFT TRAILERS

   🔍 Fetching models for ECLIPSE ALUMINUM TRAILERS...
      Found 1 models
      ✅ Added models for ECLIPSE ALUMINUM TRAILERS

   🔍 Fetching models for ECLIPSE PARK MODEL...
      Found 1 models
      ✅ Added models for ECLIPSE PARK MODEL

   🔍 Fetching models for ECLIPSE RECREATIONAL VEHICLES, INC...
      Found 1 models
      ✅ Added models for ECLIPSE RECREATIONAL VEHICLES, INC

   🔍 Fetching models for ECLIPSE TRAILERS, INC....
Error fetching models for ECLIPSE TRAILERS, INC. from NHTSA vPIC: SyntaxError: Unexpected token '<', "<!DOCTYPE "... is not valid JSON
    at JSON.parse (<anonymous>)
    at parseJSONFromBytes (node:internal/deps/undici/undici:5419:19)
    at successSteps (node:internal/deps/undici/undici:5390:27)
    at fullyReadBody (node:internal/deps/undici/undici:1501:9)
    at process.processTicksAndRejections (node:internal/process/task_queues:95:5)
    at async specConsumeBody (node:internal/deps/undici/undici:5399:7)
    at Object.getModelsForMake (C:\Users\tfort\Desktop\Projects\the-pickard\src\lib\nhtsa-vpic-api.ts:78:18)
    at populateModels (C:\Users\tfort\Desktop\Projects\the-pickard\scripts\populate-vehicle-data.ts:175:22)
    at main (C:\Users\tfort\Desktop\Projects\the-pickard\scripts\populate-vehicle-data.ts:353:7)
      Found 0 models
      ✅ Added models for ECLIPSE TRAILERS, INC.

   🔍 Fetching models for ECM...
      Found 1 models
      ✅ Added models for ECM

   🔍 Fetching models for ECO...
      Found 95 models
      ✅ Added models for ECO

   🔍 Fetching models for ECO MOTOR COMPANY...
      Found 1 models
      ✅ Added models for ECO MOTOR COMPANY

   🔍 Fetching models for ECO(SUPPLYOR LLC)...
      Found 1 models
      ✅ Added models for ECO(SUPPLYOR LLC)

   🔍 Fetching models for ECO-CART...
      Found 1 models
      ✅ Added models for ECO-CART

   🔍 Fetching models for ECO-FUELER CORPORATION...
      Found 1 models
      ✅ Added models for ECO-FUELER CORPORATION

   🔍 Fetching models for ECOCAMPOR...
      Found 1 models
      ✅ Added models for ECOCAMPOR

   🔍 Fetching models for ECOCAR...
      Found 2 models
      ✅ Added models for ECOCAR

   🔍 Fetching models for ECOCRUISE...
      Found 2 models
      ✅ Added models for ECOCRUISE

   🔍 Fetching models for ECOJOHN...
      Found 1 models
      ✅ Added models for ECOJOHN

   🔍 Fetching models for ECOMAUTOMOTIVE...
      Found 1 models
      ✅ Added models for ECOMAUTOMOTIVE

   🔍 Fetching models for EDDY MOTORS...
      Found 1 models
      ✅ Added models for EDDY MOTORS

   🔍 Fetching models for EDDY'S WELDING...
      Found 1 models
      ✅ Added models for EDDY'S WELDING

   🔍 Fetching models for EDGE...
      Found 11 models
      ✅ Added models for EDGE

   🔍 Fetching models for EDGE MANUFACTURING INC....
Error fetching models for EDGE MANUFACTURING INC. from NHTSA vPIC: SyntaxError: Unexpected token '<', "<!DOCTYPE "... is not valid JSON
    at JSON.parse (<anonymous>)
    at parseJSONFromBytes (node:internal/deps/undici/undici:5419:19)
    at successSteps (node:internal/deps/undici/undici:5390:27)
    at fullyReadBody (node:internal/deps/undici/undici:1501:9)
    at process.processTicksAndRejections (node:internal/process/task_queues:95:5)
    at async specConsumeBody (node:internal/deps/undici/undici:5399:7)
    at Object.getModelsForMake (C:\Users\tfort\Desktop\Projects\the-pickard\src\lib\nhtsa-vpic-api.ts:78:18)
    at populateModels (C:\Users\tfort\Desktop\Projects\the-pickard\scripts\populate-vehicle-data.ts:175:22)
    at main (C:\Users\tfort\Desktop\Projects\the-pickard\scripts\populate-vehicle-data.ts:353:7)
      Found 0 models
      ✅ Added models for EDGE MANUFACTURING INC.

   🔍 Fetching models for EDGE MARINE INC. DBA EDGE MARINE...
Error fetching models for EDGE MARINE INC. DBA EDGE MARINE from NHTSA vPIC: SyntaxError: Unexpected token '<', "<!DOCTYPE "... is not valid JSON
    at JSON.parse (<anonymous>)
    at parseJSONFromBytes (node:internal/deps/undici/undici:5419:19)
    at successSteps (node:internal/deps/undici/undici:5390:27)
    at fullyReadBody (node:internal/deps/undici/undici:1501:9)
    at process.processTicksAndRejections (node:internal/process/task_queues:95:5)
    at async specConsumeBody (node:internal/deps/undici/undici:5399:7)
    at Object.getModelsForMake (C:\Users\tfort\Desktop\Projects\the-pickard\src\lib\nhtsa-vpic-api.ts:78:18)
    at populateModels (C:\Users\tfort\Desktop\Projects\the-pickard\scripts\populate-vehicle-data.ts:175:22)
    at main (C:\Users\tfort\Desktop\Projects\the-pickard\scripts\populate-vehicle-data.ts:353:7)
      Found 0 models
      ✅ Added models for EDGE MARINE INC. DBA EDGE MARINE

   🔍 Fetching models for EDGE RECREATION VEHICLES...
      Found 1 models
      ✅ Added models for EDGE RECREATION VEHICLES

   🔍 Fetching models for EDMONDSON CUSTOM BUILT...
      Found 1 models
      ✅ Added models for EDMONDSON CUSTOM BUILT

   🔍 Fetching models for EDOMO, INC....
Error fetching models for EDOMO, INC. from NHTSA vPIC: SyntaxError: Unexpected token '<', "<!DOCTYPE "... is not valid JSON
    at JSON.parse (<anonymous>)
    at parseJSONFromBytes (node:internal/deps/undici/undici:5419:19)
    at successSteps (node:internal/deps/undici/undici:5390:27)
    at fullyReadBody (node:internal/deps/undici/undici:1501:9)
    at process.processTicksAndRejections (node:internal/process/task_queues:95:5)
    at async specConsumeBody (node:internal/deps/undici/undici:5399:7)
    at Object.getModelsForMake (C:\Users\tfort\Desktop\Projects\the-pickard\src\lib\nhtsa-vpic-api.ts:78:18)
    at populateModels (C:\Users\tfort\Desktop\Projects\the-pickard\scripts\populate-vehicle-data.ts:175:22)
    at main (C:\Users\tfort\Desktop\Projects\the-pickard\scripts\populate-vehicle-data.ts:353:7)
      Found 0 models
      ✅ Added models for EDOMO, INC.

   🔍 Fetching models for EDRIFT...
      Found 1 models
      ✅ Added models for EDRIFT

   🔍 Fetching models for EFFICIENT DRIVETRAINS, INC....
Error fetching models for EFFICIENT DRIVETRAINS, INC. from NHTSA vPIC: SyntaxError: Unexpected token '<', "<!DOCTYPE "... is not valid JSON
    at JSON.parse (<anonymous>)
    at parseJSONFromBytes (node:internal/deps/undici/undici:5419:19)
    at successSteps (node:internal/deps/undici/undici:5390:27)
    at fullyReadBody (node:internal/deps/undici/undici:1501:9)
    at process.processTicksAndRejections (node:internal/process/task_queues:95:5)
    at async specConsumeBody (node:internal/deps/undici/undici:5399:7)
    at Object.getModelsForMake (C:\Users\tfort\Desktop\Projects\the-pickard\src\lib\nhtsa-vpic-api.ts:78:18)
    at populateModels (C:\Users\tfort\Desktop\Projects\the-pickard\scripts\populate-vehicle-data.ts:175:22)
    at main (C:\Users\tfort\Desktop\Projects\the-pickard\scripts\populate-vehicle-data.ts:353:7)
      Found 0 models
      ✅ Added models for EFFICIENT DRIVETRAINS, INC.

   🔍 Fetching models for EFFICIENT HAULING SYSTEMS...
      Found 1 models
      ✅ Added models for EFFICIENT HAULING SYSTEMS

   🔍 Fetching models for EFL MANUFACTURING...
      Found 1 models
      ✅ Added models for EFL MANUFACTURING

   🔍 Fetching models for EG & G MOUNT SOPRIS INSTRUMENTS...
      Found 1 models
      ✅ Added models for EG & G MOUNT SOPRIS INSTRUMENTS

   🔍 Fetching models for EISEN...
      Found 1 models
      ✅ Added models for EISEN

   🔍 Fetching models for EKOMOTO...
      Found 1 models
      ✅ Added models for EKOMOTO

   🔍 Fetching models for EKONO CATERING EQUIPMENT, INC....
Error fetching models for EKONO CATERING EQUIPMENT, INC. from NHTSA vPIC: SyntaxError: Unexpected token '<', "<!DOCTYPE "... is not valid JSON
    at JSON.parse (<anonymous>)
    at parseJSONFromBytes (node:internal/deps/undici/undici:5419:19)
    at successSteps (node:internal/deps/undici/undici:5390:27)
    at fullyReadBody (node:internal/deps/undici/undici:1501:9)
    at process.processTicksAndRejections (node:internal/process/task_queues:95:5)
    at async specConsumeBody (node:internal/deps/undici/undici:5399:7)
    at Object.getModelsForMake (C:\Users\tfort\Desktop\Projects\the-pickard\src\lib\nhtsa-vpic-api.ts:78:18)
    at populateModels (C:\Users\tfort\Desktop\Projects\the-pickard\scripts\populate-vehicle-data.ts:175:22)
    at main (C:\Users\tfort\Desktop\Projects\the-pickard\scripts\populate-vehicle-data.ts:353:7)
      Found 0 models
      ✅ Added models for EKONO CATERING EQUIPMENT, INC.

   🔍 Fetching models for EL DORADO FOUNDRY MACHINE & SUPPLY COMPANY, INC....
Error fetching models for EL DORADO FOUNDRY MACHINE & SUPPLY COMPANY, INC. from NHTSA vPIC: SyntaxError: Unexpected token '<', "<!DOCTYPE "... is not valid JSON
    at JSON.parse (<anonymous>)
    at parseJSONFromBytes (node:internal/deps/undici/undici:5419:19)
    at successSteps (node:internal/deps/undici/undici:5390:27)
    at fullyReadBody (node:internal/deps/undici/undici:1501:9)
    at process.processTicksAndRejections (node:internal/process/task_queues:95:5)
    at async specConsumeBody (node:internal/deps/undici/undici:5399:7)
    at Object.getModelsForMake (C:\Users\tfort\Desktop\Projects\the-pickard\src\lib\nhtsa-vpic-api.ts:78:18)
    at populateModels (C:\Users\tfort\Desktop\Projects\the-pickard\scripts\populate-vehicle-data.ts:175:22)
    at main (C:\Users\tfort\Desktop\Projects\the-pickard\scripts\populate-vehicle-data.ts:353:7)
      Found 0 models
      ✅ Added models for EL DORADO FOUNDRY MACHINE & SUPPLY COMPANY, INC.

   🔍 Fetching models for EL PASO TRAILERS...
      Found 1 models
      ✅ Added models for EL PASO TRAILERS

   🔍 Fetching models for EL RANCHERO...
      Found 1 models
      ✅ Added models for EL RANCHERO

   🔍 Fetching models for EL TIRON CUSTOM TRAILERS...
      Found 1 models
      ✅ Added models for EL TIRON CUSTOM TRAILERS

   🔍 Fetching models for EL-MAR...
      Found 1 models
      ✅ Added models for EL-MAR

   🔍 Fetching models for ELECTRIC MOBILE CARS...
      Found 1 models
      ✅ Added models for ELECTRIC MOBILE CARS

   🔍 Fetching models for ELECTRIC MOTORSPORT...
      Found 1 models
      ✅ Added models for ELECTRIC MOTORSPORT

   🔍 Fetching models for ELECTRIC VEHICLE TRANSPORTATION OF AMERICA...
      Found 1 models
      ✅ Added models for ELECTRIC VEHICLE TRANSPORTATION OF AMERICA

   🔍 Fetching models for ELECTRIC VEHICLES INTERNATIONAL...
      Found 6 models
      ✅ Added models for ELECTRIC VEHICLES INTERNATIONAL

   🔍 Fetching models for ELECTRICAL ENGINEERING AND EQUIPMENT...
      Found 1 models
      ✅ Added models for ELECTRICAL ENGINEERING AND EQUIPMENT

   🔍 Fetching models for ELECTRO-TECHNOLOGIES...
      Found 12 models
      ✅ Added models for ELECTRO-TECHNOLOGIES

   🔍 Fetching models for ELECTROMOTION DESIGN...
      Found 0 models
      ✅ Added models for ELECTROMOTION DESIGN

   🔍 Fetching models for ELECTROSTORM...
      Found 4 models
      ✅ Added models for ELECTROSTORM

   🔍 Fetching models for ELECTROVAYA...
      Found 1 models
      ✅ Added models for ELECTROVAYA

   🔍 Fetching models for ELEVATE TRAILERS...
      Found 1 models
      ✅ Added models for ELEVATE TRAILERS

   🔍 Fetching models for ELEVATED SECURITY...
      Found 1 models
      ✅ Added models for ELEVATED SECURITY

   🔍 Fetching models for ELEVATION PARK...
      Found 1 models
      ✅ Added models for ELEVATION PARK

   🔍 Fetching models for ELGIN ENTERPRISES, INC....
Error fetching models for ELGIN ENTERPRISES, INC. from NHTSA vPIC: SyntaxError: Unexpected token '<', "<!DOCTYPE "... is not valid JSON
    at JSON.parse (<anonymous>)
    at parseJSONFromBytes (node:internal/deps/undici/undici:5419:19)
    at successSteps (node:internal/deps/undici/undici:5390:27)
    at fullyReadBody (node:internal/deps/undici/undici:1501:9)
    at process.processTicksAndRejections (node:internal/process/task_queues:95:5)
    at async specConsumeBody (node:internal/deps/undici/undici:5399:7)
    at Object.getModelsForMake (C:\Users\tfort\Desktop\Projects\the-pickard\src\lib\nhtsa-vpic-api.ts:78:18)
    at populateModels (C:\Users\tfort\Desktop\Projects\the-pickard\scripts\populate-vehicle-data.ts:175:22)
    at main (C:\Users\tfort\Desktop\Projects\the-pickard\scripts\populate-vehicle-data.ts:353:7)
      Found 0 models
      ✅ Added models for ELGIN ENTERPRISES, INC.

   🔍 Fetching models for ELGIN SWEEPER CO...
      Found 1 models
      ✅ Added models for ELGIN SWEEPER CO

   🔍 Fetching models for ELITE CARGO TRAILERS...
      Found 1 models
      ✅ Added models for ELITE CARGO TRAILERS

   🔍 Fetching models for ELK RIDGE, ELK RIDGE FOCUS, & PIONEER FW...
      Found 1 models
      ✅ Added models for ELK RIDGE, ELK RIDGE FOCUS, & PIONEER FW

   🔍 Fetching models for ELK RIVER MACHINE...
      Found 1 models
      ✅ Added models for ELK RIVER MACHINE

   🔍 Fetching models for ELK VALLEY...
      Found 1 models
      ✅ Added models for ELK VALLEY

   🔍 Fetching models for ELKHART TRAILER...
      Found 1 models
      ✅ Added models for ELKHART TRAILER

   🔍 Fetching models for ELKIN HI-TECH...
      Found 4 models
      ✅ Added models for ELKIN HI-TECH

   🔍 Fetching models for ELKINGTON...
      Found 1 models
      ✅ Added models for ELKINGTON

   🔍 Fetching models for ELKRIDGE...
      Found 0 models
      ✅ Added models for ELKRIDGE

   🔍 Fetching models for ELMS...
      Found 2 models
      ✅ Added models for ELMS

   🔍 Fetching models for ELSEY MFG....
Error fetching models for ELSEY MFG. from NHTSA vPIC: SyntaxError: Unexpected token '<', "<!DOCTYPE "... is not valid JSON
    at JSON.parse (<anonymous>)
    at parseJSONFromBytes (node:internal/deps/undici/undici:5419:19)
    at successSteps (node:internal/deps/undici/undici:5390:27)
    at fullyReadBody (node:internal/deps/undici/undici:1501:9)
    at process.processTicksAndRejections (node:internal/process/task_queues:95:5)
    at async specConsumeBody (node:internal/deps/undici/undici:5399:7)
    at Object.getModelsForMake (C:\Users\tfort\Desktop\Projects\the-pickard\src\lib\nhtsa-vpic-api.ts:78:18)
    at populateModels (C:\Users\tfort\Desktop\Projects\the-pickard\scripts\populate-vehicle-data.ts:175:22)
    at main (C:\Users\tfort\Desktop\Projects\the-pickard\scripts\populate-vehicle-data.ts:353:7)
      Found 0 models
      ✅ Added models for ELSEY MFG.

   🔍 Fetching models for ELUSIVE...
      Found 1 models
      ✅ Added models for ELUSIVE

   🔍 Fetching models for ELYX SMART...
      Found 1 models
      ✅ Added models for ELYX SMART

   🔍 Fetching models for EM & RS...
      Found 1 models
      ✅ Added models for EM & RS

   🔍 Fetching models for EM TRANSFER...
      Found 1 models
      ✅ Added models for EM TRANSFER

   🔍 Fetching models for EMA...
      Found 67 models
      ✅ Added models for EMA

   🔍 Fetching models for EMA MOTORWORKS...
      Found 3 models
      ✅ Added models for EMA MOTORWORKS

   🔍 Fetching models for EMA MOTORWORKS LLC...
      Found 1 models
      ✅ Added models for EMA MOTORWORKS LLC

   🔍 Fetching models for EMAGINEERED SOLUTIONS, INC....
Error fetching models for EMAGINEERED SOLUTIONS, INC. from NHTSA vPIC: SyntaxError: Unexpected token '<', "<!DOCTYPE "... is not valid JSON
    at JSON.parse (<anonymous>)
    at parseJSONFromBytes (node:internal/deps/undici/undici:5419:19)
    at successSteps (node:internal/deps/undici/undici:5390:27)
    at fullyReadBody (node:internal/deps/undici/undici:1501:9)
    at process.processTicksAndRejections (node:internal/process/task_queues:95:5)
    at async specConsumeBody (node:internal/deps/undici/undici:5399:7)
    at Object.getModelsForMake (C:\Users\tfort\Desktop\Projects\the-pickard\src\lib\nhtsa-vpic-api.ts:78:18)
    at populateModels (C:\Users\tfort\Desktop\Projects\the-pickard\scripts\populate-vehicle-data.ts:175:22)
    at main (C:\Users\tfort\Desktop\Projects\the-pickard\scripts\populate-vehicle-data.ts:353:7)
      Found 0 models
      ✅ Added models for EMAGINEERED SOLUTIONS, INC.

   🔍 Fetching models for EMB INCORPORATED...
      Found 1 models
      ✅ Added models for EMB INCORPORATED

   🔍 Fetching models for EMBER RECREATIONAL VEHICLES, INC...
      Found 4 models
      ✅ Added models for EMBER RECREATIONAL VEHICLES, INC

   🔍 Fetching models for EMBRACE...
      Found 1 models
      ✅ Added models for EMBRACE

   🔍 Fetching models for EMBUGGY...
      Found 2 models
      ✅ Added models for EMBUGGY

   🔍 Fetching models for EMK...
      Found 1 models
      ✅ Added models for EMK

   🔍 Fetching models for EMOTO...
      Found 1 models
      ✅ Added models for EMOTO

   🔍 Fetching models for EMOVE...
      Found 18 models
      ✅ Added models for EMOVE

   🔍 Fetching models for EMPIRE CARGO TRAILERS...
      Found 1 models
      ✅ Added models for EMPIRE CARGO TRAILERS

   🔍 Fetching models for EMPIRE CHOPPERS...
      Found 3 models
      ✅ Added models for EMPIRE CHOPPERS

   🔍 Fetching models for EMPIRE MANUFACTURING COMPANY...
      Found 1 models
      ✅ Added models for EMPIRE MANUFACTURING COMPANY

   🔍 Fetching models for EMPIRE RV'S INC....
Error fetching models for EMPIRE RV'S INC. from NHTSA vPIC: SyntaxError: Unexpected token '<', "<!DOCTYPE "... is not valid JSON
    at JSON.parse (<anonymous>)
    at parseJSONFromBytes (node:internal/deps/undici/undici:5419:19)
    at successSteps (node:internal/deps/undici/undici:5390:27)
    at fullyReadBody (node:internal/deps/undici/undici:1501:9)
    at process.processTicksAndRejections (node:internal/process/task_queues:95:5)
    at async specConsumeBody (node:internal/deps/undici/undici:5399:7)
    at Object.getModelsForMake (C:\Users\tfort\Desktop\Projects\the-pickard\src\lib\nhtsa-vpic-api.ts:78:18)
    at populateModels (C:\Users\tfort\Desktop\Projects\the-pickard\scripts\populate-vehicle-data.ts:175:22)
    at main (C:\Users\tfort\Desktop\Projects\the-pickard\scripts\populate-vehicle-data.ts:353:7)
      Found 0 models
      ✅ Added models for EMPIRE RV'S INC.

   🔍 Fetching models for EMPIRE TANKER...
      Found 1 models
      ✅ Added models for EMPIRE TANKER

   🔍 Fetching models for EMPRESAS Y EQUIPOS INDUSTRIALES, S.A. DE C.V....
Error fetching models for EMPRESAS Y EQUIPOS INDUSTRIALES, S.A. DE C.V. from NHTSA vPIC: SyntaxError: Unexpected token '<', "<!DOCTYPE "... is not valid JSON
    at JSON.parse (<anonymous>)
    at parseJSONFromBytes (node:internal/deps/undici/undici:5419:19)
    at successSteps (node:internal/deps/undici/undici:5390:27)
    at fullyReadBody (node:internal/deps/undici/undici:1501:9)
    at process.processTicksAndRejections (node:internal/process/task_queues:95:5)
    at async specConsumeBody (node:internal/deps/undici/undici:5399:7)
    at Object.getModelsForMake (C:\Users\tfort\Desktop\Projects\the-pickard\src\lib\nhtsa-vpic-api.ts:78:18)
    at populateModels (C:\Users\tfort\Desktop\Projects\the-pickard\scripts\populate-vehicle-data.ts:175:22)
    at main (C:\Users\tfort\Desktop\Projects\the-pickard\scripts\populate-vehicle-data.ts:353:7)
      Found 0 models
      ✅ Added models for EMPRESAS Y EQUIPOS INDUSTRIALES, S.A. DE C.V.

   🔍 Fetching models for EMTEC COMPOSITES INC....
Error fetching models for EMTEC COMPOSITES INC. from NHTSA vPIC: SyntaxError: Unexpected token '<', "<!DOCTYPE "... is not valid JSON
    at JSON.parse (<anonymous>)
    at parseJSONFromBytes (node:internal/deps/undici/undici:5419:19)
    at successSteps (node:internal/deps/undici/undici:5390:27)
    at fullyReadBody (node:internal/deps/undici/undici:1501:9)
    at process.processTicksAndRejections (node:internal/process/task_queues:95:5)
    at async specConsumeBody (node:internal/deps/undici/undici:5399:7)
    at Object.getModelsForMake (C:\Users\tfort\Desktop\Projects\the-pickard\src\lib\nhtsa-vpic-api.ts:78:18)
    at populateModels (C:\Users\tfort\Desktop\Projects\the-pickard\scripts\populate-vehicle-data.ts:175:22)
    at main (C:\Users\tfort\Desktop\Projects\the-pickard\scripts\populate-vehicle-data.ts:353:7)
      Found 0 models
      ✅ Added models for EMTEC COMPOSITES INC.

   🔍 Fetching models for ENCORE HPG...
      Found 1 models
      ✅ Added models for ENCORE HPG

   🔍 Fetching models for ENCORE TRAILERS...
      Found 1 models
      ✅ Added models for ENCORE TRAILERS

   🔍 Fetching models for END 2 END WELDING...
      Found 1 models
      ✅ Added models for END 2 END WELDING

   🔍 Fetching models for ENDLESS HIGHWAYS...
      Found 1 models
      ✅ Added models for ENDLESS HIGHWAYS

   🔍 Fetching models for ENDURAMAX...
      Found 1 models
      ✅ Added models for ENDURAMAX

   🔍 Fetching models for ENDURAPLAS...
      Found 1 models
      ✅ Added models for ENDURAPLAS

   🔍 Fetching models for ENDURATRAILER...
      Found 2 models
      ✅ Added models for ENDURATRAILER

   🔍 Fetching models for ENERGICA...
      Found 6 models
      ✅ Added models for ENERGICA

   🔍 Fetching models for ELMAT INC....
Error fetching models for ELMAT INC. from NHTSA vPIC: SyntaxError: Unexpected token '<', "<!DOCTYPE "... is not valid JSON
    at JSON.parse (<anonymous>)
    at parseJSONFromBytes (node:internal/deps/undici/undici:5419:19)
    at successSteps (node:internal/deps/undici/undici:5390:27)
    at fullyReadBody (node:internal/deps/undici/undici:1501:9)
    at process.processTicksAndRejections (node:internal/process/task_queues:95:5)
    at async specConsumeBody (node:internal/deps/undici/undici:5399:7)
    at Object.getModelsForMake (C:\Users\tfort\Desktop\Projects\the-pickard\src\lib\nhtsa-vpic-api.ts:78:18)
    at populateModels (C:\Users\tfort\Desktop\Projects\the-pickard\scripts\populate-vehicle-data.ts:175:22)
    at main (C:\Users\tfort\Desktop\Projects\the-pickard\scripts\populate-vehicle-data.ts:353:7)
      Found 0 models
      ✅ Added models for ELMAT INC.

   🔍 Fetching models for EMEGA...
      Found 0 models
      ✅ Added models for EMEGA

   🔍 Fetching models for EMERALD WELDING...
      Found 1 models
      ✅ Added models for EMERALD WELDING

   🔍 Fetching models for EMERSON ELECTRIC CO....
Error fetching models for EMERSON ELECTRIC CO. from NHTSA vPIC: SyntaxError: Unexpected token '<', "<!DOCTYPE "... is not valid JSON
    at JSON.parse (<anonymous>)
    at parseJSONFromBytes (node:internal/deps/undici/undici:5419:19)
    at successSteps (node:internal/deps/undici/undici:5390:27)
    at fullyReadBody (node:internal/deps/undici/undici:1501:9)
    at process.processTicksAndRejections (node:internal/process/task_queues:95:5)
    at async specConsumeBody (node:internal/deps/undici/undici:5399:7)
    at Object.getModelsForMake (C:\Users\tfort\Desktop\Projects\the-pickard\src\lib\nhtsa-vpic-api.ts:78:18)
    at populateModels (C:\Users\tfort\Desktop\Projects\the-pickard\scripts\populate-vehicle-data.ts:175:22)
    at main (C:\Users\tfort\Desktop\Projects\the-pickard\scripts\populate-vehicle-data.ts:353:7)
      Found 0 models
      ✅ Added models for EMERSON ELECTRIC CO.

   🔍 Fetching models for EMERSON TRAILERS...
      Found 1 models
      ✅ Added models for EMERSON TRAILERS

   🔍 Fetching models for EMF...
      Found 1 models
      ✅ Added models for EMF

   🔍 Fetching models for EMI TECHNOLOGIES...
      Found 1 models
      ✅ Added models for EMI TECHNOLOGIES

   🔍 Fetching models for ENERGY LINK TRAILER...
      Found 1 models
      ✅ Added models for ENERGY LINK TRAILER

   🔍 Fetching models for ENERGY PRODUCTS...
      Found 2 models
      ✅ Added models for ENERGY PRODUCTS

   🔍 Fetching models for ENERGY SYSTEMS...
      Found 1 models
      ✅ Added models for ENERGY SYSTEMS

   🔍 Fetching models for ENGINE CONNECTION...
      Found 6 models
      ✅ Added models for ENGINE CONNECTION

   🔍 Fetching models for ENGINEERED MANUFACTURING...
      Found 1 models
      ✅ Added models for ENGINEERED MANUFACTURING

   🔍 Fetching models for ENGLE FABRICATION...
      Found 1 models
      ✅ Added models for ENGLE FABRICATION

   🔍 Fetching models for ENGLOBAL...
      Found 1 models
      ✅ Added models for ENGLOBAL

   🔍 Fetching models for ENGTIAN...
      Found 28 models
      ✅ Added models for ENGTIAN

   🔍 Fetching models for ENNIS TRAILER MFG...
      Found 1 models
      ✅ Added models for ENNIS TRAILER MFG

   🔍 Fetching models for ENPRO ENGINEERED PRODUCTS LLC...
      Found 1 models
      ✅ Added models for ENPRO ENGINEERED PRODUCTS LLC

   🔍 Fetching models for ENRY CYCLE CREATIONS LLC...
      Found 1 models
      ✅ Added models for ENRY CYCLE CREATIONS LLC

   🔍 Fetching models for ENVTECH TANK SERVICES, LLC...
      Found 1 models
      ✅ Added models for ENVTECH TANK SERVICES, LLC

   🔍 Fetching models for EO TRAILER...
      Found 1 models
      ✅ Added models for EO TRAILER

   🔍 Fetching models for EP DESIGN...
      Found 1 models
      ✅ Added models for EP DESIGN

   🔍 Fetching models for EPCO...
      Found 0 models
      ✅ Added models for EPCO

   🔍 Fetching models for EPIC...
      Found 10 models
      ✅ Added models for EPIC

   🔍 Fetching models for EQUI-TREK...
      Found 1 models
      ✅ Added models for EQUI-TREK

   🔍 Fetching models for EQUIBUILT LLC TRAILER...
      Found 1 models
      ✅ Added models for EQUIBUILT LLC TRAILER

   🔍 Fetching models for EQUIBUILT, LLC...
      Found 0 models
      ✅ Added models for EQUIBUILT, LLC

   🔍 Fetching models for EQUIP MANUFACTURING, INC....
Error fetching models for EQUIP MANUFACTURING, INC. from NHTSA vPIC: SyntaxError: Unexpected token '<', "<!DOCTYPE "... is not valid JSON
    at JSON.parse (<anonymous>)
    at parseJSONFromBytes (node:internal/deps/undici/undici:5419:19)
    at successSteps (node:internal/deps/undici/undici:5390:27)
    at fullyReadBody (node:internal/deps/undici/undici:1501:9)
    at process.processTicksAndRejections (node:internal/process/task_queues:95:5)
    at async specConsumeBody (node:internal/deps/undici/undici:5399:7)
    at Object.getModelsForMake (C:\Users\tfort\Desktop\Projects\the-pickard\src\lib\nhtsa-vpic-api.ts:78:18)
    at populateModels (C:\Users\tfort\Desktop\Projects\the-pickard\scripts\populate-vehicle-data.ts:175:22)
    at main (C:\Users\tfort\Desktop\Projects\the-pickard\scripts\populate-vehicle-data.ts:353:7)
      Found 0 models
      ✅ Added models for EQUIP MANUFACTURING, INC.

   🔍 Fetching models for EQUIPMENT DEVELOPMENT...
      Found 0 models
      ✅ Added models for EQUIPMENT DEVELOPMENT

   🔍 Fetching models for EQUIPMENT INNOVATORS, INC....
Error fetching models for EQUIPMENT INNOVATORS, INC. from NHTSA vPIC: SyntaxError: Unexpected token '<', "<!DOCTYPE "... is not valid JSON
    at JSON.parse (<anonymous>)
    at parseJSONFromBytes (node:internal/deps/undici/undici:5419:19)
    at successSteps (node:internal/deps/undici/undici:5390:27)
    at fullyReadBody (node:internal/deps/undici/undici:1501:9)
    at process.processTicksAndRejections (node:internal/process/task_queues:95:5)
    at async specConsumeBody (node:internal/deps/undici/undici:5399:7)
    at Object.getModelsForMake (C:\Users\tfort\Desktop\Projects\the-pickard\src\lib\nhtsa-vpic-api.ts:78:18)
    at populateModels (C:\Users\tfort\Desktop\Projects\the-pickard\scripts\populate-vehicle-data.ts:175:22)
    at main (C:\Users\tfort\Desktop\Projects\the-pickard\scripts\populate-vehicle-data.ts:353:7)
      Found 0 models
      ✅ Added models for EQUIPMENT INNOVATORS, INC.

   🔍 Fetching models for EQUIPMENT SERVICES...
      Found 3 models
      ✅ Added models for EQUIPMENT SERVICES

   🔍 Fetching models for EQUIPMENT SOURCE...
      Found 1 models
      ✅ Added models for EQUIPMENT SOURCE

   🔍 Fetching models for EQUIPT...
      Found 2 models
      ✅ Added models for EQUIPT

   🔍 Fetching models for EQUIPTER...
      Found 1 models
      ✅ Added models for EQUIPTER

   🔍 Fetching models for EQUUS AUTOMOTIVE...
      Found 1 models
      ✅ Added models for EQUUS AUTOMOTIVE

   🔍 Fetching models for ERC TRADING...
      Found 1 models
      ✅ Added models for ERC TRADING

   🔍 Fetching models for ERETZ TRAILERS MANUFACTURER...
      Found 1 models
      ✅ Added models for ERETZ TRAILERS MANUFACTURER

   🔍 Fetching models for ERIBA...
      Found 1 models
      ✅ Added models for ERIBA

   🔍 Fetching models for ERICKSON TANK & PUMP...
      Found 1 models
      ✅ Added models for ERICKSON TANK & PUMP

   🔍 Fetching models for ERIDE...
      Found 2 models
      ✅ Added models for ERIDE

   🔍 Fetching models for ERIE ALUMINUM...
      Found 1 models
      ✅ Added models for ERIE ALUMINUM

   🔍 Fetching models for ERIE INDUSTRIES...
      Found 1 models
      ✅ Added models for ERIE INDUSTRIES

   🔍 Fetching models for ERIE SHORE MARKETING...
      Found 3 models
      ✅ Added models for ERIE SHORE MARKETING

   🔍 Fetching models for ESCOBAR TRUCK EQUIPMENT...
      Found 1 models
      ✅ Added models for ESCOBAR TRUCK EQUIPMENT

   🔍 Fetching models for ESCORT...
      Found 7 models
      ✅ Added models for ESCORT

   🔍 Fetching models for ESCORT TRAILER CORP....
Error fetching models for ESCORT TRAILER CORP. from NHTSA vPIC: SyntaxError: Unexpected token '<', "<!DOCTYPE "... is not valid JSON
    at JSON.parse (<anonymous>)
    at parseJSONFromBytes (node:internal/deps/undici/undici:5419:19)
    at successSteps (node:internal/deps/undici/undici:5390:27)
    at fullyReadBody (node:internal/deps/undici/undici:1501:9)
    at process.processTicksAndRejections (node:internal/process/task_queues:95:5)
    at async specConsumeBody (node:internal/deps/undici/undici:5399:7)
    at Object.getModelsForMake (C:\Users\tfort\Desktop\Projects\the-pickard\src\lib\nhtsa-vpic-api.ts:78:18)
    at populateModels (C:\Users\tfort\Desktop\Projects\the-pickard\scripts\populate-vehicle-data.ts:175:22)
    at main (C:\Users\tfort\Desktop\Projects\the-pickard\scripts\populate-vehicle-data.ts:353:7)
      Found 0 models
      ✅ Added models for ESCORT TRAILER CORP.

   🔍 Fetching models for ESOMOTO...
      Found 2 models
      ✅ Added models for ESOMOTO

   🔍 Fetching models for ESSENCE...
      Found 1 models
      ✅ Added models for ESSENCE

   🔍 Fetching models for ESSEX PERFORMANCE BOATS...
      Found 1 models
      ✅ Added models for ESSEX PERFORMANCE BOATS

   🔍 Fetching models for ESTEREL...
      Found 2 models
      ✅ Added models for ESTEREL

   🔍 Fetching models for ET MANUFACTURING CORP...
      Found 1 models
      ✅ Added models for ET MANUFACTURING CORP

   🔍 Fetching models for ETHER ENTERPRISES, INC....
Error fetching models for ETHER ENTERPRISES, INC. from NHTSA vPIC: SyntaxError: Unexpected token '<', "<!DOCTYPE "... is not valid JSON
    at JSON.parse (<anonymous>)
    at parseJSONFromBytes (node:internal/deps/undici/undici:5419:19)
    at successSteps (node:internal/deps/undici/undici:5390:27)
    at fullyReadBody (node:internal/deps/undici/undici:1501:9)
    at process.processTicksAndRejections (node:internal/process/task_queues:95:5)
    at async specConsumeBody (node:internal/deps/undici/undici:5399:7)
    at Object.getModelsForMake (C:\Users\tfort\Desktop\Projects\the-pickard\src\lib\nhtsa-vpic-api.ts:78:18)
    at populateModels (C:\Users\tfort\Desktop\Projects\the-pickard\scripts\populate-vehicle-data.ts:175:22)
    at main (C:\Users\tfort\Desktop\Projects\the-pickard\scripts\populate-vehicle-data.ts:353:7)
      Found 0 models
      ✅ Added models for ETHER ENTERPRISES, INC.

   🔍 Fetching models for EURO...
      Found 36 models
      ✅ Added models for EURO

   🔍 Fetching models for EURO-LINER, LLC...
      Found 1 models
      ✅ Added models for EURO-LINER, LLC

   🔍 Fetching models for EUROPE - ITALY...
      Found 8 models
      ✅ Added models for EUROPE - ITALY

   🔍 Fetching models for EUROSPEED...
      Found 1 models
      ✅ Added models for EUROSPEED

   🔍 Fetching models for EUROSTYLE...
      Found 24 models
      ✅ Added models for EUROSTYLE

   🔍 Fetching models for EV...
      Found 485 models
      ✅ Added models for EV

   🔍 Fetching models for EV AMERICA...
      Found 4 models
      ✅ Added models for EV AMERICA

   🔍 Fetching models for EV PORTABLE...
      Found 1 models
      ✅ Added models for EV PORTABLE

   🔍 Fetching models for EV TITAN...
      Found 1 models
      ✅ Added models for EV TITAN

   🔍 Fetching models for EVACO ACQUISITION...
      Found 1 models
      ✅ Added models for EVACO ACQUISITION

   🔍 Fetching models for EVANS METAL FAB...
      Found 1 models
      ✅ Added models for EVANS METAL FAB

   🔍 Fetching models for EVANS STEEL FABRICATIONS, INC....
Error fetching models for EVANS STEEL FABRICATIONS, INC. from NHTSA vPIC: SyntaxError: Unexpected token '<', "<!DOCTYPE "... is not valid JSON
    at JSON.parse (<anonymous>)
    at parseJSONFromBytes (node:internal/deps/undici/undici:5419:19)
    at successSteps (node:internal/deps/undici/undici:5390:27)
    at fullyReadBody (node:internal/deps/undici/undici:1501:9)
    at process.processTicksAndRejections (node:internal/process/task_queues:95:5)
    at async specConsumeBody (node:internal/deps/undici/undici:5399:7)
    at Object.getModelsForMake (C:\Users\tfort\Desktop\Projects\the-pickard\src\lib\nhtsa-vpic-api.ts:78:18)
    at populateModels (C:\Users\tfort\Desktop\Projects\the-pickard\scripts\populate-vehicle-data.ts:175:22)
    at main (C:\Users\tfort\Desktop\Projects\the-pickard\scripts\populate-vehicle-data.ts:353:7)
      Found 0 models
      ✅ Added models for EVANS STEEL FABRICATIONS, INC.

   🔍 Fetching models for EVCO SERVICE CO., INC....
Error fetching models for EVCO SERVICE CO., INC. from NHTSA vPIC: SyntaxError: Unexpected token '<', "<!DOCTYPE "... is not valid JSON
    at JSON.parse (<anonymous>)
    at parseJSONFromBytes (node:internal/deps/undici/undici:5419:19)
    at successSteps (node:internal/deps/undici/undici:5390:27)
    at fullyReadBody (node:internal/deps/undici/undici:1501:9)
    at process.processTicksAndRejections (node:internal/process/task_queues:95:5)
    at async specConsumeBody (node:internal/deps/undici/undici:5399:7)
    at Object.getModelsForMake (C:\Users\tfort\Desktop\Projects\the-pickard\src\lib\nhtsa-vpic-api.ts:78:18)
    at populateModels (C:\Users\tfort\Desktop\Projects\the-pickard\scripts\populate-vehicle-data.ts:175:22)
    at main (C:\Users\tfort\Desktop\Projects\the-pickard\scripts\populate-vehicle-data.ts:353:7)
      Found 0 models
      ✅ Added models for EVCO SERVICE CO., INC.

   🔍 Fetching models for EVCOR...
      Found 1 models
      ✅ Added models for EVCOR

   🔍 Fetching models for EVENTURE...
      Found 41 models
      ✅ Added models for EVENTURE

   🔍 Fetching models for EVERGREEN OFF ROAD CAMPERS...
      Found 1 models
      ✅ Added models for EVERGREEN OFF ROAD CAMPERS

   🔍 Fetching models for EVIL EMPIRE CHOPPERS...
      Found 1 models
      ✅ Added models for EVIL EMPIRE CHOPPERS

   🔍 Fetching models for EVLABS ...
Error fetching models for EVLABS  from NHTSA vPIC: SyntaxError: Unexpected token '<', "<!DOCTYPE "... is not valid JSON
    at JSON.parse (<anonymous>)
    at parseJSONFromBytes (node:internal/deps/undici/undici:5419:19)
    at successSteps (node:internal/deps/undici/undici:5390:27)
    at fullyReadBody (node:internal/deps/undici/undici:1501:9)
    at process.processTicksAndRejections (node:internal/process/task_queues:95:5)
    at async specConsumeBody (node:internal/deps/undici/undici:5399:7)
    at Object.getModelsForMake (C:\Users\tfort\Desktop\Projects\the-pickard\src\lib\nhtsa-vpic-api.ts:78:18)
    at populateModels (C:\Users\tfort\Desktop\Projects\the-pickard\scripts\populate-vehicle-data.ts:175:22)
    at main (C:\Users\tfort\Desktop\Projects\the-pickard\scripts\populate-vehicle-data.ts:353:7)
      Found 0 models
      ✅ Added models for EVLABS 

   🔍 Fetching models for EVOBUS...
      Found 2 models
      ✅ Added models for EVOBUS

   🔍 Fetching models for EVOLUTION...
      Found 5 models
      ✅ Added models for EVOLUTION

   🔍 Fetching models for EXCALIBUR CHOPPERS...
      Found 1 models
      ✅ Added models for EXCALIBUR CHOPPERS

   🔍 Fetching models for EXCEL TENT TRAILERS...
      Found 1 models
      ✅ Added models for EXCEL TENT TRAILERS

   🔍 Fetching models for EXCEL TRAILER CO., INC....
Error fetching models for EXCEL TRAILER CO., INC. from NHTSA vPIC: SyntaxError: Unexpected token '<', "<!DOCTYPE "... is not valid JSON
    at JSON.parse (<anonymous>)
    at parseJSONFromBytes (node:internal/deps/undici/undici:5419:19)
    at successSteps (node:internal/deps/undici/undici:5390:27)
    at fullyReadBody (node:internal/deps/undici/undici:1501:9)
    at process.processTicksAndRejections (node:internal/process/task_queues:95:5)
    at async specConsumeBody (node:internal/deps/undici/undici:5399:7)
    at Object.getModelsForMake (C:\Users\tfort\Desktop\Projects\the-pickard\src\lib\nhtsa-vpic-api.ts:78:18)
    at populateModels (C:\Users\tfort\Desktop\Projects\the-pickard\scripts\populate-vehicle-data.ts:175:22)
    at main (C:\Users\tfort\Desktop\Projects\the-pickard\scripts\populate-vehicle-data.ts:353:7)
      Found 0 models
      ✅ Added models for EXCEL TRAILER CO., INC.

   🔍 Fetching models for EXCEL TRAILERS...
      Found 4 models
      ✅ Added models for EXCEL TRAILERS

   🔍 Fetching models for EXCEL TRAILERS INC...
      Found 3 models
      ✅ Added models for EXCEL TRAILERS INC

   🔍 Fetching models for ENERGY ABSORPTION SYSTEMS...
      Found 1 models
      ✅ Added models for ENERGY ABSORPTION SYSTEMS

   🔍 Fetching models for ENERGY FABRICATION...
      Found 1 models
      ✅ Added models for ENERGY FABRICATION

   🔍 Fetching models for ENERGY TREE...
      Found 1 models
      ✅ Added models for ENERGY TREE

   🔍 Fetching models for ENTECH INDUSTRIES...
      Found 2 models
      ✅ Added models for ENTECH INDUSTRIES

   🔍 Fetching models for ENTEGRA...
      Found 0 models
      ✅ Added models for ENTEGRA

   🔍 Fetching models for ENTERRA...
      Found 1 models
      ✅ Added models for ENTERRA

   🔍 Fetching models for ENVASES DE ACERO, S.A. DE C.V....
Error fetching models for ENVASES DE ACERO, S.A. DE C.V. from NHTSA vPIC: SyntaxError: Unexpected token '<', "<!DOCTYPE "... is not valid JSON
    at JSON.parse (<anonymous>)
    at parseJSONFromBytes (node:internal/deps/undici/undici:5419:19)
    at successSteps (node:internal/deps/undici/undici:5390:27)
    at fullyReadBody (node:internal/deps/undici/undici:1501:9)
    at process.processTicksAndRejections (node:internal/process/task_queues:95:5)
    at async specConsumeBody (node:internal/deps/undici/undici:5399:7)
    at Object.getModelsForMake (C:\Users\tfort\Desktop\Projects\the-pickard\src\lib\nhtsa-vpic-api.ts:78:18)
    at populateModels (C:\Users\tfort\Desktop\Projects\the-pickard\scripts\populate-vehicle-data.ts:175:22)
    at main (C:\Users\tfort\Desktop\Projects\the-pickard\scripts\populate-vehicle-data.ts:353:7)
      Found 0 models
      ✅ Added models for ENVASES DE ACERO, S.A. DE C.V.

   🔍 Fetching models for ENVIRON PRODUCTS INC...
      Found 1 models
      ✅ Added models for ENVIRON PRODUCTS INC

   🔍 Fetching models for ENVIRONMENTAL SERVICE PRODUCTS...
      Found 1 models
      ✅ Added models for ENVIRONMENTAL SERVICE PRODUCTS

   🔍 Fetching models for ENVIROTECH DRIVE SYSTEMS INCORPORATED...
      Found 11 models
      ✅ Added models for ENVIROTECH DRIVE SYSTEMS INCORPORATED

   🔍 Fetching models for ENVIROTECH DRIVE SYSTEMS INCORPORATED (EVT)...
      Found 6 models
      ✅ Added models for ENVIROTECH DRIVE SYSTEMS INCORPORATED (EVT)

   🔍 Fetching models for ENVIROTECH VEHICLES...
      Found 7 models
      ✅ Added models for ENVIROTECH VEHICLES

   🔍 Fetching models for ENVOLTZ...
      Found 1 models
      ✅ Added models for ENVOLTZ

   🔍 Fetching models for EPIC CUSTOM CYCLES...
      Found 1 models
      ✅ Added models for EPIC CUSTOM CYCLES

   🔍 Fetching models for EPIC EV...
      Found 4 models
      ✅ Added models for EPIC EV

   🔍 Fetching models for EPIC FABRICATION & DESIGN LLC...
      Found 1 models
      ✅ Added models for EPIC FABRICATION & DESIGN LLC

   🔍 Fetching models for EPIC POWER SOULTIONS...
      Found 1 models
      ✅ Added models for EPIC POWER SOULTIONS

   🔍 Fetching models for EPV CORPORATION...
      Found 3 models
      ✅ Added models for EPV CORPORATION

   🔍 Fetching models for EQ OUTDOORS...
      Found 1 models
      ✅ Added models for EQ OUTDOORS

   🔍 Fetching models for EQUI-LITE HORSE TRAILERS...
      Found 1 models
      ✅ Added models for EQUI-LITE HORSE TRAILERS

   🔍 Fetching models for EQUIQUEST HORSE TRAILERS...
      Found 1 models
      ✅ Added models for EQUIQUEST HORSE TRAILERS

   🔍 Fetching models for ERNEST INDUSTRIES LLC...
      Found 1 models
      ✅ Added models for ERNEST INDUSTRIES LLC

   🔍 Fetching models for ERNEST INDUSTRIES, INC....
Error fetching models for ERNEST INDUSTRIES, INC. from NHTSA vPIC: SyntaxError: Unexpected token '<', "<!DOCTYPE "... is not valid JSON
    at JSON.parse (<anonymous>)
    at parseJSONFromBytes (node:internal/deps/undici/undici:5419:19)
    at successSteps (node:internal/deps/undici/undici:5390:27)
    at fullyReadBody (node:internal/deps/undici/undici:1501:9)
    at process.processTicksAndRejections (node:internal/process/task_queues:95:5)
    at async specConsumeBody (node:internal/deps/undici/undici:5399:7)
    at Object.getModelsForMake (C:\Users\tfort\Desktop\Projects\the-pickard\src\lib\nhtsa-vpic-api.ts:78:18)
    at populateModels (C:\Users\tfort\Desktop\Projects\the-pickard\scripts\populate-vehicle-data.ts:175:22)
    at main (C:\Users\tfort\Desktop\Projects\the-pickard\scripts\populate-vehicle-data.ts:353:7)
      Found 0 models
      ✅ Added models for ERNEST INDUSTRIES, INC.

   🔍 Fetching models for ERNEST SPENCER TRAILER...
      Found 1 models
      ✅ Added models for ERNEST SPENCER TRAILER

   🔍 Fetching models for ERSKINE & SONS...
      Found 1 models
      ✅ Added models for ERSKINE & SONS

   🔍 Fetching models for ERWIN PRECISION...
      Found 1 models
      ✅ Added models for ERWIN PRECISION

   🔍 Fetching models for ESARATI ELECTRIC TECHNOLOGIES CORP...
      Found 1 models
      ✅ Added models for ESARATI ELECTRIC TECHNOLOGIES CORP

   🔍 Fetching models for ESCALADE...
      Found 1 models
      ✅ Added models for ESCALADE

   🔍 Fetching models for ESCAPADE CAMPER...
      Found 1 models
      ✅ Added models for ESCAPADE CAMPER

   🔍 Fetching models for ESCAPE...
      Found 4 models
      ✅ Added models for ESCAPE

   🔍 Fetching models for ESCAPOD TRAILERS LLC...
      Found 1 models
      ✅ Added models for ESCAPOD TRAILERS LLC

   🔍 Fetching models for ETI ELECTRIC TRANSIT INC...
      Found 4 models
      ✅ Added models for ETI ELECTRIC TRANSIT INC

   🔍 Fetching models for ETI GLOBAL SOLUTIONS INC...
      Found 1 models
      ✅ Added models for ETI GLOBAL SOLUTIONS INC

   🔍 Fetching models for ETNYRE...
      Found 1 models
      ✅ Added models for ETNYRE

   🔍 Fetching models for ETOFOODCARTS...
      Found 10 models
      ✅ Added models for ETOFOODCARTS

   🔍 Fetching models for ETR...
      Found 83 models
      ✅ Added models for ETR

   🔍 Fetching models for ETRIKECO...
      Found 7 models
      ✅ Added models for ETRIKECO

   🔍 Fetching models for ETS MFG...
      Found 1 models
      ✅ Added models for ETS MFG

   🔍 Fetching models for EUROPA INTERNATIONAL...
      Found 0 models
      ✅ Added models for EUROPA INTERNATIONAL

   🔍 Fetching models for EUROSTAGE ...
Error fetching models for EUROSTAGE  from NHTSA vPIC: SyntaxError: Unexpected token '<', "<!DOCTYPE "... is not valid JSON
    at JSON.parse (<anonymous>)
    at parseJSONFromBytes (node:internal/deps/undici/undici:5419:19)
    at successSteps (node:internal/deps/undici/undici:5390:27)
    at fullyReadBody (node:internal/deps/undici/undici:1501:9)
    at process.processTicksAndRejections (node:internal/process/task_queues:95:5)
    at async specConsumeBody (node:internal/deps/undici/undici:5399:7)
    at Object.getModelsForMake (C:\Users\tfort\Desktop\Projects\the-pickard\src\lib\nhtsa-vpic-api.ts:78:18)
    at populateModels (C:\Users\tfort\Desktop\Projects\the-pickard\scripts\populate-vehicle-data.ts:175:22)
    at main (C:\Users\tfort\Desktop\Projects\the-pickard\scripts\populate-vehicle-data.ts:353:7)
      Found 0 models
      ✅ Added models for EUROSTAGE 

   🔍 Fetching models for EV INNOVATIONS...
      Found 9 models
      ✅ Added models for EV INNOVATIONS

   🔍 Fetching models for EVA 406...
      Found 1 models
      ✅ Added models for EVA 406

   🔍 Fetching models for EVAC...
      Found 2 models
      ✅ Added models for EVAC

   🔍 Fetching models for EVANGEL...
      Found 2 models
      ✅ Added models for EVANGEL

   🔍 Fetching models for EVANS MACHINERY...
      Found 1 models
      ✅ Added models for EVANS MACHINERY

   🔍 Fetching models for EVENTURE (XIYAO)...
      Found 20 models
      ✅ Added models for EVENTURE (XIYAO)

   🔍 Fetching models for EVENTURE POWERSPORTS...
      Found 20 models
      ✅ Added models for EVENTURE POWERSPORTS

   🔍 Fetching models for EVEREST...
      Found 1 models
      ✅ Added models for EVEREST

   🔍 Fetching models for EVERGREEN...
      Found 4 models
      ✅ Added models for EVERGREEN

   🔍 Fetching models for EVERGREEN RECREATIONAL VEHICLES...
      Found 1 models
      ✅ Added models for EVERGREEN RECREATIONAL VEHICLES

   🔍 Fetching models for EVERGREEN TRAILER...
      Found 1 models
      ✅ Added models for EVERGREEN TRAILER

   🔍 Fetching models for EVERLITE TRAILERS...
      Found 1 models
      ✅ Added models for EVERLITE TRAILERS

   🔍 Fetching models for EVERLITE, INC...
      Found 1 models
      ✅ Added models for EVERLITE, INC

   🔍 Fetching models for EVIL TWIN LIMITED...
      Found 2 models
      ✅ Added models for EVIL TWIN LIMITED

   🔍 Fetching models for EVO-NTS TRAILERS...
      Found 1 models
      ✅ Added models for EVO-NTS TRAILERS

   🔍 Fetching models for EVOLUTION (EVOLUTION WELDING & FABRICATION LLC)...
      Found 1 models
      ✅ Added models for EVOLUTION (EVOLUTION WELDING & FABRICATION LLC)

   🔍 Fetching models for EVOLUTION TRAILER TECHNOLOGIES INC....
Error fetching models for EVOLUTION TRAILER TECHNOLOGIES INC. from NHTSA vPIC: SyntaxError: Unexpected token '<', "<!DOCTYPE "... is not valid JSON
    at JSON.parse (<anonymous>)
    at parseJSONFromBytes (node:internal/deps/undici/undici:5419:19)
    at successSteps (node:internal/deps/undici/undici:5390:27)
    at fullyReadBody (node:internal/deps/undici/undici:1501:9)
    at process.processTicksAndRejections (node:internal/process/task_queues:95:5)
    at async specConsumeBody (node:internal/deps/undici/undici:5399:7)
    at Object.getModelsForMake (C:\Users\tfort\Desktop\Projects\the-pickard\src\lib\nhtsa-vpic-api.ts:78:18)
    at populateModels (C:\Users\tfort\Desktop\Projects\the-pickard\scripts\populate-vehicle-data.ts:175:22)
    at main (C:\Users\tfort\Desktop\Projects\the-pickard\scripts\populate-vehicle-data.ts:353:7)
      Found 0 models
      ✅ Added models for EVOLUTION TRAILER TECHNOLOGIES INC.

   🔍 Fetching models for EVOLVE MOTORCYCLES...
      Found 3 models
      ✅ Added models for EVOLVE MOTORCYCLES

   🔍 Fetching models for EVOS...
      Found 19 models
      ✅ Added models for EVOS

   🔍 Fetching models for EVT...
      Found 13 models
      ✅ Added models for EVT

   🔍 Fetching models for EWD CYCLES...
      Found 1 models
      ✅ Added models for EWD CYCLES

   🔍 Fetching models for EWHEELZ...
      Found 1 models
      ✅ Added models for EWHEELZ

   🔍 Fetching models for EXA INDUSTRIAL...
      Found 1 models
      ✅ Added models for EXA INDUSTRIAL

   🔍 Fetching models for EXCALIBER FABRICATIONS INC...
      Found 0 models
      ✅ Added models for EXCALIBER FABRICATIONS INC

   🔍 Fetching models for EXCALIBUR AUTOMOBILE CORPORATION...
      Found 5 models
      ✅ Added models for EXCALIBUR AUTOMOBILE CORPORATION

   🔍 Fetching models for EXCALIBUR TRAILER COMPANY...
      Found 1 models
      ✅ Added models for EXCALIBUR TRAILER COMPANY

   🔍 Fetching models for EXCAVATION TECHNOLOGY CORPORATION...
      Found 1 models
      ✅ Added models for EXCAVATION TECHNOLOGY CORPORATION

   🔍 Fetching models for EXCEL...
      Found 24 models
      ✅ Added models for EXCEL

   🔍 Fetching models for EXCEL TRUCK EQUIPMENT SPECIALTIES...
      Found 1 models
      ✅ Added models for EXCEL TRUCK EQUIPMENT SPECIALTIES

   🔍 Fetching models for EXPANDABLE B.V....
Error fetching models for EXPANDABLE B.V. from NHTSA vPIC: SyntaxError: Unexpected token '<', "<!DOCTYPE "... is not valid JSON
    at JSON.parse (<anonymous>)
    at parseJSONFromBytes (node:internal/deps/undici/undici:5419:19)
    at successSteps (node:internal/deps/undici/undici:5390:27)
    at fullyReadBody (node:internal/deps/undici/undici:1501:9)
    at process.processTicksAndRejections (node:internal/process/task_queues:95:5)
    at async specConsumeBody (node:internal/deps/undici/undici:5399:7)
    at Object.getModelsForMake (C:\Users\tfort\Desktop\Projects\the-pickard\src\lib\nhtsa-vpic-api.ts:78:18)
    at populateModels (C:\Users\tfort\Desktop\Projects\the-pickard\scripts\populate-vehicle-data.ts:175:22)
    at main (C:\Users\tfort\Desktop\Projects\the-pickard\scripts\populate-vehicle-data.ts:353:7)
      Found 0 models
      ✅ Added models for EXPANDABLE B.V.

   🔍 Fetching models for EXPRESS WELDING...
      Found 1 models
      ✅ Added models for EXPRESS WELDING

   🔍 Fetching models for EXTREME CHOPPERS, INC...
      Found 1 models
      ✅ Added models for EXTREME CHOPPERS, INC

   🔍 Fetching models for EXTREME CHUTE TRAILERS...
      Found 1 models
      ✅ Added models for EXTREME CHUTE TRAILERS

   🔍 Fetching models for EXTREME CLASSIC TRAILERS...
      Found 1 models
      ✅ Added models for EXTREME CLASSIC TRAILERS

   🔍 Fetching models for EXTREME ENGINEERING INC....
Error fetching models for EXTREME ENGINEERING INC. from NHTSA vPIC: SyntaxError: Unexpected token '<', "<!DOCTYPE "... is not valid JSON
    at JSON.parse (<anonymous>)
    at parseJSONFromBytes (node:internal/deps/undici/undici:5419:19)
    at successSteps (node:internal/deps/undici/undici:5390:27)
    at fullyReadBody (node:internal/deps/undici/undici:1501:9)
    at process.processTicksAndRejections (node:internal/process/task_queues:95:5)
    at async specConsumeBody (node:internal/deps/undici/undici:5399:7)
    at Object.getModelsForMake (C:\Users\tfort\Desktop\Projects\the-pickard\src\lib\nhtsa-vpic-api.ts:78:18)
    at populateModels (C:\Users\tfort\Desktop\Projects\the-pickard\scripts\populate-vehicle-data.ts:175:22)
    at main (C:\Users\tfort\Desktop\Projects\the-pickard\scripts\populate-vehicle-data.ts:353:7)
      Found 0 models
      ✅ Added models for EXTREME ENGINEERING INC.

   🔍 Fetching models for EZ TRAILERS...
      Found 4 models
      ✅ Added models for EZ TRAILERS

   🔍 Fetching models for EZ-2-LOAD TRAILER...
      Found 1 models
      ✅ Added models for EZ-2-LOAD TRAILER

   🔍 Fetching models for EZ-HAUL, INC...
      Found 1 models
      ✅ Added models for EZ-HAUL, INC

   🔍 Fetching models for F&FHD...
      Found 1 models
      ✅ Added models for F&FHD

   🔍 Fetching models for F-3 TRAILERS & FAB....
Error fetching models for F-3 TRAILERS & FAB. from NHTSA vPIC: SyntaxError: Unexpected token '<', "<!DOCTYPE "... is not valid JSON
    at JSON.parse (<anonymous>)
    at parseJSONFromBytes (node:internal/deps/undici/undici:5419:19)
    at successSteps (node:internal/deps/undici/undici:5390:27)
    at fullyReadBody (node:internal/deps/undici/undici:1501:9)
    at process.processTicksAndRejections (node:internal/process/task_queues:95:5)
    at async specConsumeBody (node:internal/deps/undici/undici:5399:7)
    at Object.getModelsForMake (C:\Users\tfort\Desktop\Projects\the-pickard\src\lib\nhtsa-vpic-api.ts:78:18)
    at populateModels (C:\Users\tfort\Desktop\Projects\the-pickard\scripts\populate-vehicle-data.ts:175:22)
    at main (C:\Users\tfort\Desktop\Projects\the-pickard\scripts\populate-vehicle-data.ts:353:7)
      Found 0 models
      ✅ Added models for F-3 TRAILERS & FAB.

   🔍 Fetching models for F.L.T. TRAILERS...
Error fetching models for F.L.T. TRAILERS from NHTSA vPIC: SyntaxError: Unexpected token '<', "<!DOCTYPE "... is not valid JSON
    at JSON.parse (<anonymous>)
    at parseJSONFromBytes (node:internal/deps/undici/undici:5419:19)
    at successSteps (node:internal/deps/undici/undici:5390:27)
    at fullyReadBody (node:internal/deps/undici/undici:1501:9)
    at process.processTicksAndRejections (node:internal/process/task_queues:95:5)
    at async specConsumeBody (node:internal/deps/undici/undici:5399:7)
    at Object.getModelsForMake (C:\Users\tfort\Desktop\Projects\the-pickard\src\lib\nhtsa-vpic-api.ts:78:18)
    at populateModels (C:\Users\tfort\Desktop\Projects\the-pickard\scripts\populate-vehicle-data.ts:175:22)
    at main (C:\Users\tfort\Desktop\Projects\the-pickard\scripts\populate-vehicle-data.ts:353:7)
      Found 0 models
      ✅ Added models for F.L.T. TRAILERS

   🔍 Fetching models for FAB TEC...
      Found 1 models
      ✅ Added models for FAB TEC

   🔍 Fetching models for FAB-RITE TRAILER MFG....
Error fetching models for FAB-RITE TRAILER MFG. from NHTSA vPIC: SyntaxError: Unexpected token '<', "<!DOCTYPE "... is not valid JSON
    at JSON.parse (<anonymous>)
    at parseJSONFromBytes (node:internal/deps/undici/undici:5419:19)
    at successSteps (node:internal/deps/undici/undici:5390:27)
    at fullyReadBody (node:internal/deps/undici/undici:1501:9)
    at process.processTicksAndRejections (node:internal/process/task_queues:95:5)
    at async specConsumeBody (node:internal/deps/undici/undici:5399:7)
    at Object.getModelsForMake (C:\Users\tfort\Desktop\Projects\the-pickard\src\lib\nhtsa-vpic-api.ts:78:18)
    at populateModels (C:\Users\tfort\Desktop\Projects\the-pickard\scripts\populate-vehicle-data.ts:175:22)
    at main (C:\Users\tfort\Desktop\Projects\the-pickard\scripts\populate-vehicle-data.ts:353:7)
      Found 0 models
      ✅ Added models for FAB-RITE TRAILER MFG.

   🔍 Fetching models for FABBRO INDUSTRIES, LLC...
      Found 1 models
      ✅ Added models for FABBRO INDUSTRIES, LLC

   🔍 Fetching models for FABCO...
      Found 1 models
      ✅ Added models for FABCO

   🔍 Fetching models for FABFORM INDUSTRIES...
      Found 1 models
      ✅ Added models for FABFORM INDUSTRIES

   🔍 Fetching models for FABMETALS...
      Found 1 models
      ✅ Added models for FABMETALS

   🔍 Fetching models for FABRI-REMORQUE INC....
Error fetching models for FABRI-REMORQUE INC. from NHTSA vPIC: SyntaxError: Unexpected token '<', "<!DOCTYPE "... is not valid JSON
    at JSON.parse (<anonymous>)
    at parseJSONFromBytes (node:internal/deps/undici/undici:5419:19)
    at successSteps (node:internal/deps/undici/undici:5390:27)
    at fullyReadBody (node:internal/deps/undici/undici:1501:9)
    at process.processTicksAndRejections (node:internal/process/task_queues:95:5)
    at async specConsumeBody (node:internal/deps/undici/undici:5399:7)
    at Object.getModelsForMake (C:\Users\tfort\Desktop\Projects\the-pickard\src\lib\nhtsa-vpic-api.ts:78:18)
    at populateModels (C:\Users\tfort\Desktop\Projects\the-pickard\scripts\populate-vehicle-data.ts:175:22)
    at main (C:\Users\tfort\Desktop\Projects\the-pickard\scripts\populate-vehicle-data.ts:353:7)
      Found 0 models
      ✅ Added models for FABRI-REMORQUE INC.

   🔍 Fetching models for FABRICACION Y COMERCIALIZACION PENA...
      Found 1 models
      ✅ Added models for FABRICACION Y COMERCIALIZACION PENA

   🔍 Fetching models for FABRICACIONES Y SERVICIOS DE MEXICO SA DE CV ( FASEMEX/ LIDDELL)...
Error fetching models for FABRICACIONES Y SERVICIOS DE MEXICO SA DE CV ( FASEMEX/ LIDDELL) from NHTSA vPIC: SyntaxError: Unexpected token '<', "<!DOCTYPE "... is not valid JSON
    at JSON.parse (<anonymous>)
    at parseJSONFromBytes (node:internal/deps/undici/undici:5419:19)
    at successSteps (node:internal/deps/undici/undici:5390:27)
    at fullyReadBody (node:internal/deps/undici/undici:1501:9)
    at process.processTicksAndRejections (node:internal/process/task_queues:95:5)
    at async specConsumeBody (node:internal/deps/undici/undici:5399:7)
    at Object.getModelsForMake (C:\Users\tfort\Desktop\Projects\the-pickard\src\lib\nhtsa-vpic-api.ts:78:18)
    at populateModels (C:\Users\tfort\Desktop\Projects\the-pickard\scripts\populate-vehicle-data.ts:175:22)
    at main (C:\Users\tfort\Desktop\Projects\the-pickard\scripts\populate-vehicle-data.ts:353:7)
      Found 0 models
      ✅ Added models for FABRICACIONES Y SERVICIOS DE MEXICO SA DE CV ( FASEMEX/ LIDDELL)

   🔍 Fetching models for FABRICATED DESIGNS COMPANY...
      Found 1 models
      ✅ Added models for FABRICATED DESIGNS COMPANY

   🔍 Fetching models for FABRICATION & DESIGN INC...
      Found 1 models
      ✅ Added models for FABRICATION & DESIGN INC

   🔍 Fetching models for FABRICATION AND MAINTENANCE SERVICE, LLC...
      Found 1 models
      ✅ Added models for FABRICATION AND MAINTENANCE SERVICE, LLC

   🔍 Fetching models for FABRICATION TECHNOLOGIES...
      Found 1 models
      ✅ Added models for FABRICATION TECHNOLOGIES

   🔍 Fetching models for FABRICATORS PLUS...
      Found 1 models
      ✅ Added models for FABRICATORS PLUS

   🔍 Fetching models for FABRINEERING ...
Error fetching models for FABRINEERING  from NHTSA vPIC: SyntaxError: Unexpected token '<', "<!DOCTYPE "... is not valid JSON
    at JSON.parse (<anonymous>)
    at parseJSONFromBytes (node:internal/deps/undici/undici:5419:19)
    at successSteps (node:internal/deps/undici/undici:5390:27)
    at fullyReadBody (node:internal/deps/undici/undici:1501:9)
    at process.processTicksAndRejections (node:internal/process/task_queues:95:5)
    at async specConsumeBody (node:internal/deps/undici/undici:5399:7)
    at Object.getModelsForMake (C:\Users\tfort\Desktop\Projects\the-pickard\src\lib\nhtsa-vpic-api.ts:78:18)
    at populateModels (C:\Users\tfort\Desktop\Projects\the-pickard\scripts\populate-vehicle-data.ts:175:22)
    at main (C:\Users\tfort\Desktop\Projects\the-pickard\scripts\populate-vehicle-data.ts:353:7)
      Found 0 models
      ✅ Added models for FABRINEERING 

   🔍 Fetching models for FABTEC INC...
      Found 0 models
      ✅ Added models for FABTEC INC

   🔍 Fetching models for FABTECH...
      Found 3 models
      ✅ Added models for FABTECH

   🔍 Fetching models for FABTECH, LLC...
      Found 1 models
      ✅ Added models for FABTECH, LLC

   🔍 Fetching models for FABWELD, INC....
Error fetching models for FABWELD, INC. from NHTSA vPIC: SyntaxError: Unexpected token '<', "<!DOCTYPE "... is not valid JSON
    at JSON.parse (<anonymous>)
    at parseJSONFromBytes (node:internal/deps/undici/undici:5419:19)
    at successSteps (node:internal/deps/undici/undici:5390:27)
    at fullyReadBody (node:internal/deps/undici/undici:1501:9)
    at process.processTicksAndRejections (node:internal/process/task_queues:95:5)
    at async specConsumeBody (node:internal/deps/undici/undici:5399:7)
    at Object.getModelsForMake (C:\Users\tfort\Desktop\Projects\the-pickard\src\lib\nhtsa-vpic-api.ts:78:18)
    at populateModels (C:\Users\tfort\Desktop\Projects\the-pickard\scripts\populate-vehicle-data.ts:175:22)
    at main (C:\Users\tfort\Desktop\Projects\the-pickard\scripts\populate-vehicle-data.ts:353:7)
      Found 0 models
      ✅ Added models for FABWELD, INC.

   🔍 Fetching models for FACTORY DIRECT EQUIPMENT INC....
Error fetching models for FACTORY DIRECT EQUIPMENT INC. from NHTSA vPIC: SyntaxError: Unexpected token '<', "<!DOCTYPE "... is not valid JSON
    at JSON.parse (<anonymous>)
    at parseJSONFromBytes (node:internal/deps/undici/undici:5419:19)
    at successSteps (node:internal/deps/undici/undici:5390:27)
    at fullyReadBody (node:internal/deps/undici/undici:1501:9)
    at process.processTicksAndRejections (node:internal/process/task_queues:95:5)
    at async specConsumeBody (node:internal/deps/undici/undici:5399:7)
    at Object.getModelsForMake (C:\Users\tfort\Desktop\Projects\the-pickard\src\lib\nhtsa-vpic-api.ts:78:18)
    at populateModels (C:\Users\tfort\Desktop\Projects\the-pickard\scripts\populate-vehicle-data.ts:175:22)
    at main (C:\Users\tfort\Desktop\Projects\the-pickard\scripts\populate-vehicle-data.ts:353:7)
      Found 0 models
      ✅ Added models for FACTORY DIRECT EQUIPMENT INC.

   🔍 Fetching models for FACTORY DIRECT TRAILER SALES & MANUFACTURING...
      Found 1 models
      ✅ Added models for FACTORY DIRECT TRAILER SALES & MANUFACTURING

   🔍 Fetching models for FACTORY MOTORHOMES INC....
Error fetching models for FACTORY MOTORHOMES INC. from NHTSA vPIC: SyntaxError: Unexpected token '<', "<!DOCTYPE "... is not valid JSON
    at JSON.parse (<anonymous>)
    at parseJSONFromBytes (node:internal/deps/undici/undici:5419:19)
    at successSteps (node:internal/deps/undici/undici:5390:27)
    at fullyReadBody (node:internal/deps/undici/undici:1501:9)
    at process.processTicksAndRejections (node:internal/process/task_queues:95:5)
    at async specConsumeBody (node:internal/deps/undici/undici:5399:7)
    at Object.getModelsForMake (C:\Users\tfort\Desktop\Projects\the-pickard\src\lib\nhtsa-vpic-api.ts:78:18)
    at populateModels (C:\Users\tfort\Desktop\Projects\the-pickard\scripts\populate-vehicle-data.ts:175:22)
    at main (C:\Users\tfort\Desktop\Projects\the-pickard\scripts\populate-vehicle-data.ts:353:7)
      Found 0 models
      ✅ Added models for FACTORY MOTORHOMES INC.

   🔍 Fetching models for FACTORY TRANSPORTS, INC....
Error fetching models for FACTORY TRANSPORTS, INC. from NHTSA vPIC: SyntaxError: Unexpected token '<', "<!DOCTYPE "... is not valid JSON
    at JSON.parse (<anonymous>)
    at parseJSONFromBytes (node:internal/deps/undici/undici:5419:19)
    at successSteps (node:internal/deps/undici/undici:5390:27)
    at fullyReadBody (node:internal/deps/undici/undici:1501:9)
    at process.processTicksAndRejections (node:internal/process/task_queues:95:5)
    at async specConsumeBody (node:internal/deps/undici/undici:5399:7)
    at Object.getModelsForMake (C:\Users\tfort\Desktop\Projects\the-pickard\src\lib\nhtsa-vpic-api.ts:78:18)
    at populateModels (C:\Users\tfort\Desktop\Projects\the-pickard\scripts\populate-vehicle-data.ts:175:22)
    at main (C:\Users\tfort\Desktop\Projects\the-pickard\scripts\populate-vehicle-data.ts:353:7)
      Found 0 models
      ✅ Added models for FACTORY TRANSPORTS, INC.

   🔍 Fetching models for FAITH FORGOTTEN, LLC...
      Found 1 models
      ✅ Added models for FAITH FORGOTTEN, LLC

   🔍 Fetching models for FAJUMES SA DE CV...
      Found 1 models
      ✅ Added models for FAJUMES SA DE CV

   🔍 Fetching models for FALCON...
      Found 10 models
      ✅ Added models for FALCON

   🔍 Fetching models for EXCELSIOR-HENDERSON MOTORCYCLES...
      Found 2 models
      ✅ Added models for EXCELSIOR-HENDERSON MOTORCYCLES

   🔍 Fetching models for EXECUCOACH INC...
      Found 1 models
      ✅ Added models for EXECUCOACH INC

   🔍 Fetching models for EXECUHITCH...
      Found 1 models
      ✅ Added models for EXECUHITCH

   🔍 Fetching models for EXECUTIVE CHOPPERS...
      Found 1 models
      ✅ Added models for EXECUTIVE CHOPPERS

   🔍 Fetching models for EXIGIS, INC....
Error fetching models for EXIGIS, INC. from NHTSA vPIC: SyntaxError: Unexpected token '<', "<!DOCTYPE "... is not valid JSON
    at JSON.parse (<anonymous>)
    at parseJSONFromBytes (node:internal/deps/undici/undici:5419:19)
    at successSteps (node:internal/deps/undici/undici:5390:27)
    at fullyReadBody (node:internal/deps/undici/undici:1501:9)
    at process.processTicksAndRejections (node:internal/process/task_queues:95:5)
    at async specConsumeBody (node:internal/deps/undici/undici:5399:7)
    at Object.getModelsForMake (C:\Users\tfort\Desktop\Projects\the-pickard\src\lib\nhtsa-vpic-api.ts:78:18)
    at populateModels (C:\Users\tfort\Desktop\Projects\the-pickard\scripts\populate-vehicle-data.ts:175:22)
    at main (C:\Users\tfort\Desktop\Projects\the-pickard\scripts\populate-vehicle-data.ts:353:7)
      Found 0 models
      ✅ Added models for EXIGIS, INC.

   🔍 Fetching models for EXILE CYCLES...
      Found 1 models
      ✅ Added models for EXILE CYCLES

   🔍 Fetching models for EXOALLOY LLC...
      Found 1 models
      ✅ Added models for EXOALLOY LLC

   🔍 Fetching models for EXOLON SYSTEMS INC....
Error fetching models for EXOLON SYSTEMS INC. from NHTSA vPIC: SyntaxError: Unexpected token '<', "<!DOCTYPE "... is not valid JSON
    at JSON.parse (<anonymous>)
    at parseJSONFromBytes (node:internal/deps/undici/undici:5419:19)
    at successSteps (node:internal/deps/undici/undici:5390:27)
    at fullyReadBody (node:internal/deps/undici/undici:1501:9)
    at process.processTicksAndRejections (node:internal/process/task_queues:95:5)
    at async specConsumeBody (node:internal/deps/undici/undici:5399:7)
    at Object.getModelsForMake (C:\Users\tfort\Desktop\Projects\the-pickard\src\lib\nhtsa-vpic-api.ts:78:18)
    at populateModels (C:\Users\tfort\Desktop\Projects\the-pickard\scripts\populate-vehicle-data.ts:175:22)
    at main (C:\Users\tfort\Desktop\Projects\the-pickard\scripts\populate-vehicle-data.ts:353:7)
      Found 0 models
      ✅ Added models for EXOLON SYSTEMS INC.

   🔍 Fetching models for EXOSENT ENGINEERING...
      Found 1 models
      ✅ Added models for EXOSENT ENGINEERING

   🔍 Fetching models for EXOTIC CHOPPERS...
      Found 0 models
      ✅ Added models for EXOTIC CHOPPERS

   🔍 Fetching models for EXOTIX CYCLE & MOTOR WERX...
      Found 9 models
      ✅ Added models for EXOTIX CYCLE & MOTOR WERX

   🔍 Fetching models for EXPERIMENTAL FABRICATION INC...
      Found 1 models
      ✅ Added models for EXPERIMENTAL FABRICATION INC

   🔍 Fetching models for EXPLORER FORWARD FOLD...
      Found 1 models
      ✅ Added models for EXPLORER FORWARD FOLD

   🔍 Fetching models for EXPLORER REAR FOLD...
      Found 1 models
      ✅ Added models for EXPLORER REAR FOLD

   🔍 Fetching models for EXPLORER VAN COMPANY...
      Found 1 models
      ✅ Added models for EXPLORER VAN COMPANY

   🔍 Fetching models for EXPONENT V2 ...
Error fetching models for EXPONENT V2  from NHTSA vPIC: SyntaxError: Unexpected token '<', "<!DOCTYPE "... is not valid JSON
    at JSON.parse (<anonymous>)
    at parseJSONFromBytes (node:internal/deps/undici/undici:5419:19)
    at successSteps (node:internal/deps/undici/undici:5390:27)
    at fullyReadBody (node:internal/deps/undici/undici:1501:9)
    at process.processTicksAndRejections (node:internal/process/task_queues:95:5)
    at async specConsumeBody (node:internal/deps/undici/undici:5399:7)
    at Object.getModelsForMake (C:\Users\tfort\Desktop\Projects\the-pickard\src\lib\nhtsa-vpic-api.ts:78:18)
    at populateModels (C:\Users\tfort\Desktop\Projects\the-pickard\scripts\populate-vehicle-data.ts:175:22)
    at main (C:\Users\tfort\Desktop\Projects\the-pickard\scripts\populate-vehicle-data.ts:353:7)
      Found 0 models
      ✅ Added models for EXPONENT V2 

   🔍 Fetching models for EXPRESS CONCESSION TRAILERS...
      Found 1 models
      ✅ Added models for EXPRESS CONCESSION TRAILERS

   🔍 Fetching models for EXPRESS CUSTOM TRAILER MFG. INC....
Error fetching models for EXPRESS CUSTOM TRAILER MFG. INC. from NHTSA vPIC: SyntaxError: Unexpected token '<', "<!DOCTYPE "... is not valid JSON
    at JSON.parse (<anonymous>)
    at parseJSONFromBytes (node:internal/deps/undici/undici:5419:19)
    at successSteps (node:internal/deps/undici/undici:5390:27)
    at fullyReadBody (node:internal/deps/undici/undici:1501:9)
    at process.processTicksAndRejections (node:internal/process/task_queues:95:5)
    at async specConsumeBody (node:internal/deps/undici/undici:5399:7)
    at Object.getModelsForMake (C:\Users\tfort\Desktop\Projects\the-pickard\src\lib\nhtsa-vpic-api.ts:78:18)
    at populateModels (C:\Users\tfort\Desktop\Projects\the-pickard\scripts\populate-vehicle-data.ts:175:22)
    at main (C:\Users\tfort\Desktop\Projects\the-pickard\scripts\populate-vehicle-data.ts:353:7)
      Found 0 models
      ✅ Added models for EXPRESS CUSTOM TRAILER MFG. INC.

   🔍 Fetching models for EXPRESS ROASTER...
      Found 1 models
      ✅ Added models for EXPRESS ROASTER

   🔍 Fetching models for EXPRESS SHUTTLE SERVICE...
      Found 1 models
      ✅ Added models for EXPRESS SHUTTLE SERVICE

   🔍 Fetching models for EXPRESS TRAILERS INC...
      Found 1 models
      ✅ Added models for EXPRESS TRAILERS INC

   🔍 Fetching models for EXTREME FABRICATION...
      Found 1 models
      ✅ Added models for EXTREME FABRICATION

   🔍 Fetching models for EXTREME ROAD & TRAIL...
      Found 1 models
      ✅ Added models for EXTREME ROAD & TRAIL

   🔍 Fetching models for EXTREME TRAILER...
      Found 6 models
      ✅ Added models for EXTREME TRAILER

   🔍 Fetching models for EXTREME TRAILERS...
      Found 4 models
      ✅ Added models for EXTREME TRAILERS

   🔍 Fetching models for EXTREME TRAILERS (TN)...
      Found 1 models
      ✅ Added models for EXTREME TRAILERS (TN)

   🔍 Fetching models for EXTREME TRAILERS LLC...
      Found 1 models
      ✅ Added models for EXTREME TRAILERS LLC

   🔍 Fetching models for EXTREME TRAILERS OF TEXAS...
      Found 1 models
      ✅ Added models for EXTREME TRAILERS OF TEXAS

   🔍 Fetching models for EXTREME WARRIOR RVS OF IDAHO...
      Found 1 models
      ✅ Added models for EXTREME WARRIOR RVS OF IDAHO

   🔍 Fetching models for EXTREME WELDING...
      Found 1 models
      ✅ Added models for EXTREME WELDING

   🔍 Fetching models for EXTREME WIRELINE TRUCKS AND EQUIPMENT LLC....
Error fetching models for EXTREME WIRELINE TRUCKS AND EQUIPMENT LLC. from NHTSA vPIC: SyntaxError: Unexpected token '<', "<!DOCTYPE "... is not valid JSON
    at JSON.parse (<anonymous>)
    at parseJSONFromBytes (node:internal/deps/undici/undici:5419:19)
    at successSteps (node:internal/deps/undici/undici:5390:27)
    at fullyReadBody (node:internal/deps/undici/undici:1501:9)
    at process.processTicksAndRejections (node:internal/process/task_queues:95:5)
    at async specConsumeBody (node:internal/deps/undici/undici:5399:7)
    at Object.getModelsForMake (C:\Users\tfort\Desktop\Projects\the-pickard\src\lib\nhtsa-vpic-api.ts:78:18)
    at populateModels (C:\Users\tfort\Desktop\Projects\the-pickard\scripts\populate-vehicle-data.ts:175:22)
    at main (C:\Users\tfort\Desktop\Projects\the-pickard\scripts\populate-vehicle-data.ts:353:7)
      Found 0 models
      ✅ Added models for EXTREME WIRELINE TRUCKS AND EQUIPMENT LLC.

   🔍 Fetching models for EXXISS...
      Found 2 models
      ✅ Added models for EXXISS

   🔍 Fetching models for EYE4DESIGN CONVERSIONS...
      Found 1 models
      ✅ Added models for EYE4DESIGN CONVERSIONS

   🔍 Fetching models for EYEBALL ENG....
Error fetching models for EYEBALL ENG. from NHTSA vPIC: SyntaxError: Unexpected token '<', "<!DOCTYPE "... is not valid JSON
    at JSON.parse (<anonymous>)
    at parseJSONFromBytes (node:internal/deps/undici/undici:5419:19)
    at successSteps (node:internal/deps/undici/undici:5390:27)
    at fullyReadBody (node:internal/deps/undici/undici:1501:9)
    at process.processTicksAndRejections (node:internal/process/task_queues:95:5)
    at async specConsumeBody (node:internal/deps/undici/undici:5399:7)
    at Object.getModelsForMake (C:\Users\tfort\Desktop\Projects\the-pickard\src\lib\nhtsa-vpic-api.ts:78:18)
    at populateModels (C:\Users\tfort\Desktop\Projects\the-pickard\scripts\populate-vehicle-data.ts:175:22)
    at main (C:\Users\tfort\Desktop\Projects\the-pickard\scripts\populate-vehicle-data.ts:353:7)
      Found 0 models
      ✅ Added models for EYEBALL ENG.

   🔍 Fetching models for EZ...
      Found 154 models
      ✅ Added models for EZ

   🔍 Fetching models for EZ DEPLOY SYSTEMS...
      Found 1 models
      ✅ Added models for EZ DEPLOY SYSTEMS

   🔍 Fetching models for EZ DRAW TRAILERS...
      Found 1 models
      ✅ Added models for EZ DRAW TRAILERS

   🔍 Fetching models for EZ GO...
      Found 7 models
      ✅ Added models for EZ GO

   🔍 Fetching models for EZ HUNT & HAUL...
      Found 1 models
      ✅ Added models for EZ HUNT & HAUL

   🔍 Fetching models for EZ KRUISER / RAPTOR...
Error fetching models for EZ KRUISER / RAPTOR from NHTSA vPIC: SyntaxError: Unexpected token '<', "<!DOCTYPE "... is not valid JSON
    at JSON.parse (<anonymous>)
    at parseJSONFromBytes (node:internal/deps/undici/undici:5419:19)
    at successSteps (node:internal/deps/undici/undici:5390:27)
    at fullyReadBody (node:internal/deps/undici/undici:1501:9)
    at process.processTicksAndRejections (node:internal/process/task_queues:95:5)
    at async specConsumeBody (node:internal/deps/undici/undici:5399:7)
    at Object.getModelsForMake (C:\Users\tfort\Desktop\Projects\the-pickard\src\lib\nhtsa-vpic-api.ts:78:18)
    at populateModels (C:\Users\tfort\Desktop\Projects\the-pickard\scripts\populate-vehicle-data.ts:175:22)
    at main (C:\Users\tfort\Desktop\Projects\the-pickard\scripts\populate-vehicle-data.ts:353:7)
      Found 0 models
      ✅ Added models for EZ KRUISER / RAPTOR

   🔍 Fetching models for EZ KRUISER / VECTOR...
Error fetching models for EZ KRUISER / VECTOR from NHTSA vPIC: SyntaxError: Unexpected token '<', "<!DOCTYPE "... is not valid JSON
    at JSON.parse (<anonymous>)
    at parseJSONFromBytes (node:internal/deps/undici/undici:5419:19)
    at successSteps (node:internal/deps/undici/undici:5390:27)
    at fullyReadBody (node:internal/deps/undici/undici:1501:9)
    at process.processTicksAndRejections (node:internal/process/task_queues:95:5)
    at async specConsumeBody (node:internal/deps/undici/undici:5399:7)
    at Object.getModelsForMake (C:\Users\tfort\Desktop\Projects\the-pickard\src\lib\nhtsa-vpic-api.ts:78:18)
    at populateModels (C:\Users\tfort\Desktop\Projects\the-pickard\scripts\populate-vehicle-data.ts:175:22)
    at main (C:\Users\tfort\Desktop\Projects\the-pickard\scripts\populate-vehicle-data.ts:353:7)
      Found 0 models
      ✅ Added models for EZ KRUISER / VECTOR

   🔍 Fetching models for EZ KRUISER / VENOM...
Error fetching models for EZ KRUISER / VENOM from NHTSA vPIC: SyntaxError: Unexpected token '<', "<!DOCTYPE "... is not valid JSON
    at JSON.parse (<anonymous>)
    at parseJSONFromBytes (node:internal/deps/undici/undici:5419:19)
    at successSteps (node:internal/deps/undici/undici:5390:27)
    at fullyReadBody (node:internal/deps/undici/undici:1501:9)
    at process.processTicksAndRejections (node:internal/process/task_queues:95:5)
    at async specConsumeBody (node:internal/deps/undici/undici:5399:7)
    at Object.getModelsForMake (C:\Users\tfort\Desktop\Projects\the-pickard\src\lib\nhtsa-vpic-api.ts:78:18)
    at populateModels (C:\Users\tfort\Desktop\Projects\the-pickard\scripts\populate-vehicle-data.ts:175:22)
    at main (C:\Users\tfort\Desktop\Projects\the-pickard\scripts\populate-vehicle-data.ts:353:7)
      Found 0 models
      ✅ Added models for EZ KRUISER / VENOM

   🔍 Fetching models for EZ LIFE CAMPERS...
      Found 1 models
      ✅ Added models for EZ LIFE CAMPERS

   🔍 Fetching models for EZ LOADER BOAT TRAILER...
      Found 0 models
      ✅ Added models for EZ LOADER BOAT TRAILER

   🔍 Fetching models for EZ LOADER CUSTOM BOAT TRAILERS...
      Found 22 models
      ✅ Added models for EZ LOADER CUSTOM BOAT TRAILERS

   🔍 Fetching models for EZ LOADER WIDTH SERIES...
      Found 23 models
      ✅ Added models for EZ LOADER WIDTH SERIES

   🔍 Fetching models for EZ PULL TRAILERS...
      Found 1 models
      ✅ Added models for EZ PULL TRAILERS

   🔍 Fetching models for EZ TRAC...
      Found 1 models
      ✅ Added models for EZ TRAC

   🔍 Fetching models for EZGO...
      Found 11 models
      ✅ Added models for EZGO

   🔍 Fetching models for EZL MODEL...
      Found 27 models
      ✅ Added models for EZL MODEL

   🔍 Fetching models for F&F...
      Found 2 models
      ✅ Added models for F&F

   🔍 Fetching models for F&S...
      Found 1 models
      ✅ Added models for F&S

   🔍 Fetching models for FADING WEST...
      Found 1 models
      ✅ Added models for FADING WEST

   🔍 Fetching models for FAIR WEST...
      Found 1 models
      ✅ Added models for FAIR WEST

   🔍 Fetching models for FAIRLINE INC...
      Found 1 models
      ✅ Added models for FAIRLINE INC

   🔍 Fetching models for FAIRPLAY ELECTRIC CARS, LLC...
      Found 3 models
      ✅ Added models for FAIRPLAY ELECTRIC CARS, LLC

   🔍 Fetching models for FAIRVIEW AUTOMATED BURNOUTS...
      Found 1 models
      ✅ Added models for FAIRVIEW AUTOMATED BURNOUTS

   🔍 Fetching models for FASTRACK ENGINEERING...
      Found 1 models
      ✅ Added models for FASTRACK ENGINEERING

   🔍 Fetching models for FAT...
      Found 37 models
      ✅ Added models for FAT

   🔍 Fetching models for FAT ATTACK CUSTOM BIKES...
      Found 1 models
      ✅ Added models for FAT ATTACK CUSTOM BIKES

   🔍 Fetching models for FAT BOY...
      Found 2 models
      ✅ Added models for FAT BOY

   🔍 Fetching models for FAT BOY TRAILERS, LLC....
Error fetching models for FAT BOY TRAILERS, LLC. from NHTSA vPIC: SyntaxError: Unexpected token '<', "<!DOCTYPE "... is not valid JSON
    at JSON.parse (<anonymous>)
    at parseJSONFromBytes (node:internal/deps/undici/undici:5419:19)
    at successSteps (node:internal/deps/undici/undici:5390:27)
    at fullyReadBody (node:internal/deps/undici/undici:1501:9)
    at process.processTicksAndRejections (node:internal/process/task_queues:95:5)
    at async specConsumeBody (node:internal/deps/undici/undici:5399:7)
    at Object.getModelsForMake (C:\Users\tfort\Desktop\Projects\the-pickard\src\lib\nhtsa-vpic-api.ts:78:18)
    at populateModels (C:\Users\tfort\Desktop\Projects\the-pickard\scripts\populate-vehicle-data.ts:175:22)
    at main (C:\Users\tfort\Desktop\Projects\the-pickard\scripts\populate-vehicle-data.ts:353:7)
      Found 0 models
      ✅ Added models for FAT BOY TRAILERS, LLC.

   🔍 Fetching models for FAT DADDY RACING...
      Found 1 models
      ✅ Added models for FAT DADDY RACING

   🔍 Fetching models for FAT GUINEA CUSTOMS...
      Found 1 models
      ✅ Added models for FAT GUINEA CUSTOMS

   🔍 Fetching models for FAT SOCKS MOTORSPORTS...
      Found 1 models
      ✅ Added models for FAT SOCKS MOTORSPORTS

   🔍 Fetching models for FATBEAR SCOOTERS...
      Found 23 models
      ✅ Added models for FATBEAR SCOOTERS

   🔍 Fetching models for FAULKNER LLC...
      Found 1 models
      ✅ Added models for FAULKNER LLC

   🔍 Fetching models for FAULT LINE...
      Found 1 models
      ✅ Added models for FAULT LINE

   🔍 Fetching models for FAW JIAXING HAPPY MESSENGER...
      Found 1 models
      ✅ Added models for FAW JIAXING HAPPY MESSENGER

   🔍 Fetching models for FD INTERNATIONAL, INC....
Error fetching models for FD INTERNATIONAL, INC. from NHTSA vPIC: SyntaxError: Unexpected token '<', "<!DOCTYPE "... is not valid JSON
    at JSON.parse (<anonymous>)
    at parseJSONFromBytes (node:internal/deps/undici/undici:5419:19)
    at successSteps (node:internal/deps/undici/undici:5390:27)
    at fullyReadBody (node:internal/deps/undici/undici:1501:9)
    at process.processTicksAndRejections (node:internal/process/task_queues:95:5)
    at async specConsumeBody (node:internal/deps/undici/undici:5399:7)
    at Object.getModelsForMake (C:\Users\tfort\Desktop\Projects\the-pickard\src\lib\nhtsa-vpic-api.ts:78:18)
    at populateModels (C:\Users\tfort\Desktop\Projects\the-pickard\scripts\populate-vehicle-data.ts:175:22)
    at main (C:\Users\tfort\Desktop\Projects\the-pickard\scripts\populate-vehicle-data.ts:353:7)
      Found 0 models
      ✅ Added models for FD INTERNATIONAL, INC.

   🔍 Fetching models for FDM...
      Found 1 models
      ✅ Added models for FDM

   🔍 Fetching models for FEARLESS CHOPPERS...
      Found 1 models
      ✅ Added models for FEARLESS CHOPPERS

   🔍 Fetching models for FEARLESS EAGLE TRAILERS...
      Found 1 models
      ✅ Added models for FEARLESS EAGLE TRAILERS

   🔍 Fetching models for FEATHERLITE TRAILERS...
      Found 1 models
      ✅ Added models for FEATHERLITE TRAILERS

   🔍 Fetching models for FEATHERLITE VOGUE...
      Found 4 models
      ✅ Added models for FEATHERLITE VOGUE

   🔍 Fetching models for FEDERAL MOTORS INC...
      Found 1 models
      ✅ Added models for FEDERAL MOTORS INC

   🔍 Fetching models for FEHR...
      Found 5 models
      ✅ Added models for FEHR

   🔍 Fetching models for FEHR INDUSTRIAL MANUFACTURING...
      Found 1 models
      ✅ Added models for FEHR INDUSTRIAL MANUFACTURING

   🔍 Fetching models for FEHRING...
      Found 1 models
      ✅ Added models for FEHRING

   🔍 Fetching models for FEKON...
      Found 1 models
      ✅ Added models for FEKON

   🔍 Fetching models for FELLING TRAILERS...
      Found 1 models
      ✅ Added models for FELLING TRAILERS

   🔍 Fetching models for FELONY STREET GEAR...
      Found 1 models
      ✅ Added models for FELONY STREET GEAR

   🔍 Fetching models for FEMCO...
      Found 2 models
      ✅ Added models for FEMCO

   🔍 Fetching models for FENGLING...
      Found 1 models
      ✅ Added models for FENGLING

   🔍 Fetching models for FENGYUAN...
      Found 76 models
      ✅ Added models for FENGYUAN

   🔍 Fetching models for FF...
      Found 130 models
      ✅ Added models for FF

   🔍 Fetching models for FIBA COMPRESSED GAS EQUIPMENT...
      Found 1 models
      ✅ Added models for FIBA COMPRESSED GAS EQUIPMENT

   🔍 Fetching models for FIBER PULLING EQUIPMENT, INC....
Error fetching models for FIBER PULLING EQUIPMENT, INC. from NHTSA vPIC: SyntaxError: Unexpected token '<', "<!DOCTYPE "... is not valid JSON
    at JSON.parse (<anonymous>)
    at parseJSONFromBytes (node:internal/deps/undici/undici:5419:19)
    at successSteps (node:internal/deps/undici/undici:5390:27)
    at fullyReadBody (node:internal/deps/undici/undici:1501:9)
    at process.processTicksAndRejections (node:internal/process/task_queues:95:5)
    at async specConsumeBody (node:internal/deps/undici/undici:5399:7)
    at Object.getModelsForMake (C:\Users\tfort\Desktop\Projects\the-pickard\src\lib\nhtsa-vpic-api.ts:78:18)
    at populateModels (C:\Users\tfort\Desktop\Projects\the-pickard\scripts\populate-vehicle-data.ts:175:22)
    at main (C:\Users\tfort\Desktop\Projects\the-pickard\scripts\populate-vehicle-data.ts:353:7)
      Found 0 models
      ✅ Added models for FIBER PULLING EQUIPMENT, INC.

   🔍 Fetching models for FIBER TRAILER...
      Found 1 models
      ✅ Added models for FIBER TRAILER

   🔍 Fetching models for FIBER-TRON TRAILER...
      Found 1 models
      ✅ Added models for FIBER-TRON TRAILER

   🔍 Fetching models for FIBERGLASS BREAD...
      Found 1 models
      ✅ Added models for FIBERGLASS BREAD

   🔍 Fetching models for FIBERGLASS PROTOTYPES DEVELOPMENT MANUFACTURING COMPANY...
      Found 1 models
      ✅ Added models for FIBERGLASS PROTOTYPES DEVELOPMENT MANUFACTURING COMPANY

   🔍 Fetching models for FIBERLITE TRAILERS...
      Found 1 models
      ✅ Added models for FIBERLITE TRAILERS

   🔍 Fetching models for FIBERLITE TRAVEL TRAILERS, INC...
      Found 1 models
      ✅ Added models for FIBERLITE TRAVEL TRAILERS, INC

   🔍 Fetching models for FIBERTECH SERVICES...
      Found 1 models
      ✅ Added models for FIBERTECH SERVICES

   🔍 Fetching models for FIBRE-TECH, INC....
Error fetching models for FIBRE-TECH, INC. from NHTSA vPIC: SyntaxError: Unexpected token '<', "<!DOCTYPE "... is not valid JSON
    at JSON.parse (<anonymous>)
    at parseJSONFromBytes (node:internal/deps/undici/undici:5419:19)
    at successSteps (node:internal/deps/undici/undici:5390:27)
    at fullyReadBody (node:internal/deps/undici/undici:1501:9)
    at process.processTicksAndRejections (node:internal/process/task_queues:95:5)
    at async specConsumeBody (node:internal/deps/undici/undici:5399:7)
    at Object.getModelsForMake (C:\Users\tfort\Desktop\Projects\the-pickard\src\lib\nhtsa-vpic-api.ts:78:18)
    at populateModels (C:\Users\tfort\Desktop\Projects\the-pickard\scripts\populate-vehicle-data.ts:175:22)
    at main (C:\Users\tfort\Desktop\Projects\the-pickard\scripts\populate-vehicle-data.ts:353:7)
      Found 0 models
      ✅ Added models for FIBRE-TECH, INC.

   🔍 Fetching models for FIBRO CONCEPT INC....
Error fetching models for FIBRO CONCEPT INC. from NHTSA vPIC: SyntaxError: Unexpected token '<', "<!DOCTYPE "... is not valid JSON
    at JSON.parse (<anonymous>)
    at parseJSONFromBytes (node:internal/deps/undici/undici:5419:19)
    at successSteps (node:internal/deps/undici/undici:5390:27)
    at fullyReadBody (node:internal/deps/undici/undici:1501:9)
    at process.processTicksAndRejections (node:internal/process/task_queues:95:5)
    at async specConsumeBody (node:internal/deps/undici/undici:5399:7)
    at Object.getModelsForMake (C:\Users\tfort\Desktop\Projects\the-pickard\src\lib\nhtsa-vpic-api.ts:78:18)
    at populateModels (C:\Users\tfort\Desktop\Projects\the-pickard\scripts\populate-vehicle-data.ts:175:22)
    at main (C:\Users\tfort\Desktop\Projects\the-pickard\scripts\populate-vehicle-data.ts:353:7)
      Found 0 models
      ✅ Added models for FIBRO CONCEPT INC.

   🔍 Fetching models for FIDELITY MANUFACTURING...
      Found 0 models
      ✅ Added models for FIDELITY MANUFACTURING

   🔍 Fetching models for FIDO MOTORS...
      Found 1 models
      ✅ Added models for FIDO MOTORS

   🔍 Fetching models for FIELDS TRAILER SALES...
      Found 1 models
      ✅ Added models for FIELDS TRAILER SALES

   🔍 Fetching models for FIFTIES TRAILERS...
      Found 1 models
      ✅ Added models for FIFTIES TRAILERS

   🔍 Fetching models for FIMCO...
      Found 1 models
      ✅ Added models for FIMCO

   🔍 Fetching models for FINE LIFE / PERFECT COTTAGE...
Error fetching models for FINE LIFE / PERFECT COTTAGE from NHTSA vPIC: SyntaxError: Unexpected token '<', "<!DOCTYPE "... is not valid JSON
    at JSON.parse (<anonymous>)
    at parseJSONFromBytes (node:internal/deps/undici/undici:5419:19)
    at successSteps (node:internal/deps/undici/undici:5390:27)
    at fullyReadBody (node:internal/deps/undici/undici:1501:9)
    at process.processTicksAndRejections (node:internal/process/task_queues:95:5)
    at async specConsumeBody (node:internal/deps/undici/undici:5399:7)
    at Object.getModelsForMake (C:\Users\tfort\Desktop\Projects\the-pickard\src\lib\nhtsa-vpic-api.ts:78:18)
    at populateModels (C:\Users\tfort\Desktop\Projects\the-pickard\scripts\populate-vehicle-data.ts:175:22)
    at main (C:\Users\tfort\Desktop\Projects\the-pickard\scripts\populate-vehicle-data.ts:353:7)
      Found 0 models
      ✅ Added models for FINE LIFE / PERFECT COTTAGE

   🔍 Fetching models for FALCON ENGINEERING & MFG CO....
Error fetching models for FALCON ENGINEERING & MFG CO. from NHTSA vPIC: SyntaxError: Unexpected token '<', "<!DOCTYPE "... is not valid JSON
    at JSON.parse (<anonymous>)
    at parseJSONFromBytes (node:internal/deps/undici/undici:5419:19)
    at successSteps (node:internal/deps/undici/undici:5390:27)
    at fullyReadBody (node:internal/deps/undici/undici:1501:9)
    at process.processTicksAndRejections (node:internal/process/task_queues:95:5)
    at async specConsumeBody (node:internal/deps/undici/undici:5399:7)
    at Object.getModelsForMake (C:\Users\tfort\Desktop\Projects\the-pickard\src\lib\nhtsa-vpic-api.ts:78:18)
    at populateModels (C:\Users\tfort\Desktop\Projects\the-pickard\scripts\populate-vehicle-data.ts:175:22)
    at main (C:\Users\tfort\Desktop\Projects\the-pickard\scripts\populate-vehicle-data.ts:353:7)
      Found 0 models
      ✅ Added models for FALCON ENGINEERING & MFG CO.

   🔍 Fetching models for FALCON MOTORS...
      Found 4 models
      ✅ Added models for FALCON MOTORS

   🔍 Fetching models for FALCON ROAD MAINTENANCE EQUIPMENT, INC....
Error fetching models for FALCON ROAD MAINTENANCE EQUIPMENT, INC. from NHTSA vPIC: SyntaxError: Unexpected token '<', "<!DOCTYPE "... is not valid JSON
    at JSON.parse (<anonymous>)
    at parseJSONFromBytes (node:internal/deps/undici/undici:5419:19)
    at successSteps (node:internal/deps/undici/undici:5390:27)
    at fullyReadBody (node:internal/deps/undici/undici:1501:9)
    at process.processTicksAndRejections (node:internal/process/task_queues:95:5)
    at async specConsumeBody (node:internal/deps/undici/undici:5399:7)
    at Object.getModelsForMake (C:\Users\tfort\Desktop\Projects\the-pickard\src\lib\nhtsa-vpic-api.ts:78:18)
    at populateModels (C:\Users\tfort\Desktop\Projects\the-pickard\scripts\populate-vehicle-data.ts:175:22)
    at main (C:\Users\tfort\Desktop\Projects\the-pickard\scripts\populate-vehicle-data.ts:353:7)
      Found 0 models
      ✅ Added models for FALCON ROAD MAINTENANCE EQUIPMENT, INC.

   🔍 Fetching models for FALCON TRAILERS...
      Found 2 models
      ✅ Added models for FALCON TRAILERS

   🔍 Fetching models for FALCON TRAILERS LLC...
      Found 1 models
      ✅ Added models for FALCON TRAILERS LLC

   🔍 Fetching models for FALCON TRAILERWORKS...
      Found 1 models
      ✅ Added models for FALCON TRAILERWORKS

   🔍 Fetching models for FAMILY FORGE UTILITY TRAILERS ,LLC...
      Found 1 models
      ✅ Added models for FAMILY FORGE UTILITY TRAILERS ,LLC

   🔍 Fetching models for FAMILY GARDEN...
      Found 1 models
      ✅ Added models for FAMILY GARDEN

   🔍 Fetching models for FAN...
      Found 178 models
      ✅ Added models for FAN

   🔍 Fetching models for FANNIN FABRICATION...
      Found 0 models
      ✅ Added models for FANNIN FABRICATION

   🔍 Fetching models for FANNTANA TRAILERS...
      Found 1 models
      ✅ Added models for FANNTANA TRAILERS

   🔍 Fetching models for FANTASY COACH COMPANY, INC...
      Found 1 models
      ✅ Added models for FANTASY COACH COMPANY, INC

   🔍 Fetching models for FANTOM TEARDROPS...
      Found 1 models
      ✅ Added models for FANTOM TEARDROPS

   🔍 Fetching models for FAR-OUT TRAILER...
      Found 1 models
      ✅ Added models for FAR-OUT TRAILER

   🔍 Fetching models for FARM BOSS TRAILER...
      Found 1 models
      ✅ Added models for FARM BOSS TRAILER

   🔍 Fetching models for FARMBILT...
      Found 1 models
      ✅ Added models for FARMBILT

   🔍 Fetching models for FARMER FABRICATIONS...
      Found 1 models
      ✅ Added models for FARMER FABRICATIONS

   🔍 Fetching models for FARMERS & CONTRACTORS SUPPLY CO....
Error fetching models for FARMERS & CONTRACTORS SUPPLY CO. from NHTSA vPIC: SyntaxError: Unexpected token '<', "<!DOCTYPE "... is not valid JSON
    at JSON.parse (<anonymous>)
    at parseJSONFromBytes (node:internal/deps/undici/undici:5419:19)
    at successSteps (node:internal/deps/undici/undici:5390:27)
    at fullyReadBody (node:internal/deps/undici/undici:1501:9)
    at process.processTicksAndRejections (node:internal/process/task_queues:95:5)
    at async specConsumeBody (node:internal/deps/undici/undici:5399:7)
    at Object.getModelsForMake (C:\Users\tfort\Desktop\Projects\the-pickard\src\lib\nhtsa-vpic-api.ts:78:18)
    at populateModels (C:\Users\tfort\Desktop\Projects\the-pickard\scripts\populate-vehicle-data.ts:175:22)
    at main (C:\Users\tfort\Desktop\Projects\the-pickard\scripts\populate-vehicle-data.ts:353:7)
      Found 0 models
      ✅ Added models for FARMERS & CONTRACTORS SUPPLY CO.

   🔍 Fetching models for FARRINGTON CHARIOTS...
      Found 1 models
      ✅ Added models for FARRINGTON CHARIOTS

   🔍 Fetching models for FARWEST GOLF...
      Found 3 models
      ✅ Added models for FARWEST GOLF

   🔍 Fetching models for FAST -WAY IDEAL MFG CO...
      Found 11 models
      ✅ Added models for FAST -WAY IDEAL MFG CO

   🔍 Fetching models for FAST CARGO LLC...
      Found 1 models
      ✅ Added models for FAST CARGO LLC

   🔍 Fetching models for FAST EDDIE'S CUSTOMS AND CLASSICS...
      Found 1 models
      ✅ Added models for FAST EDDIE'S CUSTOMS AND CLASSICS

   🔍 Fetching models for FAST FLOW PUMPS, LLC...
      Found 1 models
      ✅ Added models for FAST FLOW PUMPS, LLC

   🔍 Fetching models for FAST GLOBAL SOLUTIONS, INC....
Error fetching models for FAST GLOBAL SOLUTIONS, INC. from NHTSA vPIC: SyntaxError: Unexpected token '<', "<!DOCTYPE "... is not valid JSON
    at JSON.parse (<anonymous>)
    at parseJSONFromBytes (node:internal/deps/undici/undici:5419:19)
    at successSteps (node:internal/deps/undici/undici:5390:27)
    at fullyReadBody (node:internal/deps/undici/undici:1501:9)
    at process.processTicksAndRejections (node:internal/process/task_queues:95:5)
    at async specConsumeBody (node:internal/deps/undici/undici:5399:7)
    at Object.getModelsForMake (C:\Users\tfort\Desktop\Projects\the-pickard\src\lib\nhtsa-vpic-api.ts:78:18)
    at populateModels (C:\Users\tfort\Desktop\Projects\the-pickard\scripts\populate-vehicle-data.ts:175:22)
    at main (C:\Users\tfort\Desktop\Projects\the-pickard\scripts\populate-vehicle-data.ts:353:7)
      Found 0 models
      ✅ Added models for FAST GLOBAL SOLUTIONS, INC.

   🔍 Fetching models for FAST MASTER PRODUCTS, INC....
Error fetching models for FAST MASTER PRODUCTS, INC. from NHTSA vPIC: SyntaxError: Unexpected token '<', "<!DOCTYPE "... is not valid JSON
    at JSON.parse (<anonymous>)
    at parseJSONFromBytes (node:internal/deps/undici/undici:5419:19)
    at successSteps (node:internal/deps/undici/undici:5390:27)
    at fullyReadBody (node:internal/deps/undici/undici:1501:9)
    at process.processTicksAndRejections (node:internal/process/task_queues:95:5)
    at async specConsumeBody (node:internal/deps/undici/undici:5399:7)
    at Object.getModelsForMake (C:\Users\tfort\Desktop\Projects\the-pickard\src\lib\nhtsa-vpic-api.ts:78:18)
    at populateModels (C:\Users\tfort\Desktop\Projects\the-pickard\scripts\populate-vehicle-data.ts:175:22)
    at main (C:\Users\tfort\Desktop\Projects\the-pickard\scripts\populate-vehicle-data.ts:353:7)
      Found 0 models
      ✅ Added models for FAST MASTER PRODUCTS, INC.

   🔍 Fetching models for FAST SCREEN TRAILERS...
      Found 1 models
      ✅ Added models for FAST SCREEN TRAILERS

   🔍 Fetching models for FAST TOYS...
      Found 1 models
      ✅ Added models for FAST TOYS

   🔍 Fetching models for FAST TRAC MANUFACTURING, INC....
Error fetching models for FAST TRAC MANUFACTURING, INC. from NHTSA vPIC: SyntaxError: Unexpected token '<', "<!DOCTYPE "... is not valid JSON
    at JSON.parse (<anonymous>)
    at parseJSONFromBytes (node:internal/deps/undici/undici:5419:19)
    at successSteps (node:internal/deps/undici/undici:5390:27)
    at fullyReadBody (node:internal/deps/undici/undici:1501:9)
    at process.processTicksAndRejections (node:internal/process/task_queues:95:5)
    at async specConsumeBody (node:internal/deps/undici/undici:5399:7)
    at Object.getModelsForMake (C:\Users\tfort\Desktop\Projects\the-pickard\src\lib\nhtsa-vpic-api.ts:78:18)
    at populateModels (C:\Users\tfort\Desktop\Projects\the-pickard\scripts\populate-vehicle-data.ts:175:22)
    at main (C:\Users\tfort\Desktop\Projects\the-pickard\scripts\populate-vehicle-data.ts:353:7)
      Found 0 models
      ✅ Added models for FAST TRAC MANUFACTURING, INC.

   🔍 Fetching models for FAST TRUCK BODY & EQUIPMENT...
      Found 1 models
      ✅ Added models for FAST TRUCK BODY & EQUIPMENT

   🔍 Fetching models for FASTLANELSV...
      Found 4 models
      ✅ Added models for FASTLANELSV

   🔍 Fetching models for FASTLINE TRAILER MFG., CO....
Error fetching models for FASTLINE TRAILER MFG., CO. from NHTSA vPIC: SyntaxError: Unexpected token '<', "<!DOCTYPE "... is not valid JSON
    at JSON.parse (<anonymous>)
    at parseJSONFromBytes (node:internal/deps/undici/undici:5419:19)
    at successSteps (node:internal/deps/undici/undici:5390:27)
    at fullyReadBody (node:internal/deps/undici/undici:1501:9)
    at process.processTicksAndRejections (node:internal/process/task_queues:95:5)
    at async specConsumeBody (node:internal/deps/undici/undici:5399:7)
    at Object.getModelsForMake (C:\Users\tfort\Desktop\Projects\the-pickard\src\lib\nhtsa-vpic-api.ts:78:18)
    at populateModels (C:\Users\tfort\Desktop\Projects\the-pickard\scripts\populate-vehicle-data.ts:175:22)
    at main (C:\Users\tfort\Desktop\Projects\the-pickard\scripts\populate-vehicle-data.ts:353:7)
      Found 0 models
      ✅ Added models for FASTLINE TRAILER MFG., CO.

   🔍 Fetching models for FASTLOAD ENTERPRISE...
      Found 1 models
      ✅ Added models for FASTLOAD ENTERPRISE

   🔍 Fetching models for FATMAN...
      Found 2 models
      ✅ Added models for FATMAN

   🔍 Fetching models for FATMANCYCLEWORKS...
      Found 1 models
      ✅ Added models for FATMANCYCLEWORKS

   🔍 Fetching models for FATT HOGG FRAMES...
      Found 1 models
      ✅ Added models for FATT HOGG FRAMES

   🔍 Fetching models for FAUDOA TACO CARTS & TRAILERS LLC...
      Found 1 models
      ✅ Added models for FAUDOA TACO CARTS & TRAILERS LLC

   🔍 Fetching models for FAYMONVILLE...
      Found 1 models
      ✅ Added models for FAYMONVILLE

   🔍 Fetching models for FAZEKAS INDUSTRIES...
      Found 1 models
      ✅ Added models for FAZEKAS INDUSTRIES

   🔍 Fetching models for FBI MOTOR CO....
Error fetching models for FBI MOTOR CO. from NHTSA vPIC: SyntaxError: Unexpected token '<', "<!DOCTYPE "... is not valid JSON
    at JSON.parse (<anonymous>)
    at parseJSONFromBytes (node:internal/deps/undici/undici:5419:19)
    at successSteps (node:internal/deps/undici/undici:5390:27)
    at fullyReadBody (node:internal/deps/undici/undici:1501:9)
    at process.processTicksAndRejections (node:internal/process/task_queues:95:5)
    at async specConsumeBody (node:internal/deps/undici/undici:5399:7)
    at Object.getModelsForMake (C:\Users\tfort\Desktop\Projects\the-pickard\src\lib\nhtsa-vpic-api.ts:78:18)
    at populateModels (C:\Users\tfort\Desktop\Projects\the-pickard\scripts\populate-vehicle-data.ts:175:22)
    at main (C:\Users\tfort\Desktop\Projects\the-pickard\scripts\populate-vehicle-data.ts:353:7)
      Found 0 models
      ✅ Added models for FBI MOTOR CO.

   🔍 Fetching models for FCB...
      Found 1 models
      ✅ Added models for FCB

   🔍 Fetching models for FCM-GROUP...
      Found 1 models
      ✅ Added models for FCM-GROUP

   🔍 Fetching models for FENRIS CYCLE, INC....
Error fetching models for FENRIS CYCLE, INC. from NHTSA vPIC: SyntaxError: Unexpected token '<', "<!DOCTYPE "... is not valid JSON
    at JSON.parse (<anonymous>)
    at parseJSONFromBytes (node:internal/deps/undici/undici:5419:19)
    at successSteps (node:internal/deps/undici/undici:5390:27)
    at fullyReadBody (node:internal/deps/undici/undici:1501:9)
    at process.processTicksAndRejections (node:internal/process/task_queues:95:5)
    at async specConsumeBody (node:internal/deps/undici/undici:5399:7)
    at Object.getModelsForMake (C:\Users\tfort\Desktop\Projects\the-pickard\src\lib\nhtsa-vpic-api.ts:78:18)
    at populateModels (C:\Users\tfort\Desktop\Projects\the-pickard\scripts\populate-vehicle-data.ts:175:22)
    at main (C:\Users\tfort\Desktop\Projects\the-pickard\scripts\populate-vehicle-data.ts:353:7)
      Found 0 models
      ✅ Added models for FENRIS CYCLE, INC.

   🔍 Fetching models for FERBEL...
      Found 1 models
      ✅ Added models for FERBEL

   🔍 Fetching models for FERGUSON BUILT TRAILERS...
      Found 1 models
      ✅ Added models for FERGUSON BUILT TRAILERS

   🔍 Fetching models for FERGUSON TRUCK BODY & EQUIPMENT...
      Found 1 models
      ✅ Added models for FERGUSON TRUCK BODY & EQUIPMENT

   🔍 Fetching models for FERNANDO RIVERA...
      Found 1 models
      ✅ Added models for FERNANDO RIVERA

   🔍 Fetching models for FEROCITY INDUSTRIES...
      Found 1 models
      ✅ Added models for FEROCITY INDUSTRIES

   🔍 Fetching models for FERRARA...
      Found 5 models
      ✅ Added models for FERRARA

   🔍 Fetching models for FERRARI...
      Found 83 models
      ✅ Added models for FERRARI

   🔍 Fetching models for FERRO TRAILERS...
      Found 1 models
      ✅ Added models for FERRO TRAILERS

   🔍 Fetching models for FERROTEK CORPORATION...
      Found 1 models
      ✅ Added models for FERROTEK CORPORATION

   🔍 Fetching models for FIAT...
      Found 11 models
      ✅ Added models for FIAT

   🔍 Fetching models for FIREFLY...
      Found 7 models
      ✅ Added models for FIREFLY

   🔍 Fetching models for FIREFLY, LLC...
      Found 1 models
      ✅ Added models for FIREFLY, LLC

   🔍 Fetching models for FIRELY ESV...
      Found 1 models
      ✅ Added models for FIRELY ESV

   🔍 Fetching models for FIREPOWER...
      Found 1 models
      ✅ Added models for FIREPOWER

   🔍 Fetching models for FIRESIDE RECREATIONAL VEHICLES...
      Found 1 models
      ✅ Added models for FIRESIDE RECREATIONAL VEHICLES

   🔍 Fetching models for FIRETAC SYSTEMS, INC....
Error fetching models for FIRETAC SYSTEMS, INC. from NHTSA vPIC: SyntaxError: Unexpected token '<', "<!DOCTYPE "... is not valid JSON
    at JSON.parse (<anonymous>)
    at parseJSONFromBytes (node:internal/deps/undici/undici:5419:19)
    at successSteps (node:internal/deps/undici/undici:5390:27)
    at fullyReadBody (node:internal/deps/undici/undici:1501:9)
    at process.processTicksAndRejections (node:internal/process/task_queues:95:5)
    at async specConsumeBody (node:internal/deps/undici/undici:5399:7)
    at Object.getModelsForMake (C:\Users\tfort\Desktop\Projects\the-pickard\src\lib\nhtsa-vpic-api.ts:78:18)
    at populateModels (C:\Users\tfort\Desktop\Projects\the-pickard\scripts\populate-vehicle-data.ts:175:22)
    at main (C:\Users\tfort\Desktop\Projects\the-pickard\scripts\populate-vehicle-data.ts:353:7)
      Found 0 models
      ✅ Added models for FIRETAC SYSTEMS, INC.

   🔍 Fetching models for FIREVENT...
      Found 1 models
      ✅ Added models for FIREVENT

   🔍 Fetching models for FIRST CALL FLAGGING...
      Found 1 models
      ✅ Added models for FIRST CALL FLAGGING

   🔍 Fetching models for FIRST CLASS TRAILERS...
      Found 1 models
      ✅ Added models for FIRST CLASS TRAILERS

   🔍 Fetching models for FIRST FUELING SYSTEMS...
      Found 1 models
      ✅ Added models for FIRST FUELING SYSTEMS

   🔍 Fetching models for FIRST LINE MANUFACTURING...
      Found 1 models
      ✅ Added models for FIRST LINE MANUFACTURING

   🔍 Fetching models for FIRST PRODUCTS INC...
      Found 4 models
      ✅ Added models for FIRST PRODUCTS INC

   🔍 Fetching models for FIRST UNITED INDUSTRIAL FOSHAN...
      Found 2 models
      ✅ Added models for FIRST UNITED INDUSTRIAL FOSHAN

   🔍 Fetching models for FISCHER THARP...
      Found 1 models
      ✅ Added models for FISCHER THARP

   🔍 Fetching models for FISH TX...
      Found 1 models
      ✅ Added models for FISH TX

   🔍 Fetching models for FISHER TINY TRAILER...
      Found 1 models
      ✅ Added models for FISHER TINY TRAILER

   🔍 Fetching models for FISHER WELDING COMPANY...
      Found 1 models
      ✅ Added models for FISHER WELDING COMPANY

   🔍 Fetching models for FISHING HOLDINGS, LLC...
      Found 3 models
      ✅ Added models for FISHING HOLDINGS, LLC

   🔍 Fetching models for FISKER...
      Found 3 models
      ✅ Added models for FISKER

   🔍 Fetching models for FITZGERALD INDUSTRIES INC...
      Found 1 models
      ✅ Added models for FITZGERALD INDUSTRIES INC

   🔍 Fetching models for FITZGERALD KIT TRUCKS & SALES, LLC...
      Found 1 models
      ✅ Added models for FITZGERALD KIT TRUCKS & SALES, LLC

   🔍 Fetching models for FITZGIBBONS...
      Found 1 models
      ✅ Added models for FITZGIBBONS

   🔍 Fetching models for FIVE DIAMOND TRAILERS...
      Found 1 models
      ✅ Added models for FIVE DIAMOND TRAILERS

   🔍 Fetching models for FIVE HUNDRED...
      Found 1 models
      ✅ Added models for FIVE HUNDRED

   🔍 Fetching models for FIVE STAR...
      Found 6 models
      ✅ Added models for FIVE STAR

   🔍 Fetching models for FIVE STAR CUSTOM TRAILER...
      Found 1 models
      ✅ Added models for FIVE STAR CUSTOM TRAILER

   🔍 Fetching models for FIVE STAR FABRICATIONS, INC...
      Found 1 models
      ✅ Added models for FIVE STAR FABRICATIONS, INC

   🔍 Fetching models for FLIVVER...
      Found 1 models
      ✅ Added models for FLIVVER

   🔍 Fetching models for FLOATRIDE TRAILERS...
      Found 1 models
      ✅ Added models for FLOATRIDE TRAILERS

   🔍 Fetching models for FLOE INTERNATIONAL...
      Found 1 models
      ✅ Added models for FLOE INTERNATIONAL

   🔍 Fetching models for FLORIDA BUILT...
      Found 1 models
      ✅ Added models for FLORIDA BUILT

   🔍 Fetching models for FLORIDA CUSTOM CHOPPERS LLC...
      Found 1 models
      ✅ Added models for FLORIDA CUSTOM CHOPPERS LLC

   🔍 Fetching models for FLORIDA TRAILERS, INC. DBA SOUTH FLORIDA TRAILERS...
Error fetching models for FLORIDA TRAILERS, INC. DBA SOUTH FLORIDA TRAILERS from NHTSA vPIC: SyntaxError: Unexpected token '<', "<!DOCTYPE "... is not valid JSON
    at JSON.parse (<anonymous>)
    at parseJSONFromBytes (node:internal/deps/undici/undici:5419:19)
    at successSteps (node:internal/deps/undici/undici:5390:27)
    at fullyReadBody (node:internal/deps/undici/undici:1501:9)
    at process.processTicksAndRejections (node:internal/process/task_queues:95:5)
    at async specConsumeBody (node:internal/deps/undici/undici:5399:7)
    at Object.getModelsForMake (C:\Users\tfort\Desktop\Projects\the-pickard\src\lib\nhtsa-vpic-api.ts:78:18)
    at populateModels (C:\Users\tfort\Desktop\Projects\the-pickard\scripts\populate-vehicle-data.ts:175:22)
    at main (C:\Users\tfort\Desktop\Projects\the-pickard\scripts\populate-vehicle-data.ts:353:7)
      Found 0 models
      ✅ Added models for FLORIDA TRAILERS, INC. DBA SOUTH FLORIDA TRAILERS

   🔍 Fetching models for FLOURNOY TRAILER SALES...
      Found 1 models
      ✅ Added models for FLOURNOY TRAILER SALES

   🔍 Fetching models for FLOW TECH FABRICATORS...
      Found 1 models
      ✅ Added models for FLOW TECH FABRICATORS

   🔍 Fetching models for FLOW-BOY BY HI-WAY...
      Found 1 models
      ✅ Added models for FLOW-BOY BY HI-WAY

   🔍 Fetching models for FLOWERS CUSTOM TRAILERS & REPAIR LLC...
      Found 1 models
      ✅ Added models for FLOWERS CUSTOM TRAILERS & REPAIR LLC

   🔍 Fetching models for FLUX...
      Found 2 models
      ✅ Added models for FLUX

   🔍 Fetching models for FOOD CARTS UNLIMITED...
      Found 1 models
      ✅ Added models for FOOD CARTS UNLIMITED

   🔍 Fetching models for FOOD TRAILER PROS...
      Found 1 models
      ✅ Added models for FOOD TRAILER PROS

   🔍 Fetching models for FOOD TRUCKS USA...
      Found 1 models
      ✅ Added models for FOOD TRUCKS USA

   🔍 Fetching models for FINELINE ...
Error fetching models for FINELINE  from NHTSA vPIC: SyntaxError: Unexpected token '<', "<!DOCTYPE "... is not valid JSON
    at JSON.parse (<anonymous>)
    at parseJSONFromBytes (node:internal/deps/undici/undici:5419:19)
    at successSteps (node:internal/deps/undici/undici:5390:27)
    at fullyReadBody (node:internal/deps/undici/undici:1501:9)
    at process.processTicksAndRejections (node:internal/process/task_queues:95:5)
    at async specConsumeBody (node:internal/deps/undici/undici:5399:7)
    at Object.getModelsForMake (C:\Users\tfort\Desktop\Projects\the-pickard\src\lib\nhtsa-vpic-api.ts:78:18)
    at populateModels (C:\Users\tfort\Desktop\Projects\the-pickard\scripts\populate-vehicle-data.ts:175:22)
    at main (C:\Users\tfort\Desktop\Projects\the-pickard\scripts\populate-vehicle-data.ts:353:7)
      Found 0 models
      ✅ Added models for FINELINE 

   🔍 Fetching models for FINELINE TRAILERS...
      Found 1 models
      ✅ Added models for FINELINE TRAILERS

   🔍 Fetching models for FINERSON BROTHERS LLC...
      Found 1 models
      ✅ Added models for FINERSON BROTHERS LLC

   🔍 Fetching models for FINISH STRONG TRAILERS...
      Found 1 models
      ✅ Added models for FINISH STRONG TRAILERS

   🔍 Fetching models for FINISHLINE CUSTOM TRAILERS...
      Found 0 models
      ✅ Added models for FINISHLINE CUSTOM TRAILERS

   🔍 Fetching models for FINISHLINE MOTORSPORTS...
      Found 0 models
      ✅ Added models for FINISHLINE MOTORSPORTS

   🔍 Fetching models for FINN...
      Found 18 models
      ✅ Added models for FINN

   🔍 Fetching models for FIRE...
      Found 55 models
      ✅ Added models for FIRE

   🔍 Fetching models for FIRE PLUS...
      Found 1 models
      ✅ Added models for FIRE PLUS

   🔍 Fetching models for FIREBIRD CUSTOM CHOPPERS...
      Found 1 models
      ✅ Added models for FIREBIRD CUSTOM CHOPPERS

   🔍 Fetching models for FIREBLAST 451...
      Found 1 models
      ✅ Added models for FIREBLAST 451

   🔍 Fetching models for FIREBOLT EQUIPMENT...
      Found 1 models
      ✅ Added models for FIREBOLT EQUIPMENT

   🔍 Fetching models for FIREDANCER MANUFACTURING INC...
      Found 1 models
      ✅ Added models for FIREDANCER MANUFACTURING INC

   🔍 Fetching models for FIVE STAR TRAILER AND EQUIPMENT...
      Found 1 models
      ✅ Added models for FIVE STAR TRAILER AND EQUIPMENT

   🔍 Fetching models for FIVE STAR TRAILERS...
      Found 2 models
      ✅ Added models for FIVE STAR TRAILERS

   🔍 Fetching models for FLAC INDUSTRIES INC....
Error fetching models for FLAC INDUSTRIES INC. from NHTSA vPIC: SyntaxError: Unexpected token '<', "<!DOCTYPE "... is not valid JSON
    at JSON.parse (<anonymous>)
    at parseJSONFromBytes (node:internal/deps/undici/undici:5419:19)
    at successSteps (node:internal/deps/undici/undici:5390:27)
    at fullyReadBody (node:internal/deps/undici/undici:1501:9)
    at process.processTicksAndRejections (node:internal/process/task_queues:95:5)
    at async specConsumeBody (node:internal/deps/undici/undici:5399:7)
    at Object.getModelsForMake (C:\Users\tfort\Desktop\Projects\the-pickard\src\lib\nhtsa-vpic-api.ts:78:18)
    at populateModels (C:\Users\tfort\Desktop\Projects\the-pickard\scripts\populate-vehicle-data.ts:175:22)
    at main (C:\Users\tfort\Desktop\Projects\the-pickard\scripts\populate-vehicle-data.ts:353:7)
      Found 0 models
      ✅ Added models for FLAC INDUSTRIES INC.

   🔍 Fetching models for FLAME KING INC...
      Found 1 models
      ✅ Added models for FLAME KING INC

   🔍 Fetching models for FLAME TRAILERS, INC...
      Found 0 models
      ✅ Added models for FLAME TRAILERS, INC

   🔍 Fetching models for FLAMING HACKSAW FABRICATION LLC...
      Found 1 models
      ✅ Added models for FLAMING HACKSAW FABRICATION LLC

   🔍 Fetching models for FLARE STACK...
      Found 1 models
      ✅ Added models for FLARE STACK

   🔍 Fetching models for FLASH...
      Found 3 models
      ✅ Added models for FLASH

   🔍 Fetching models for FLAT BED...
      Found 1 models
      ✅ Added models for FLAT BED

   🔍 Fetching models for FLAT CREEK LODGES...
      Found 1 models
      ✅ Added models for FLAT CREEK LODGES

   🔍 Fetching models for FLATT ENTERPRISES...
      Found 1 models
      ✅ Added models for FLATT ENTERPRISES

   🔍 Fetching models for FLAUNT ELECTRIC VEHICLES...
      Found 1 models
      ✅ Added models for FLAUNT ELECTRIC VEHICLES

   🔍 Fetching models for FLEET AIR WORLDWIDE, INC...
      Found 1 models
      ✅ Added models for FLEET AIR WORLDWIDE, INC

   🔍 Fetching models for FLEET EQUINE...
      Found 1 models
      ✅ Added models for FLEET EQUINE

   🔍 Fetching models for FLEET EQUIPMENT...
      Found 1 models
      ✅ Added models for FLEET EQUIPMENT

   🔍 Fetching models for FLEET MASTERS...
      Found 1 models
      ✅ Added models for FLEET MASTERS

   🔍 Fetching models for FLEET TECH...
      Found 1 models
      ✅ Added models for FLEET TECH

   🔍 Fetching models for FLEETWING TRAVELERS, INC....
Error fetching models for FLEETWING TRAVELERS, INC. from NHTSA vPIC: SyntaxError: Unexpected token '<', "<!DOCTYPE "... is not valid JSON
    at JSON.parse (<anonymous>)
    at parseJSONFromBytes (node:internal/deps/undici/undici:5419:19)
    at successSteps (node:internal/deps/undici/undici:5390:27)
    at fullyReadBody (node:internal/deps/undici/undici:1501:9)
    at process.processTicksAndRejections (node:internal/process/task_queues:95:5)
    at async specConsumeBody (node:internal/deps/undici/undici:5399:7)
    at Object.getModelsForMake (C:\Users\tfort\Desktop\Projects\the-pickard\src\lib\nhtsa-vpic-api.ts:78:18)
    at populateModels (C:\Users\tfort\Desktop\Projects\the-pickard\scripts\populate-vehicle-data.ts:175:22)
    at main (C:\Users\tfort\Desktop\Projects\the-pickard\scripts\populate-vehicle-data.ts:353:7)
      Found 0 models
      ✅ Added models for FLEETWING TRAVELERS, INC.

   🔍 Fetching models for FLEETWOOD ENTERPRISES...
      Found 12 models
      ✅ Added models for FLEETWOOD ENTERPRISES

   🔍 Fetching models for FLEETWOOD ENTERPRISES (AVION)...
      Found 1 models
      ✅ Added models for FLEETWOOD ENTERPRISES (AVION)

   🔍 Fetching models for FLEETWOOD ENTERPRISES (CARIBOU)...
      Found 1 models
      ✅ Added models for FLEETWOOD ENTERPRISES (CARIBOU)

   🔍 Fetching models for FLEETWOOD ENTERPRISES (ELKHORN)...
      Found 1 models
      ✅ Added models for FLEETWOOD ENTERPRISES (ELKHORN)

   🔍 Fetching models for FLEETWOOD ENTERPRISES (MALLARD)...
      Found 1 models
      ✅ Added models for FLEETWOOD ENTERPRISES (MALLARD)

   🔍 Fetching models for FLEETWOOD ENTERPRISES (PARK MODELS)...
      Found 1 models
      ✅ Added models for FLEETWOOD ENTERPRISES (PARK MODELS)

   🔍 Fetching models for FLEETWOOD ENTERPRISES (PROWLER)...
      Found 1 models
      ✅ Added models for FLEETWOOD ENTERPRISES (PROWLER)

   🔍 Fetching models for FLEETWOOD ENTERPRISES (SAVANNA)...
      Found 1 models
      ✅ Added models for FLEETWOOD ENTERPRISES (SAVANNA)

   🔍 Fetching models for FLEETWOOD ENTERPRISES (TERRY)...
      Found 1 models
      ✅ Added models for FLEETWOOD ENTERPRISES (TERRY)

   🔍 Fetching models for FLEETWOOD ENTERPRISES (WILDNERNESS)...
      Found 1 models
      ✅ Added models for FLEETWOOD ENTERPRISES (WILDNERNESS)

   🔍 Fetching models for FLEETWOOD ENTERPRISES, INC. (ANGLER)...
Error fetching models for FLEETWOOD ENTERPRISES, INC. (ANGLER) from NHTSA vPIC: SyntaxError: Unexpected token '<', "<!DOCTYPE "... is not valid JSON
    at JSON.parse (<anonymous>)
    at parseJSONFromBytes (node:internal/deps/undici/undici:5419:19)
    at successSteps (node:internal/deps/undici/undici:5390:27)
    at fullyReadBody (node:internal/deps/undici/undici:1501:9)
    at process.processTicksAndRejections (node:internal/process/task_queues:95:5)
    at async specConsumeBody (node:internal/deps/undici/undici:5399:7)
    at Object.getModelsForMake (C:\Users\tfort\Desktop\Projects\the-pickard\src\lib\nhtsa-vpic-api.ts:78:18)
    at populateModels (C:\Users\tfort\Desktop\Projects\the-pickard\scripts\populate-vehicle-data.ts:175:22)
    at main (C:\Users\tfort\Desktop\Projects\the-pickard\scripts\populate-vehicle-data.ts:353:7)
      Found 0 models
      ✅ Added models for FLEETWOOD ENTERPRISES, INC. (ANGLER)

   🔍 Fetching models for FLEETWOOD ENTERPRISES, INC. (WESTPORT)...
Error fetching models for FLEETWOOD ENTERPRISES, INC. (WESTPORT) from NHTSA vPIC: SyntaxError: Unexpected token '<', "<!DOCTYPE "... is not valid JSON
    at JSON.parse (<anonymous>)
    at parseJSONFromBytes (node:internal/deps/undici/undici:5419:19)
    at successSteps (node:internal/deps/undici/undici:5390:27)
    at fullyReadBody (node:internal/deps/undici/undici:1501:9)
    at process.processTicksAndRejections (node:internal/process/task_queues:95:5)
    at async specConsumeBody (node:internal/deps/undici/undici:5399:7)
    at Object.getModelsForMake (C:\Users\tfort\Desktop\Projects\the-pickard\src\lib\nhtsa-vpic-api.ts:78:18)
    at populateModels (C:\Users\tfort\Desktop\Projects\the-pickard\scripts\populate-vehicle-data.ts:175:22)
    at main (C:\Users\tfort\Desktop\Projects\the-pickard\scripts\populate-vehicle-data.ts:353:7)
      Found 0 models
      ✅ Added models for FLEETWOOD ENTERPRISES, INC. (WESTPORT)

   🔍 Fetching models for FLEETWOOD FOLDING TRAILER (PIONEER)...
      Found 0 models
      ✅ Added models for FLEETWOOD FOLDING TRAILER (PIONEER)

   🔍 Fetching models for FLEETWOOD FOLDING TRAILERS...
      Found 23 models
      ✅ Added models for FLEETWOOD FOLDING TRAILERS

   🔍 Fetching models for FLEETWOOD RV, INC....
Error fetching models for FLEETWOOD RV, INC. from NHTSA vPIC: SyntaxError: Unexpected token '<', "<!DOCTYPE "... is not valid JSON
    at JSON.parse (<anonymous>)
    at parseJSONFromBytes (node:internal/deps/undici/undici:5419:19)
    at successSteps (node:internal/deps/undici/undici:5390:27)
    at fullyReadBody (node:internal/deps/undici/undici:1501:9)
    at process.processTicksAndRejections (node:internal/process/task_queues:95:5)
    at async specConsumeBody (node:internal/deps/undici/undici:5399:7)
    at Object.getModelsForMake (C:\Users\tfort\Desktop\Projects\the-pickard\src\lib\nhtsa-vpic-api.ts:78:18)
    at populateModels (C:\Users\tfort\Desktop\Projects\the-pickard\scripts\populate-vehicle-data.ts:175:22)
    at main (C:\Users\tfort\Desktop\Projects\the-pickard\scripts\populate-vehicle-data.ts:353:7)
      Found 0 models
      ✅ Added models for FLEETWOOD RV, INC.

   🔍 Fetching models for FLEMING TRAILERS INCORPORATED...
      Found 1 models
      ✅ Added models for FLEMING TRAILERS INCORPORATED

   🔍 Fetching models for FLETCHER'S EQUIPMENT...
      Found 1 models
      ✅ Added models for FLETCHER'S EQUIPMENT

   🔍 Fetching models for FLEX SECURITY LLC....
Error fetching models for FLEX SECURITY LLC. from NHTSA vPIC: SyntaxError: Unexpected token '<', "<!DOCTYPE "... is not valid JSON
    at JSON.parse (<anonymous>)
    at parseJSONFromBytes (node:internal/deps/undici/undici:5419:19)
    at successSteps (node:internal/deps/undici/undici:5390:27)
    at fullyReadBody (node:internal/deps/undici/undici:1501:9)
    at process.processTicksAndRejections (node:internal/process/task_queues:95:5)
    at async specConsumeBody (node:internal/deps/undici/undici:5399:7)
    at Object.getModelsForMake (C:\Users\tfort\Desktop\Projects\the-pickard\src\lib\nhtsa-vpic-api.ts:78:18)
    at populateModels (C:\Users\tfort\Desktop\Projects\the-pickard\scripts\populate-vehicle-data.ts:175:22)
    at main (C:\Users\tfort\Desktop\Projects\the-pickard\scripts\populate-vehicle-data.ts:353:7)
      Found 0 models
      ✅ Added models for FLEX SECURITY LLC.

   🔍 Fetching models for FLEX TEMP SYSTEMS...
      Found 1 models
      ✅ Added models for FLEX TEMP SYSTEMS

   🔍 Fetching models for FLEX TRAILERS LLC...
      Found 1 models
      ✅ Added models for FLEX TRAILERS LLC

   🔍 Fetching models for FLEX-KING...
      Found 0 models
      ✅ Added models for FLEX-KING

   🔍 Fetching models for FLEXREEL TRAILERS INC....
Error fetching models for FLEXREEL TRAILERS INC. from NHTSA vPIC: SyntaxError: Unexpected token '<', "<!DOCTYPE "... is not valid JSON
    at JSON.parse (<anonymous>)
    at parseJSONFromBytes (node:internal/deps/undici/undici:5419:19)
    at successSteps (node:internal/deps/undici/undici:5390:27)
    at fullyReadBody (node:internal/deps/undici/undici:1501:9)
    at process.processTicksAndRejections (node:internal/process/task_queues:95:5)
    at async specConsumeBody (node:internal/deps/undici/undici:5399:7)
    at Object.getModelsForMake (C:\Users\tfort\Desktop\Projects\the-pickard\src\lib\nhtsa-vpic-api.ts:78:18)
    at populateModels (C:\Users\tfort\Desktop\Projects\the-pickard\scripts\populate-vehicle-data.ts:175:22)
    at main (C:\Users\tfort\Desktop\Projects\the-pickard\scripts\populate-vehicle-data.ts:353:7)
      Found 0 models
      ✅ Added models for FLEXREEL TRAILERS INC.

   🔍 Fetching models for FLEXTECH MANUFACTURING...
      Found 1 models
      ✅ Added models for FLEXTECH MANUFACTURING

   🔍 Fetching models for FLEXTOP TRAILERS LLC...
      Found 1 models
      ✅ Added models for FLEXTOP TRAILERS LLC

   🔍 Fetching models for FLICKER GROUP...
      Found 1 models
      ✅ Added models for FLICKER GROUP

   🔍 Fetching models for FLINSTONE...
      Found 1 models
      ✅ Added models for FLINSTONE

   🔍 Fetching models for FLINT MANUFACTURING...
      Found 1 models
      ✅ Added models for FLINT MANUFACTURING

   🔍 Fetching models for FLISTAR...
      Found 1 models
      ✅ Added models for FLISTAR

   🔍 Fetching models for FLUX HORIZON ...
Error fetching models for FLUX HORIZON  from NHTSA vPIC: SyntaxError: Unexpected token '<', "<!DOCTYPE "... is not valid JSON
    at JSON.parse (<anonymous>)
    at parseJSONFromBytes (node:internal/deps/undici/undici:5419:19)
    at successSteps (node:internal/deps/undici/undici:5390:27)
    at fullyReadBody (node:internal/deps/undici/undici:1501:9)
    at process.processTicksAndRejections (node:internal/process/task_queues:95:5)
    at async specConsumeBody (node:internal/deps/undici/undici:5399:7)
    at Object.getModelsForMake (C:\Users\tfort\Desktop\Projects\the-pickard\src\lib\nhtsa-vpic-api.ts:78:18)
    at populateModels (C:\Users\tfort\Desktop\Projects\the-pickard\scripts\populate-vehicle-data.ts:175:22)
    at main (C:\Users\tfort\Desktop\Projects\the-pickard\scripts\populate-vehicle-data.ts:353:7)
      Found 0 models
      ✅ Added models for FLUX HORIZON 

   🔍 Fetching models for FLXIBLE...
      Found 3 models
      ✅ Added models for FLXIBLE

   🔍 Fetching models for FLY BY TRAILERS...
      Found 1 models
      ✅ Added models for FLY BY TRAILERS

   🔍 Fetching models for FLY E-BIKE...
      Found 25 models
      ✅ Added models for FLY E-BIKE

   🔍 Fetching models for FLY WING...
      Found 1 models
      ✅ Added models for FLY WING

   🔍 Fetching models for FLYER...
      Found 11 models
      ✅ Added models for FLYER

   🔍 Fetching models for FLYNN'S WELDING & MACHINE SHOP...
      Found 1 models
      ✅ Added models for FLYNN'S WELDING & MACHINE SHOP

   🔍 Fetching models for FLYRITE CHOPPERS...
      Found 9 models
      ✅ Added models for FLYRITE CHOPPERS

   🔍 Fetching models for FM...
      Found 32 models
      ✅ Added models for FM

   🔍 Fetching models for FM AEROVAULT...
      Found 1 models
      ✅ Added models for FM AEROVAULT

   🔍 Fetching models for FM MFG., INC....
Error fetching models for FM MFG., INC. from NHTSA vPIC: SyntaxError: Unexpected token '<', "<!DOCTYPE "... is not valid JSON
    at JSON.parse (<anonymous>)
    at parseJSONFromBytes (node:internal/deps/undici/undici:5419:19)
    at successSteps (node:internal/deps/undici/undici:5390:27)
    at fullyReadBody (node:internal/deps/undici/undici:1501:9)
    at process.processTicksAndRejections (node:internal/process/task_queues:95:5)
    at async specConsumeBody (node:internal/deps/undici/undici:5399:7)
    at Object.getModelsForMake (C:\Users\tfort\Desktop\Projects\the-pickard\src\lib\nhtsa-vpic-api.ts:78:18)
    at populateModels (C:\Users\tfort\Desktop\Projects\the-pickard\scripts\populate-vehicle-data.ts:175:22)
    at main (C:\Users\tfort\Desktop\Projects\the-pickard\scripts\populate-vehicle-data.ts:353:7)
      Found 0 models
      ✅ Added models for FM MFG., INC.

   🔍 Fetching models for FMB CHOPPERS...
      Found 1 models
      ✅ Added models for FMB CHOPPERS

   🔍 Fetching models for FMD FABRICATION SERVICES...
      Found 0 models
      ✅ Added models for FMD FABRICATION SERVICES

   🔍 Fetching models for FNA GROUP INC...
      Found 1 models
      ✅ Added models for FNA GROUP INC

   🔍 Fetching models for FOBES WELDING & IRON WORKS...
      Found 1 models
      ✅ Added models for FOBES WELDING & IRON WORKS

   🔍 Fetching models for FOCAL TECHNOLOGIES, INC....
Error fetching models for FOCAL TECHNOLOGIES, INC. from NHTSA vPIC: SyntaxError: Unexpected token '<', "<!DOCTYPE "... is not valid JSON
    at JSON.parse (<anonymous>)
    at parseJSONFromBytes (node:internal/deps/undici/undici:5419:19)
    at successSteps (node:internal/deps/undici/undici:5390:27)
    at fullyReadBody (node:internal/deps/undici/undici:1501:9)
    at process.processTicksAndRejections (node:internal/process/task_queues:95:5)
    at async specConsumeBody (node:internal/deps/undici/undici:5399:7)
    at Object.getModelsForMake (C:\Users\tfort\Desktop\Projects\the-pickard\src\lib\nhtsa-vpic-api.ts:78:18)
    at populateModels (C:\Users\tfort\Desktop\Projects\the-pickard\scripts\populate-vehicle-data.ts:175:22)
    at main (C:\Users\tfort\Desktop\Projects\the-pickard\scripts\populate-vehicle-data.ts:353:7)
      Found 0 models
      ✅ Added models for FOCAL TECHNOLOGIES, INC.

   🔍 Fetching models for FOFO...
      Found 1 models
      ✅ Added models for FOFO

   🔍 Fetching models for FOGLEMAN MANUFACTLURING, INC....
Error fetching models for FOGLEMAN MANUFACTLURING, INC. from NHTSA vPIC: SyntaxError: Unexpected token '<', "<!DOCTYPE "... is not valid JSON
    at JSON.parse (<anonymous>)
    at parseJSONFromBytes (node:internal/deps/undici/undici:5419:19)
    at successSteps (node:internal/deps/undici/undici:5390:27)
    at fullyReadBody (node:internal/deps/undici/undici:1501:9)
    at process.processTicksAndRejections (node:internal/process/task_queues:95:5)
    at async specConsumeBody (node:internal/deps/undici/undici:5399:7)
    at Object.getModelsForMake (C:\Users\tfort\Desktop\Projects\the-pickard\src\lib\nhtsa-vpic-api.ts:78:18)
    at populateModels (C:\Users\tfort\Desktop\Projects\the-pickard\scripts\populate-vehicle-data.ts:175:22)
    at main (C:\Users\tfort\Desktop\Projects\the-pickard\scripts\populate-vehicle-data.ts:353:7)
      Found 0 models
      ✅ Added models for FOGLEMAN MANUFACTLURING, INC.

   🔍 Fetching models for FOLDTRAILER LTD....
Error fetching models for FOLDTRAILER LTD. from NHTSA vPIC: SyntaxError: Unexpected token '<', "<!DOCTYPE "... is not valid JSON
    at JSON.parse (<anonymous>)
    at parseJSONFromBytes (node:internal/deps/undici/undici:5419:19)
    at successSteps (node:internal/deps/undici/undici:5390:27)
    at fullyReadBody (node:internal/deps/undici/undici:1501:9)
    at process.processTicksAndRejections (node:internal/process/task_queues:95:5)
    at async specConsumeBody (node:internal/deps/undici/undici:5399:7)
    at Object.getModelsForMake (C:\Users\tfort\Desktop\Projects\the-pickard\src\lib\nhtsa-vpic-api.ts:78:18)
    at populateModels (C:\Users\tfort\Desktop\Projects\the-pickard\scripts\populate-vehicle-data.ts:175:22)
    at main (C:\Users\tfort\Desktop\Projects\the-pickard\scripts\populate-vehicle-data.ts:353:7)
      Found 0 models
      ✅ Added models for FOLDTRAILER LTD.

   🔍 Fetching models for FONTAINE SPECIALIZED INC...
      Found 1 models
      ✅ Added models for FONTAINE SPECIALIZED INC

   🔍 Fetching models for FONTAINE TRAILER...
      Found 2 models
      ✅ Added models for FONTAINE TRAILER

   🔍 Fetching models for FONTAINE TRAILER CO....
Error fetching models for FONTAINE TRAILER CO. from NHTSA vPIC: SyntaxError: Unexpected token '<', "<!DOCTYPE "... is not valid JSON
    at JSON.parse (<anonymous>)
    at parseJSONFromBytes (node:internal/deps/undici/undici:5419:19)
    at successSteps (node:internal/deps/undici/undici:5390:27)
    at fullyReadBody (node:internal/deps/undici/undici:1501:9)
    at process.processTicksAndRejections (node:internal/process/task_queues:95:5)
    at async specConsumeBody (node:internal/deps/undici/undici:5399:7)
    at Object.getModelsForMake (C:\Users\tfort\Desktop\Projects\the-pickard\src\lib\nhtsa-vpic-api.ts:78:18)
    at populateModels (C:\Users\tfort\Desktop\Projects\the-pickard\scripts\populate-vehicle-data.ts:175:22)
    at main (C:\Users\tfort\Desktop\Projects\the-pickard\scripts\populate-vehicle-data.ts:353:7)
      Found 0 models
      ✅ Added models for FONTAINE TRAILER CO.

   🔍 Fetching models for FONTAINE TRUCK EQUIPMENT COMPANY...
      Found 1 models
      ✅ Added models for FONTAINE TRUCK EQUIPMENT COMPANY

   🔍 Fetching models for FONZIS...
      Found 1 models
      ✅ Added models for FONZIS

   🔍 Fetching models for FOOD BUGGY...
      Found 1 models
      ✅ Added models for FOOD BUGGY

   🔍 Fetching models for FOOD TRAILERS, INC....
Error fetching models for FOOD TRAILERS, INC. from NHTSA vPIC: SyntaxError: Unexpected token '<', "<!DOCTYPE "... is not valid JSON
    at JSON.parse (<anonymous>)
    at parseJSONFromBytes (node:internal/deps/undici/undici:5419:19)
    at successSteps (node:internal/deps/undici/undici:5390:27)
    at fullyReadBody (node:internal/deps/undici/undici:1501:9)
    at process.processTicksAndRejections (node:internal/process/task_queues:95:5)
    at async specConsumeBody (node:internal/deps/undici/undici:5399:7)
    at Object.getModelsForMake (C:\Users\tfort\Desktop\Projects\the-pickard\src\lib\nhtsa-vpic-api.ts:78:18)
    at populateModels (C:\Users\tfort\Desktop\Projects\the-pickard\scripts\populate-vehicle-data.ts:175:22)
    at main (C:\Users\tfort\Desktop\Projects\the-pickard\scripts\populate-vehicle-data.ts:353:7)
      Found 0 models
      ✅ Added models for FOOD TRAILERS, INC.

   🔍 Fetching models for FOODCART USA...
      Found 1 models
      ✅ Added models for FOODCART USA

   🔍 Fetching models for FOODIN WHEELS...
      Found 1 models
      ✅ Added models for FOODIN WHEELS

   🔍 Fetching models for FORM EV...
      Found 1 models
      ✅ Added models for FORM EV

   🔍 Fetching models for FORMCASTER INC....
Error fetching models for FORMCASTER INC. from NHTSA vPIC: SyntaxError: Unexpected token '<', "<!DOCTYPE "... is not valid JSON
    at JSON.parse (<anonymous>)
    at parseJSONFromBytes (node:internal/deps/undici/undici:5419:19)
    at successSteps (node:internal/deps/undici/undici:5390:27)
    at fullyReadBody (node:internal/deps/undici/undici:1501:9)
    at process.processTicksAndRejections (node:internal/process/task_queues:95:5)
    at async specConsumeBody (node:internal/deps/undici/undici:5399:7)
    at Object.getModelsForMake (C:\Users\tfort\Desktop\Projects\the-pickard\src\lib\nhtsa-vpic-api.ts:78:18)
    at populateModels (C:\Users\tfort\Desktop\Projects\the-pickard\scripts\populate-vehicle-data.ts:175:22)
    at main (C:\Users\tfort\Desktop\Projects\the-pickard\scripts\populate-vehicle-data.ts:353:7)
      Found 0 models
      ✅ Added models for FORMCASTER INC.

   🔍 Fetching models for FORMULA 1 STREET COM...
      Found 2 models
      ✅ Added models for FORMULA 1 STREET COM

   🔍 Fetching models for FORMULA TRAILERS...
      Found 1 models
      ✅ Added models for FORMULA TRAILERS

   🔍 Fetching models for FORREST CITY MANUFACTURING...
      Found 1 models
      ✅ Added models for FORREST CITY MANUFACTURING

   🔍 Fetching models for FORST...
      Found 10 models
      ✅ Added models for FORST

   🔍 Fetching models for FORSYTHE & DOWIS RIDES, INC....
Error fetching models for FORSYTHE & DOWIS RIDES, INC. from NHTSA vPIC: SyntaxError: Unexpected token '<', "<!DOCTYPE "... is not valid JSON
    at JSON.parse (<anonymous>)
    at parseJSONFromBytes (node:internal/deps/undici/undici:5419:19)
    at successSteps (node:internal/deps/undici/undici:5390:27)
    at fullyReadBody (node:internal/deps/undici/undici:1501:9)
    at process.processTicksAndRejections (node:internal/process/task_queues:95:5)
    at async specConsumeBody (node:internal/deps/undici/undici:5399:7)
    at Object.getModelsForMake (C:\Users\tfort\Desktop\Projects\the-pickard\src\lib\nhtsa-vpic-api.ts:78:18)
    at populateModels (C:\Users\tfort\Desktop\Projects\the-pickard\scripts\populate-vehicle-data.ts:175:22)
    at main (C:\Users\tfort\Desktop\Projects\the-pickard\scripts\populate-vehicle-data.ts:353:7)
      Found 0 models
      ✅ Added models for FORSYTHE & DOWIS RIDES, INC.

   🔍 Fetching models for FORT...
      Found 16 models
      ✅ Added models for FORT

   🔍 Fetching models for FORTE...
      Found 2 models
      ✅ Added models for FORTE

   🔍 Fetching models for FORTE BIMETAL...
      Found 1 models
      ✅ Added models for FORTE BIMETAL

   🔍 Fetching models for FORTITUDE MANUFACTURING...
      Found 1 models
      ✅ Added models for FORTITUDE MANUFACTURING

   🔍 Fetching models for FOOD-TRAILERS...
      Found 1 models
      ✅ Added models for FOOD-TRAILERS

   🔍 Fetching models for FOOTHILLS CUSTOM CABIN, LLC...
      Found 1 models
      ✅ Added models for FOOTHILLS CUSTOM CABIN, LLC

   🔍 Fetching models for FORAL COMPANY...
      Found 1 models
      ✅ Added models for FORAL COMPANY

   🔍 Fetching models for FORCE MANUFACTURING...
      Found 2 models
      ✅ Added models for FORCE MANUFACTURING

   🔍 Fetching models for FORD...
      Found 168 models
      ✅ Added models for FORD

   🔍 Fetching models for FORD MOTOR COMPANY OF NEW ZEALAND...
      Found 1 models
      ✅ Added models for FORD MOTOR COMPANY OF NEW ZEALAND

   🔍 Fetching models for FORDS TRAILER SALES...
      Found 1 models
      ✅ Added models for FORDS TRAILER SALES

   🔍 Fetching models for FORECAST...
      Found 1 models
      ✅ Added models for FORECAST

   🔍 Fetching models for FOREIGN EXPORT...
      Found 1 models
      ✅ Added models for FOREIGN EXPORT

   🔍 Fetching models for FOREMOST TRUCK & TRAILER SPECIALISTS...
      Found 1 models
      ✅ Added models for FOREMOST TRUCK & TRAILER SPECIALISTS

   🔍 Fetching models for FORESHEE FLATBED LADDERS AND MANUFACTURING LLC...
      Found 1 models
      ✅ Added models for FORESHEE FLATBED LADDERS AND MANUFACTURING LLC

   🔍 Fetching models for FOREST RIVER...
      Found 361 models
      ✅ Added models for FOREST RIVER

   🔍 Fetching models for FOREST TRAILERS...
      Found 1 models
      ✅ Added models for FOREST TRAILERS

   🔍 Fetching models for FORETRAVEL...
      Found 3 models
      ✅ Added models for FORETRAVEL

   🔍 Fetching models for FOREVER...
      Found 2 models
      ✅ Added models for FOREVER

   🔍 Fetching models for FOREVER CONCESSION TRAILERS LLC...
      Found 1 models
      ✅ Added models for FOREVER CONCESSION TRAILERS LLC

   🔍 Fetching models for FORKS RV...
      Found 1 models
      ✅ Added models for FORKS RV

   🔍 Fetching models for FOX VALLEY METAL TECH, INC...
      Found 1 models
      ✅ Added models for FOX VALLEY METAL TECH, INC

   🔍 Fetching models for FRAKER MANUFACTURING CO....
Error fetching models for FRAKER MANUFACTURING CO. from NHTSA vPIC: SyntaxError: Unexpected token '<', "<!DOCTYPE "... is not valid JSON
    at JSON.parse (<anonymous>)
    at parseJSONFromBytes (node:internal/deps/undici/undici:5419:19)
    at successSteps (node:internal/deps/undici/undici:5390:27)
    at fullyReadBody (node:internal/deps/undici/undici:1501:9)
    at process.processTicksAndRejections (node:internal/process/task_queues:95:5)
    at async specConsumeBody (node:internal/deps/undici/undici:5399:7)
    at Object.getModelsForMake (C:\Users\tfort\Desktop\Projects\the-pickard\src\lib\nhtsa-vpic-api.ts:78:18)
    at populateModels (C:\Users\tfort\Desktop\Projects\the-pickard\scripts\populate-vehicle-data.ts:175:22)
    at main (C:\Users\tfort\Desktop\Projects\the-pickard\scripts\populate-vehicle-data.ts:353:7)
      Found 0 models
      ✅ Added models for FRAKER MANUFACTURING CO.

   🔍 Fetching models for FRALA'S TRAILERS...
      Found 1 models
      ✅ Added models for FRALA'S TRAILERS

   🔍 Fetching models for FRAMTRAC MANUFACTURING CO. LTD...
Error fetching models for FRAMTRAC MANUFACTURING CO. LTD from NHTSA vPIC: SyntaxError: Unexpected token '<', "<!DOCTYPE "... is not valid JSON
    at JSON.parse (<anonymous>)
    at parseJSONFromBytes (node:internal/deps/undici/undici:5419:19)
    at successSteps (node:internal/deps/undici/undici:5390:27)
    at fullyReadBody (node:internal/deps/undici/undici:1501:9)
    at process.processTicksAndRejections (node:internal/process/task_queues:95:5)
    at async specConsumeBody (node:internal/deps/undici/undici:5399:7)
    at Object.getModelsForMake (C:\Users\tfort\Desktop\Projects\the-pickard\src\lib\nhtsa-vpic-api.ts:78:18)
    at populateModels (C:\Users\tfort\Desktop\Projects\the-pickard\scripts\populate-vehicle-data.ts:175:22)
    at main (C:\Users\tfort\Desktop\Projects\the-pickard\scripts\populate-vehicle-data.ts:353:7)
      Found 0 models
      ✅ Added models for FRAMTRAC MANUFACTURING CO. LTD

   🔍 Fetching models for FRANK SIVIGLIA & CO. INC...
Error fetching models for FRANK SIVIGLIA & CO. INC from NHTSA vPIC: SyntaxError: Unexpected token '<', "<!DOCTYPE "... is not valid JSON
    at JSON.parse (<anonymous>)
    at parseJSONFromBytes (node:internal/deps/undici/undici:5419:19)
    at successSteps (node:internal/deps/undici/undici:5390:27)
    at fullyReadBody (node:internal/deps/undici/undici:1501:9)
    at process.processTicksAndRejections (node:internal/process/task_queues:95:5)
    at async specConsumeBody (node:internal/deps/undici/undici:5399:7)
    at Object.getModelsForMake (C:\Users\tfort\Desktop\Projects\the-pickard\src\lib\nhtsa-vpic-api.ts:78:18)
    at populateModels (C:\Users\tfort\Desktop\Projects\the-pickard\scripts\populate-vehicle-data.ts:175:22)
    at main (C:\Users\tfort\Desktop\Projects\the-pickard\scripts\populate-vehicle-data.ts:353:7)
      Found 0 models
      ✅ Added models for FRANK SIVIGLIA & CO. INC

   🔍 Fetching models for FREDY RUIZ MARTINEZ...
      Found 1 models
      ✅ Added models for FREDY RUIZ MARTINEZ

   🔍 Fetching models for FREEDOM TRAILERS, LLC...
      Found 1 models
      ✅ Added models for FREEDOM TRAILERS, LLC

   🔍 Fetching models for FREEMYER INDUSTRIES...
      Found 1 models
      ✅ Added models for FREEMYER INDUSTRIES

   🔍 Fetching models for FORTUNESPORT VES...
      Found 5 models
      ✅ Added models for FORTUNESPORT VES

   🔍 Fetching models for FORZA CO...
      Found 1 models
      ✅ Added models for FORZA CO

   🔍 Fetching models for FOSHAN FOSTI MOTORCYCLE MANUFACTURING CO....
Error fetching models for FOSHAN FOSTI MOTORCYCLE MANUFACTURING CO. from NHTSA vPIC: SyntaxError: Unexpected token '<', "<!DOCTYPE "... is not valid JSON
    at JSON.parse (<anonymous>)
    at parseJSONFromBytes (node:internal/deps/undici/undici:5419:19)
    at successSteps (node:internal/deps/undici/undici:5390:27)
    at fullyReadBody (node:internal/deps/undici/undici:1501:9)
    at process.processTicksAndRejections (node:internal/process/task_queues:95:5)
    at async specConsumeBody (node:internal/deps/undici/undici:5399:7)
    at Object.getModelsForMake (C:\Users\tfort\Desktop\Projects\the-pickard\src\lib\nhtsa-vpic-api.ts:78:18)
    at populateModels (C:\Users\tfort\Desktop\Projects\the-pickard\scripts\populate-vehicle-data.ts:175:22)
    at main (C:\Users\tfort\Desktop\Projects\the-pickard\scripts\populate-vehicle-data.ts:353:7)
      Found 0 models
      ✅ Added models for FOSHAN FOSTI MOTORCYCLE MANUFACTURING CO.

   🔍 Fetching models for FOSHAN NANHAI YIHO HARDWARE ELECTRIC EQUIPMENT CO...
      Found 0 models
      ✅ Added models for FOSHAN NANHAI YIHO HARDWARE ELECTRIC EQUIPMENT CO

   🔍 Fetching models for FOSHAN SHUNDE F1 TRANSPORT ENGINEERING CO., LTD...
Error fetching models for FOSHAN SHUNDE F1 TRANSPORT ENGINEERING CO., LTD from NHTSA vPIC: SyntaxError: Unexpected token '<', "<!DOCTYPE "... is not valid JSON
    at JSON.parse (<anonymous>)
    at parseJSONFromBytes (node:internal/deps/undici/undici:5419:19)
    at successSteps (node:internal/deps/undici/undici:5390:27)
    at fullyReadBody (node:internal/deps/undici/undici:1501:9)
    at process.processTicksAndRejections (node:internal/process/task_queues:95:5)
    at async specConsumeBody (node:internal/deps/undici/undici:5399:7)
    at Object.getModelsForMake (C:\Users\tfort\Desktop\Projects\the-pickard\src\lib\nhtsa-vpic-api.ts:78:18)
    at populateModels (C:\Users\tfort\Desktop\Projects\the-pickard\scripts\populate-vehicle-data.ts:175:22)
    at main (C:\Users\tfort\Desktop\Projects\the-pickard\scripts\populate-vehicle-data.ts:353:7)
      Found 0 models
      ✅ Added models for FOSHAN SHUNDE F1 TRANSPORT ENGINEERING CO., LTD

   🔍 Fetching models for FOSS DEVELOPING...
      Found 1 models
      ✅ Added models for FOSS DEVELOPING

   🔍 Fetching models for FOSTI...
      Found 142 models
      ✅ Added models for FOSTI

   🔍 Fetching models for FOUNDRY MOTO...
      Found 1 models
      ✅ Added models for FOUNDRY MOTO

   🔍 Fetching models for FOUR - W TRAILERS...
      Found 1 models
      ✅ Added models for FOUR - W TRAILERS

   🔍 Fetching models for FOUR DEGREE TRAILER COMPANY...
      Found 1 models
      ✅ Added models for FOUR DEGREE TRAILER COMPANY

   🔍 Fetching models for FOUR HORSEMAN MOTORCYCLE CO LLC...
      Found 1 models
      ✅ Added models for FOUR HORSEMAN MOTORCYCLE CO LLC

   🔍 Fetching models for FOUR MILE FABRICATION LLC...
      Found 1 models
      ✅ Added models for FOUR MILE FABRICATION LLC

   🔍 Fetching models for FOUR SEASONS...
      Found 0 models
      ✅ Added models for FOUR SEASONS

   🔍 Fetching models for FOUR WINDS INTERNATIONAL CORPORATION...
      Found 1 models
      ✅ Added models for FOUR WINDS INTERNATIONAL CORPORATION

   🔍 Fetching models for FOUR WINNS...
      Found 73 models
      ✅ Added models for FOUR WINNS

   🔍 Fetching models for FOURMEN MFG...
      Found 1 models
      ✅ Added models for FOURMEN MFG

   🔍 Fetching models for FOURSTAR TRAILERS...
      Found 1 models
      ✅ Added models for FOURSTAR TRAILERS

   🔍 Fetching models for FOWLER TRAILERS, INC...
      Found 1 models
      ✅ Added models for FOWLER TRAILERS, INC

   🔍 Fetching models for FOWLER WELDING AND REPAIR...
      Found 1 models
      ✅ Added models for FOWLER WELDING AND REPAIR

   🔍 Fetching models for FOX BETTER BUILT TRAILERS...
      Found 1 models
      ✅ Added models for FOX BETTER BUILT TRAILERS

   🔍 Fetching models for FOX FABRICATION INC....
Error fetching models for FOX FABRICATION INC. from NHTSA vPIC: SyntaxError: Unexpected token '<', "<!DOCTYPE "... is not valid JSON
    at JSON.parse (<anonymous>)
    at parseJSONFromBytes (node:internal/deps/undici/undici:5419:19)
    at successSteps (node:internal/deps/undici/undici:5390:27)
    at fullyReadBody (node:internal/deps/undici/undici:1501:9)
    at process.processTicksAndRejections (node:internal/process/task_queues:95:5)
    at async specConsumeBody (node:internal/deps/undici/undici:5399:7)
    at Object.getModelsForMake (C:\Users\tfort\Desktop\Projects\the-pickard\src\lib\nhtsa-vpic-api.ts:78:18)
    at populateModels (C:\Users\tfort\Desktop\Projects\the-pickard\scripts\populate-vehicle-data.ts:175:22)
    at main (C:\Users\tfort\Desktop\Projects\the-pickard\scripts\populate-vehicle-data.ts:353:7)
      Found 0 models
      ✅ Added models for FOX FABRICATION INC.

   🔍 Fetching models for FOX HOLLOW MFG....
Error fetching models for FOX HOLLOW MFG. from NHTSA vPIC: SyntaxError: Unexpected token '<', "<!DOCTYPE "... is not valid JSON
    at JSON.parse (<anonymous>)
    at parseJSONFromBytes (node:internal/deps/undici/undici:5419:19)
    at successSteps (node:internal/deps/undici/undici:5390:27)
    at fullyReadBody (node:internal/deps/undici/undici:1501:9)
    at process.processTicksAndRejections (node:internal/process/task_queues:95:5)
    at async specConsumeBody (node:internal/deps/undici/undici:5399:7)
    at Object.getModelsForMake (C:\Users\tfort\Desktop\Projects\the-pickard\src\lib\nhtsa-vpic-api.ts:78:18)
    at populateModels (C:\Users\tfort\Desktop\Projects\the-pickard\scripts\populate-vehicle-data.ts:175:22)
    at main (C:\Users\tfort\Desktop\Projects\the-pickard\scripts\populate-vehicle-data.ts:353:7)
      Found 0 models
      ✅ Added models for FOX HOLLOW MFG.

   🔍 Fetching models for FOX TEARDROP...
      Found 1 models
      ✅ Added models for FOX TEARDROP

   🔍 Fetching models for FOX TRAILERS...
      Found 1 models
      ✅ Added models for FOX TRAILERS

   🔍 Fetching models for FOX VALLEY ...
Error fetching models for FOX VALLEY  from NHTSA vPIC: SyntaxError: Unexpected token '<', "<!DOCTYPE "... is not valid JSON
    at JSON.parse (<anonymous>)
    at parseJSONFromBytes (node:internal/deps/undici/undici:5419:19)
    at successSteps (node:internal/deps/undici/undici:5390:27)
    at fullyReadBody (node:internal/deps/undici/undici:1501:9)
    at process.processTicksAndRejections (node:internal/process/task_queues:95:5)
    at async specConsumeBody (node:internal/deps/undici/undici:5399:7)
    at Object.getModelsForMake (C:\Users\tfort\Desktop\Projects\the-pickard\src\lib\nhtsa-vpic-api.ts:78:18)
    at populateModels (C:\Users\tfort\Desktop\Projects\the-pickard\scripts\populate-vehicle-data.ts:175:22)
    at main (C:\Users\tfort\Desktop\Projects\the-pickard\scripts\populate-vehicle-data.ts:353:7)
      Found 0 models
      ✅ Added models for FOX VALLEY 

   🔍 Fetching models for FOXWORTH ENTERPRISES...
      Found 1 models
      ✅ Added models for FOXWORTH ENTERPRISES

   🔍 Fetching models for FRACO PRODUCTS LTD...
      Found 1 models
      ✅ Added models for FRACO PRODUCTS LTD

   🔍 Fetching models for FRACTAL...
      Found 1 models
      ✅ Added models for FRACTAL

   🔍 Fetching models for FRAMAR...
      Found 1 models
      ✅ Added models for FRAMAR

   🔍 Fetching models for FRANCIS TRAILER MANUFACTURING INC....
Error fetching models for FRANCIS TRAILER MANUFACTURING INC. from NHTSA vPIC: SyntaxError: Unexpected token '<', "<!DOCTYPE "... is not valid JSON
    at JSON.parse (<anonymous>)
    at parseJSONFromBytes (node:internal/deps/undici/undici:5419:19)
    at successSteps (node:internal/deps/undici/undici:5390:27)
    at fullyReadBody (node:internal/deps/undici/undici:1501:9)
    at process.processTicksAndRejections (node:internal/process/task_queues:95:5)
    at async specConsumeBody (node:internal/deps/undici/undici:5399:7)
    at Object.getModelsForMake (C:\Users\tfort\Desktop\Projects\the-pickard\src\lib\nhtsa-vpic-api.ts:78:18)
    at populateModels (C:\Users\tfort\Desktop\Projects\the-pickard\scripts\populate-vehicle-data.ts:175:22)
    at main (C:\Users\tfort\Desktop\Projects\the-pickard\scripts\populate-vehicle-data.ts:353:7)
      Found 0 models
      ✅ Added models for FRANCIS TRAILER MANUFACTURING INC.

   🔍 Fetching models for FRANKLIN ELECTRIC CO INC...
      Found 1 models
      ✅ Added models for FRANKLIN ELECTRIC CO INC

   🔍 Fetching models for FRANKLIN RETREATS...
      Found 1 models
      ✅ Added models for FRANKLIN RETREATS

   🔍 Fetching models for FRANKO'S CUSTOM CYCLES INC....
Error fetching models for FRANKO'S CUSTOM CYCLES INC. from NHTSA vPIC: SyntaxError: Unexpected token '<', "<!DOCTYPE "... is not valid JSON
    at JSON.parse (<anonymous>)
    at parseJSONFromBytes (node:internal/deps/undici/undici:5419:19)
    at successSteps (node:internal/deps/undici/undici:5390:27)
    at fullyReadBody (node:internal/deps/undici/undici:1501:9)
    at process.processTicksAndRejections (node:internal/process/task_queues:95:5)
    at async specConsumeBody (node:internal/deps/undici/undici:5399:7)
    at Object.getModelsForMake (C:\Users\tfort\Desktop\Projects\the-pickard\src\lib\nhtsa-vpic-api.ts:78:18)
    at populateModels (C:\Users\tfort\Desktop\Projects\the-pickard\scripts\populate-vehicle-data.ts:175:22)
    at main (C:\Users\tfort\Desktop\Projects\the-pickard\scripts\populate-vehicle-data.ts:353:7)
      Found 0 models
      ✅ Added models for FRANKO'S CUSTOM CYCLES INC.

   🔍 Fetching models for FREDERIKSEN ENTERPRISES INC...
      Found 1 models
      ✅ Added models for FREDERIKSEN ENTERPRISES INC

   🔍 Fetching models for FREE DRIVE EV...
      Found 1 models
      ✅ Added models for FREE DRIVE EV

   🔍 Fetching models for FREEBORN CUSTOMS, INC....
Error fetching models for FREEBORN CUSTOMS, INC. from NHTSA vPIC: SyntaxError: Unexpected token '<', "<!DOCTYPE "... is not valid JSON
    at JSON.parse (<anonymous>)
    at parseJSONFromBytes (node:internal/deps/undici/undici:5419:19)
    at successSteps (node:internal/deps/undici/undici:5390:27)
    at fullyReadBody (node:internal/deps/undici/undici:1501:9)
    at process.processTicksAndRejections (node:internal/process/task_queues:95:5)
    at async specConsumeBody (node:internal/deps/undici/undici:5399:7)
    at Object.getModelsForMake (C:\Users\tfort\Desktop\Projects\the-pickard\src\lib\nhtsa-vpic-api.ts:78:18)
    at populateModels (C:\Users\tfort\Desktop\Projects\the-pickard\scripts\populate-vehicle-data.ts:175:22)
    at main (C:\Users\tfort\Desktop\Projects\the-pickard\scripts\populate-vehicle-data.ts:353:7)
      Found 0 models
      ✅ Added models for FREEBORN CUSTOMS, INC.

   🔍 Fetching models for FREEBORN'S CHOP SHOP...
      Found 1 models
      ✅ Added models for FREEBORN'S CHOP SHOP

   🔍 Fetching models for FREEDOM BUILDERS...
      Found 1 models
      ✅ Added models for FREEDOM BUILDERS

   🔍 Fetching models for FREEDOM FABRICATION...
      Found 1 models
      ✅ Added models for FREEDOM FABRICATION

   🔍 Fetching models for FREEDOM MOTOR COMPANY...
      Found 8 models
      ✅ Added models for FREEDOM MOTOR COMPANY

   🔍 Fetching models for FREEDOM MOTORCYCLE COMPANY...
      Found 1 models
      ✅ Added models for FREEDOM MOTORCYCLE COMPANY

   🔍 Fetching models for FREEDOM OUTDOOR PRODUCTS...
      Found 1 models
      ✅ Added models for FREEDOM OUTDOOR PRODUCTS

   🔍 Fetching models for FREEDOM SCOOTERS...
      Found 1 models
      ✅ Added models for FREEDOM SCOOTERS

   🔍 Fetching models for FREEDOM TRAILERS...
      Found 5 models
      ✅ Added models for FREEDOM TRAILERS

   🔍 Fetching models for FREEDOM TRAILERS INC...
      Found 1 models
      ✅ Added models for FREEDOM TRAILERS INC

   🔍 Fetching models for FREEDOM TRAILERS LLC...
      Found 1 models
      ✅ Added models for FREEDOM TRAILERS LLC

   🔍 Fetching models for FREEDOM TRAILERS, INC....
Error fetching models for FREEDOM TRAILERS, INC. from NHTSA vPIC: SyntaxError: Unexpected token '<', "<!DOCTYPE "... is not valid JSON
    at JSON.parse (<anonymous>)
    at parseJSONFromBytes (node:internal/deps/undici/undici:5419:19)
    at successSteps (node:internal/deps/undici/undici:5390:27)
    at fullyReadBody (node:internal/deps/undici/undici:1501:9)
    at process.processTicksAndRejections (node:internal/process/task_queues:95:5)
    at async specConsumeBody (node:internal/deps/undici/undici:5399:7)
    at Object.getModelsForMake (C:\Users\tfort\Desktop\Projects\the-pickard\src\lib\nhtsa-vpic-api.ts:78:18)
    at populateModels (C:\Users\tfort\Desktop\Projects\the-pickard\scripts\populate-vehicle-data.ts:175:22)
    at main (C:\Users\tfort\Desktop\Projects\the-pickard\scripts\populate-vehicle-data.ts:353:7)
      Found 0 models
      ✅ Added models for FREEDOM TRAILERS, INC.

   🔍 Fetching models for FREEMAN CHOPPERS, LLC...
      Found 1 models
      ✅ Added models for FREEMAN CHOPPERS, LLC

   🔍 Fetching models for FREEMAN'S...
      Found 1 models
      ✅ Added models for FREEMAN'S

   🔍 Fetching models for FREEPORT MILLS SIGNWORKS INC...
      Found 1 models
      ✅ Added models for FREEPORT MILLS SIGNWORKS INC

   🔍 Fetching models for FREERANGER...
      Found 1 models
      ✅ Added models for FREERANGER

   🔍 Fetching models for FREESPIRIT RECREATION...
      Found 1 models
      ✅ Added models for FREESPIRIT RECREATION

   🔍 Fetching models for FREIGHTLINER...
      Found 130 models
      ✅ Added models for FREIGHTLINER

   🔍 Fetching models for FRIESEN TRAILERS...
      Found 1 models
      ✅ Added models for FRIESEN TRAILERS

✅ Completed: Added 17131 models

📋 Step 3: Populating year/make/model combinations (2015-2026)...
   ⚠️  Make Ford not found in database, skipping
   ⚠️  Make Chevrolet not found in database, skipping
   ⚠️  Make Toyota not found in database, skipping
   ⚠️  Make Honda not found in database, skipping
   ⚠️  Make Nissan not found in database, skipping
   ⚠️  Make Ram not found in database, skipping

   🔍 Processing GMC (2015-2026)...
      ✅ 2015 - 7 models
      ✅ 2016 - 7 models
      ✅ 2017 - 7 models
      ✅ 2018 - 7 models
      ✅ 2019 - 9 models
      ✅ 2020 - 8 models
      ✅ 2021 - 8 models
      ✅ 2022 - 10 models
      ✅ 2023 - 10 models
      ✅ 2024 - 12 models
      ✅ 2025 - 12 models
      ✅ 2026 - 12 models
   ⚠️  Make Jeep not found in database, skipping
   ⚠️  Make Hyundai not found in database, skipping
   ⚠️  Make Kia not found in database, skipping
   ⚠️  Make Subaru not found in database, skipping

   🔍 Processing BMW (2015-2026)...
      ✅ 2015 - 56 models
      ✅ 2016 - 51 models
      ✅ 2017 - 55 models
      ✅ 2018 - 59 models
      ✅ 2019 - 66 models
      ✅ 2020 - 64 models
      ✅ 2021 - 68 models
      ✅ 2022 - 59 models
      ✅ 2023 - 58 models
      ✅ 2024 - 67 models
      ✅ 2025 - 64 models
      ✅ 2026 - 57 models
   ⚠️  Make Mercedes-Benz not found in database, skipping
   ⚠️  Make Audi not found in database, skipping
   ⚠️  Make Lexus not found in database, skipping

✅ Completed: Added 0 year/make/model combinations


📊 Final Statistics:
===================
Makes Added: 0
Models Added: 17131
Year/Make/Model Combinations: 0
Engines Added: 0
Drive Types Added: 0
Errors: 0

✅ Vehicle data population completed successfully!
